order_id,order_date,customer_id,product_id,quantity,unit_price,discount,sales,profit
O00001,2024-09-02,C0227,P046,1,1026.09,0.0,1026.09,694.53
O00002,2024-07-19,C0173,P024,2,665.45,0.1,1197.81,385.83
O00003,2025-08-25,C0519,P039,6,240.05,0.0,1440.3,-3834.36
O00004,2024-01-24,C0751,P001,6,546.74,0.15,2788.37,-1771.81
O00005,2024-09-14,C0603,P018,3,943.73,0.2,2264.95,1967.17
O00006,2024-07-23,C0511,P058,7,1114.65,0.1,7022.3,6864.31
O00007,2024-07-18,C0738,P035,7,615.36,0.0,4307.52,2625.0
O00008,2024-05-21,C0720,P053,6,858.22,0.1,4634.39,1335.53
O00009,2025-10-28,C0406,P014,6,465.85,0.0,2795.1,-1591.92
O00010,2024-10-03,C0088,P018,6,943.73,0.15,4813.02,4217.46
O00011,2024-11-01,C0508,P059,2,66.68,0.05,126.69,-364.25
O00012,2024-10-08,C0499,P060,5,303.49,0.0,1517.45,985.75
O00013,2025-12-17,C0222,P053,7,858.22,0.0,6007.54,2158.87
O00014,2024-09-04,C0680,P020,2,921.34,0.1,1658.41,567.97
O00015,2024-09-06,C0696,P049,1,603.63,0.15,513.09,468.4
O00016,2024-08-27,C0265,P028,3,586.16,0.05,1670.56,775.75
O00017,2024-08-27,C0382,P051,2,174.29,0.05,331.15,-1018.71
O00018,2024-03-06,C0157,P052,7,1125.55,0.1,7090.96,1993.7
O00019,2025-03-17,C0143,P027,4,1014.33,0.1,3651.59,2000.67
O00020,2024-01-19,C0213,P019,5,46.28,0.1,208.26,-4035.44
O00021,2024-06-14,C0293,P059,7,66.68,0.0,466.76,-1251.53
O00022,2024-05-27,C0219,P028,6,586.16,0.05,3341.11,1551.49
O00023,2024-08-01,C0122,P026,6,39.15,0.15,199.66,-5134.4
O00024,2025-07-07,C0358,P040,7,56.66,0.0,396.62,-1551.13
O00025,2025-03-14,C0499,P057,5,743.47,0.0,3717.35,2875.65
O00026,2025-12-25,C0261,P008,2,635.81,0.0,1271.62,514.08
O00027,2024-09-13,C0427,P060,6,303.49,0.0,1820.94,1182.9
O00028,2025-11-09,C0218,P026,3,39.15,0.1,105.7,-2561.33
O00029,2024-02-02,C0564,P002,3,787.94,0.0,2363.82,-210.63
O00030,2025-01-03,C0519,P019,5,46.28,0.05,219.83,-4023.87
O00031,2025-08-06,C0769,P028,3,586.16,0.0,1758.48,863.67
O00032,2025-01-23,C0043,P041,1,256.22,0.15,217.79,-140.95
O00033,2025-11-13,C0683,P034,7,1165.94,0.1,7345.42,4145.37
O00034,2024-08-17,C0273,P009,4,57.81,0.05,219.68,-815.84
O00035,2024-01-25,C0053,P030,5,81.03,0.1,364.64,-267.96
O00036,2025-07-19,C0552,P014,6,465.85,0.0,2795.1,-1591.92
O00037,2024-02-19,C0138,P017,5,517.11,0.1,2327.0,742.5
O00038,2025-07-13,C0141,P043,5,330.9,0.1,1489.05,-1563.85
O00039,2025-06-20,C0784,P049,6,603.63,0.0,3621.78,3353.64
O00040,2025-09-09,C0177,P010,3,460.99,0.2,1106.38,-564.02
O00041,2024-12-16,C0438,P037,6,1029.46,0.0,6176.76,4624.32
O00042,2025-10-16,C0161,P026,6,39.15,0.05,223.15,-5110.91
O00043,2024-05-04,C0100,P021,2,949.32,0.0,1898.64,1371.68
O00044,2024-11-13,C0001,P043,2,330.9,0.1,595.62,-625.54
O00045,2024-03-30,C0013,P015,7,720.35,0.0,5042.45,1667.82
O00046,2025-07-14,C0380,P046,7,1026.09,0.0,7182.63,4861.71
O00047,2025-06-06,C0348,P025,7,416.82,0.05,2771.85,1787.65
O00048,2025-08-12,C0032,P006,1,358.18,0.2,286.54,234.38
O00049,2025-07-12,C0280,P048,7,424.33,0.0,2970.31,-2707.25
O00050,2024-08-13,C0219,P052,7,1125.55,0.05,7484.91,2387.65
O00051,2024-02-19,C0458,P034,6,1165.94,0.05,6645.86,3902.96
O00052,2025-11-10,C0796,P044,4,431.66,0.1,1553.98,249.42
O00053,2024-12-26,C0554,P009,4,57.81,0.0,231.24,-804.28
O00054,2024-03-09,C0735,P021,4,949.32,0.05,3607.42,2553.5
O00055,2025-11-08,C0154,P021,1,949.32,0.2,759.46,495.98
O00056,2025-12-27,C0173,P046,4,1026.09,0.0,4104.36,2778.12
O00057,2024-11-21,C0601,P022,2,1116.41,0.0,2232.82,1087.22
O00058,2025-07-16,C0249,P044,2,431.66,0.15,733.82,81.54
O00059,2024-01-27,C0680,P019,1,46.28,0.0,46.28,-802.46
O00060,2024-03-09,C0371,P037,4,1029.46,0.0,4117.84,3082.88
O00061,2024-07-21,C0161,P013,1,485.0,0.0,485.0,68.67
O00062,2025-04-24,C0676,P034,6,1165.94,0.1,6296.08,3553.18
O00063,2024-04-07,C0441,P005,7,831.29,0.15,4946.18,3924.95
O00064,2024-01-25,C0643,P045,6,570.48,0.05,3251.74,-635.72
O00065,2025-05-03,C0362,P002,3,787.94,0.05,2245.63,-328.82
O00066,2025-07-17,C0101,P060,2,303.49,0.0,606.98,394.3
O00067,2025-06-24,C0545,P051,4,174.29,0.0,697.16,-2002.56
O00068,2025-08-07,C0100,P035,5,615.36,0.0,3076.8,1875.0
O00069,2025-08-09,C0531,P055,1,212.17,0.0,212.17,-101.8
O00070,2025-03-16,C0334,P049,6,603.63,0.0,3621.78,3353.64
O00071,2025-01-14,C0634,P009,4,57.81,0.1,208.12,-827.4
O00072,2025-09-18,C0697,P045,6,570.48,0.0,3422.88,-464.58
O00073,2024-09-11,C0326,P023,1,69.97,0.0,69.97,-813.12
O00074,2024-03-12,C0706,P052,3,1125.55,0.0,3376.65,1192.11
O00075,2025-07-03,C0089,P052,4,1125.55,0.0,4502.2,1589.48
O00076,2024-07-20,C0086,P058,1,1114.65,0.0,1114.65,1092.08
O00077,2025-12-16,C0795,P028,5,586.16,0.0,2930.8,1439.45
O00078,2024-10-29,C0460,P012,7,312.99,0.0,2190.93,2035.11
O00079,2025-09-14,C0361,P008,4,635.81,0.05,2416.08,901.0
O00080,2024-02-01,C0125,P010,3,460.99,0.1,1244.67,-425.73
O00081,2025-04-26,C0232,P060,5,303.49,0.15,1289.83,758.13
O00082,2024-11-23,C0549,P036,3,548.94,0.1,1482.14,-842.8
O00083,2024-12-04,C0658,P022,3,1116.41,0.05,3181.77,1463.37
O00084,2024-07-12,C0734,P027,6,1014.33,0.15,5173.08,2696.7
O00085,2025-12-10,C0327,P011,5,148.23,0.05,704.09,-2244.36
O00086,2024-10-14,C0364,P035,2,615.36,0.05,1169.18,688.46
O00087,2025-09-13,C0131,P026,3,39.15,0.0,117.45,-2549.58
O00088,2024-11-06,C0067,P048,6,424.33,0.0,2545.98,-2320.5
O00089,2024-02-05,C0351,P002,4,787.94,0.0,3151.76,-280.84
O00090,2025-10-04,C0464,P056,1,649.23,0.0,649.23,177.17
O00091,2024-05-15,C0084,P004,6,187.13,0.1,1010.5,-1662.2
O00092,2024-07-16,C0327,P026,6,39.15,0.0,234.9,-5099.16
O00093,2025-09-21,C0514,P021,2,949.32,0.1,1708.78,1181.82
O00094,2025-10-15,C0649,P044,7,431.66,0.15,2568.38,285.4
O00095,2025-11-01,C0751,P040,7,56.66,0.05,376.79,-1570.96
O00096,2024-11-07,C0273,P012,7,312.99,0.0,2190.93,2035.11
O00097,2025-07-07,C0314,P030,3,81.03,0.0,243.09,-136.47
O00098,2024-08-27,C0700,P033,7,1117.52,0.0,7822.64,5113.29
O00099,2025-06-25,C0555,P028,6,586.16,0.2,2813.57,1023.95
O00100,2025-01-02,C0219,P002,7,787.94,0.1,4964.02,-1043.03
O00101,2024-02-07,C0549,P011,4,148.23,0.1,533.63,-1825.13
O00102,2024-11-01,C0127,P031,2,333.66,0.05,633.95,-1068.89
O00103,2024-12-07,C0360,P016,2,627.86,0.1,1130.15,1071.29
O00104,2024-07-07,C0246,P033,7,1117.52,0.1,7040.38,4331.03
O00105,2024-09-30,C0795,P010,4,460.99,0.0,1843.96,-383.24
O00106,2025-01-02,C0028,P045,7,570.48,0.0,3993.36,-542.01
O00107,2024-02-06,C0686,P012,4,312.99,0.0,1251.96,1162.92
O00108,2024-04-20,C0225,P039,4,240.05,0.05,912.19,-2604.25
O00109,2025-07-14,C0029,P051,1,174.29,0.15,148.15,-526.78
O00110,2024-09-14,C0529,P022,3,1116.41,0.05,3181.77,1463.37
O00111,2025-03-20,C0543,P009,4,57.81,0.05,219.68,-815.84
O00112,2025-02-17,C0114,P001,1,546.74,0.15,464.73,-295.3
O00113,2025-02-06,C0031,P022,2,1116.41,0.0,2232.82,1087.22
O00114,2024-10-29,C0090,P007,5,540.47,0.0,2702.35,2030.3
O00115,2024-12-19,C0328,P053,2,858.22,0.15,1458.97,359.35
O00116,2025-08-25,C0106,P059,5,66.68,0.15,283.39,-943.96
O00117,2025-12-06,C0563,P059,4,66.68,0.1,240.05,-741.83
O00118,2024-07-06,C0063,P056,3,649.23,0.0,1947.69,531.51
O00119,2025-05-04,C0632,P036,1,548.94,0.2,439.15,-335.83
O00120,2025-12-09,C0700,P020,3,921.34,0.1,2487.62,851.96
O00121,2024-01-06,C0574,P027,4,1014.33,0.1,3651.59,2000.67
O00122,2025-07-27,C0756,P016,5,627.86,0.0,3139.3,2992.15
O00123,2024-12-29,C0752,P051,2,174.29,0.05,331.15,-1018.71
O00124,2025-12-08,C0038,P027,1,1014.33,0.1,912.9,500.17
O00125,2025-02-26,C0274,P024,7,665.45,0.15,3959.43,1117.5
O00126,2025-09-04,C0609,P042,7,233.96,0.05,1555.83,-2750.78
O00127,2024-05-01,C0272,P023,7,69.97,0.05,465.3,-5716.33
O00128,2024-04-13,C0590,P022,3,1116.41,0.1,3014.31,1295.91
O00129,2025-11-08,C0620,P014,5,465.85,0.05,2212.79,-1443.06
O00130,2025-01-19,C0798,P005,1,831.29,0.0,831.29,685.4
O00131,2025-02-12,C0264,P003,7,1064.41,0.0,7450.87,6658.82
O00132,2024-05-04,C0279,P025,1,416.82,0.0,416.82,276.22
O00133,2024-06-14,C0020,P060,4,303.49,0.1,1092.56,667.2
O00134,2025-08-21,C0229,P016,6,627.86,0.0,3767.16,3590.58
O00135,2024-08-09,C0225,P039,6,240.05,0.0,1440.3,-3834.36
O00136,2025-03-03,C0363,P020,7,921.34,0.15,5481.97,1665.43
O00137,2024-08-19,C0337,P019,4,46.28,0.1,166.61,-3228.35
O00138,2024-07-11,C0686,P010,1,460.99,0.0,460.99,-95.81
O00139,2024-05-01,C0620,P034,1,1165.94,0.0,1165.94,708.79
O00140,2025-11-10,C0583,P040,2,56.66,0.1,101.99,-454.51
O00141,2025-11-18,C0005,P022,1,1116.41,0.0,1116.41,543.61
O00142,2024-03-25,C0378,P032,4,127.03,0.05,482.71,-1351.77
O00143,2024-09-15,C0584,P029,1,580.35,0.05,551.33,-329.13
O00144,2025-02-16,C0196,P017,2,517.11,0.0,1034.22,400.42
O00145,2024-10-07,C0340,P042,3,233.96,0.1,631.69,-1214.0
O00146,2025-06-11,C0582,P034,6,1165.94,0.0,6995.64,4252.74
O00147,2024-07-09,C0636,P004,5,187.13,0.05,888.87,-1338.38
O00148,2024-02-13,C0684,P030,1,81.03,0.0,81.03,-45.49
O00149,2024-09-03,C0344,P024,7,665.45,0.0,4658.15,1816.22
O00150,2025-03-13,C0320,P048,4,424.33,0.0,1697.32,-1547.0
O00151,2024-05-12,C0307,P019,3,46.28,0.15,118.01,-2428.21
O00152,2025-08-19,C0535,P058,3,1114.65,0.0,3343.95,3276.24
O00153,2024-01-09,C0336,P037,6,1029.46,0.0,6176.76,4624.32
O00154,2024-02-19,C0321,P008,4,635.81,0.0,2543.24,1028.16
O00155,2025-01-06,C0135,P025,2,416.82,0.1,750.28,469.08
O00156,2025-01-09,C0383,P054,3,1191.51,0.0,3574.53,1639.26
O00157,2024-08-03,C0190,P016,1,627.86,0.15,533.68,504.25
O00158,2024-07-08,C0420,P043,2,330.9,0.1,595.62,-625.54
O00159,2024-02-21,C0711,P048,3,424.33,0.05,1209.34,-1223.9
O00160,2025-04-29,C0621,P042,2,233.96,0.1,421.13,-809.33
O00161,2024-10-04,C0383,P006,3,358.18,0.0,1074.54,918.06
O00162,2024-03-27,C0783,P023,1,69.97,0.2,55.98,-827.11
O00163,2024-10-19,C0785,P021,5,949.32,0.2,3797.28,2479.88
O00164,2025-11-15,C0356,P021,1,949.32,0.0,949.32,685.84
O00165,2024-07-09,C0611,P053,2,858.22,0.05,1630.62,531.0
O00166,2025-10-16,C0274,P001,7,546.74,0.0,3827.18,-1493.03
O00167,2024-07-08,C0703,P033,1,1117.52,0.05,1061.64,674.59
O00168,2024-05-15,C0299,P059,2,66.68,0.1,120.02,-370.92
O00169,2024-07-09,C0207,P053,4,858.22,0.15,2917.95,718.71
O00170,2024-08-24,C0108,P037,3,1029.46,0.0,3088.38,2312.16
O00171,2024-03-29,C0675,P060,3,303.49,0.1,819.42,500.4
O00172,2025-03-05,C0238,P025,1,416.82,0.1,375.14,234.54
O00173,2024-08-31,C0651,P037,3,1029.46,0.0,3088.38,2312.16
O00174,2025-06-08,C0070,P033,6,1117.52,0.05,6369.86,4047.56
O00175,2024-12-24,C0401,P003,5,1064.41,0.1,4789.84,4224.09
O00176,2024-11-19,C0343,P003,7,1064.41,0.1,6705.78,5913.73
O00177,2024-12-10,C0352,P054,5,1191.51,0.2,4766.04,1540.59
O00178,2024-04-24,C0134,P011,6,148.23,0.0,889.38,-2648.76
O00179,2025-06-05,C0060,P022,4,1116.41,0.0,4465.64,2174.44
O00180,2024-03-17,C0278,P038,5,646.25,0.0,3231.25,1446.25
O00181,2025-06-11,C0377,P035,5,615.36,0.0,3076.8,1875.0
O00182,2025-12-31,C0635,P031,6,333.66,0.05,1901.86,-3206.66
O00183,2025-07-12,C0370,P059,4,66.68,0.15,226.71,-755.17
O00184,2024-11-28,C0197,P048,3,424.33,0.0,1272.99,-1160.25
O00185,2024-08-17,C0210,P057,1,743.47,0.1,669.12,500.78
O00186,2025-09-29,C0490,P040,7,56.66,0.0,396.62,-1551.13
O00187,2024-07-07,C0349,P059,4,66.68,0.0,266.72,-715.16
O00188,2024-12-18,C0721,P037,6,1029.46,0.1,5559.08,4006.64
O00189,2025-07-17,C0352,P033,5,1117.52,0.1,5028.84,3093.59
O00190,2025-11-05,C0454,P049,1,603.63,0.0,603.63,558.94
O00191,2025-11-04,C0052,P053,5,858.22,0.15,3647.44,898.39
O00192,2024-03-05,C0156,P005,4,831.29,0.05,3158.9,2575.34
O00193,2025-10-18,C0681,P055,2,212.17,0.0,424.34,-203.6
O00194,2024-03-24,C0276,P042,2,233.96,0.05,444.52,-785.94
O00195,2025-03-03,C0337,P054,5,1191.51,0.1,5361.8,2136.35
O00196,2025-11-10,C0473,P043,1,330.9,0.0,330.9,-279.68
O00197,2025-04-23,C0047,P056,5,649.23,0.1,2921.54,561.24
O00198,2025-11-23,C0406,P017,6,517.11,0.05,2947.53,1046.13
O00199,2024-09-08,C0277,P012,1,312.99,0.05,297.34,275.08
O00200,2024-08-18,C0119,P012,1,312.99,0.15,266.04,243.78
O00201,2024-08-26,C0335,P016,1,627.86,0.05,596.47,567.04
O00202,2024-09-16,C0358,P013,6,485.0,0.0,2910.0,412.02
O00203,2025-05-14,C0150,P027,6,1014.33,0.0,6085.98,3609.6
O00204,2024-11-26,C0435,P012,7,312.99,0.0,2190.93,2035.11
O00205,2025-06-23,C0597,P010,1,460.99,0.0,460.99,-95.81
O00206,2024-10-31,C0214,P032,4,127.03,0.0,508.12,-1326.36
O00207,2024-08-12,C0774,P048,1,424.33,0.05,403.11,-407.97
O00208,2024-05-18,C0490,P009,3,57.81,0.0,173.43,-603.21
O00209,2025-02-06,C0619,P031,3,333.66,0.0,1000.98,-1553.28
O00210,2025-10-18,C0057,P040,5,56.66,0.05,269.13,-1122.12
O00211,2025-09-19,C0614,P043,7,330.9,0.0,2316.3,-1957.76
O00212,2024-07-04,C0270,P007,6,540.47,0.05,3080.68,2274.22
O00213,2024-12-15,C0569,P045,1,570.48,0.1,513.43,-134.48
O00214,2025-05-30,C0644,P002,2,787.94,0.0,1575.88,-140.42
O00215,2025-03-23,C0201,P015,2,720.35,0.0,1440.7,476.52
O00216,2024-02-19,C0208,P020,2,921.34,0.05,1750.55,660.11
O00217,2025-03-08,C0048,P052,3,1125.55,0.0,3376.65,1192.11
O00218,2024-01-29,C0485,P012,5,312.99,0.05,1486.7,1375.4
O00219,2024-03-26,C0620,P047,6,272.32,0.1,1470.53,-1643.71
O00220,2025-04-22,C0329,P060,7,303.49,0.05,2018.21,1273.83
O00221,2024-03-15,C0129,P058,5,1114.65,0.0,5573.25,5460.4
O00222,2024-09-04,C0254,P019,3,46.28,0.15,118.01,-2428.21
O00223,2025-03-06,C0323,P006,2,358.18,0.0,716.36,612.04
O00224,2025-04-24,C0733,P014,3,465.85,0.15,1187.92,-1005.59
O00225,2024-11-21,C0100,P047,6,272.32,0.1,1470.53,-1643.71
O00226,2024-03-09,C0275,P012,7,312.99,0.0,2190.93,2035.11
O00227,2025-08-07,C0511,P039,3,240.05,0.0,720.15,-1917.18
O00228,2025-11-25,C0190,P023,2,69.97,0.0,139.94,-1626.24
O00229,2025-10-11,C0708,P047,1,272.32,0.15,231.47,-287.57
O00230,2025-07-01,C0728,P037,1,1029.46,0.0,1029.46,770.72
O00231,2024-10-21,C0305,P036,5,548.94,0.15,2333.0,-1541.9
O00232,2025-10-02,C0597,P047,5,272.32,0.05,1293.52,-1301.68
O00233,2024-12-22,C0605,P058,5,1114.65,0.05,5294.59,5181.74
O00234,2024-04-09,C0546,P022,1,1116.41,0.05,1060.59,487.79
O00235,2025-09-13,C0150,P032,4,127.03,0.0,508.12,-1326.36
O00236,2024-08-22,C0040,P038,2,646.25,0.0,1292.5,578.5
O00237,2025-11-17,C0278,P050,3,301.39,0.15,768.54,407.64
O00238,2024-09-26,C0105,P029,5,580.35,0.0,2901.75,-1500.55
O00239,2025-09-27,C0234,P023,2,69.97,0.15,118.95,-1647.23
O00240,2025-01-27,C0511,P051,5,174.29,0.2,697.16,-2677.49
O00241,2024-12-07,C0472,P058,3,1114.65,0.0,3343.95,3276.24
O00242,2024-08-05,C0168,P035,4,615.36,0.05,2338.37,1376.93
O00243,2025-09-02,C0015,P007,4,540.47,0.0,2161.88,1624.24
O00244,2024-02-14,C0181,P018,3,943.73,0.05,2689.63,2391.85
O00245,2024-12-08,C0364,P028,1,586.16,0.2,468.93,170.66
O00246,2024-09-26,C0624,P043,5,330.9,0.15,1406.32,-1646.58
O00247,2025-02-01,C0293,P041,7,256.22,0.15,1524.51,-986.67
O00248,2024-07-05,C0229,P050,5,301.39,0.0,1506.95,905.45
O00249,2025-04-30,C0442,P002,6,787.94,0.05,4491.26,-657.64
O00250,2024-10-09,C0058,P028,6,586.16,0.0,3516.96,1727.34
O00251,2024-05-17,C0181,P043,1,330.9,0.15,281.26,-329.32
O00252,2024-05-23,C0030,P060,6,303.49,0.0,1820.94,1182.9
O00253,2025-05-24,C0421,P009,2,57.81,0.0,115.62,-402.14
O00254,2024-07-10,C0355,P053,5,858.22,0.0,4291.1,1542.05
O00255,2024-08-12,C0467,P001,7,546.74,0.0,3827.18,-1493.03
O00256,2025-04-03,C0494,P012,7,312.99,0.0,2190.93,2035.11
O00257,2024-08-29,C0317,P051,3,174.29,0.0,522.87,-1501.92
O00258,2024-10-10,C0696,P048,6,424.33,0.15,2164.08,-2702.4
O00259,2024-06-27,C0735,P059,5,66.68,0.1,300.06,-927.29
O00260,2024-09-09,C0089,P037,1,1029.46,0.0,1029.46,770.72
O00261,2025-05-21,C0737,P037,2,1029.46,0.1,1853.03,1335.55
O00262,2025-01-25,C0158,P033,7,1117.52,0.0,7822.64,5113.29
O00263,2025-12-30,C0199,P031,7,333.66,0.1,2102.06,-3857.88
O00264,2025-07-18,C0424,P031,7,333.66,0.0,2335.62,-3624.32
O00265,2024-01-13,C0024,P018,3,943.73,0.05,2689.63,2391.85
O00266,2024-10-03,C0292,P052,3,1125.55,0.0,3376.65,1192.11
O00267,2024-07-30,C0156,P022,6,1116.41,0.0,6698.46,3261.66
O00268,2025-03-05,C0387,P037,1,1029.46,0.05,977.99,719.25
O00269,2024-07-13,C0652,P041,7,256.22,0.1,1614.19,-896.99
O00270,2025-12-07,C0740,P033,5,1117.52,0.1,5028.84,3093.59
O00271,2024-08-06,C0170,P037,5,1029.46,0.0,5147.3,3853.6
O00272,2025-01-16,C0436,P003,4,1064.41,0.05,4044.76,3592.16
O00273,2024-03-30,C0380,P019,7,46.28,0.1,291.56,-5649.62
O00274,2025-10-27,C0333,P027,6,1014.33,0.0,6085.98,3609.6
O00275,2025-10-28,C0507,P024,1,665.45,0.0,665.45,259.46
O00276,2025-08-03,C0792,P055,4,212.17,0.0,848.68,-407.2
O00277,2024-09-14,C0325,P054,7,1191.51,0.0,8340.57,3824.94
O00278,2024-02-12,C0053,P043,1,330.9,0.0,330.9,-279.68
O00279,2025-06-03,C0733,P022,6,1116.41,0.0,6698.46,3261.66
O00280,2024-11-09,C0746,P004,2,187.13,0.05,355.55,-535.35
O00281,2025-12-24,C0258,P046,4,1026.09,0.1,3693.92,2367.68
O00282,2025-05-25,C0402,P054,7,1191.51,0.1,7506.51,2990.88
O00283,2025-01-28,C0691,P030,4,81.03,0.1,291.71,-214.37
O00284,2025-12-22,C0404,P050,1,301.39,0.0,301.39,181.09
O00285,2025-08-08,C0385,P056,1,649.23,0.15,551.85,79.79
O00286,2024-12-01,C0738,P033,6,1117.52,0.1,6034.61,3712.31
O00287,2024-01-14,C0664,P013,7,485.0,0.05,3225.25,310.94
O00288,2024-03-08,C0406,P002,3,787.94,0.0,2363.82,-210.63
O00289,2024-11-20,C0130,P046,7,1026.09,0.05,6823.5,4502.58
O00290,2025-02-14,C0351,P034,4,1165.94,0.05,4430.57,2601.97
O00291,2024-01-23,C0542,P010,1,460.99,0.1,414.89,-141.91
O00292,2024-04-02,C0218,P004,4,187.13,0.1,673.67,-1108.13
O00293,2025-05-29,C0430,P059,7,66.68,0.15,396.75,-1321.54
O00294,2025-07-03,C0528,P020,2,921.34,0.15,1566.28,475.84
O00295,2024-01-22,C0069,P020,7,921.34,0.05,6126.91,2310.37
O00296,2025-01-06,C0456,P038,5,646.25,0.2,2585.0,800.0
O00297,2024-02-29,C0591,P022,3,1116.41,0.15,2846.85,1128.45
O00298,2025-06-12,C0172,P055,5,212.17,0.0,1060.85,-509.0
O00299,2025-09-01,C0439,P041,3,256.22,0.05,730.23,-345.99
O00300,2025-09-27,C0568,P022,1,1116.41,0.0,1116.41,543.61
O00301,2025-03-13,C0036,P016,7,627.86,0.0,4395.02,4189.01
O00302,2025-04-04,C0516,P052,3,1125.55,0.0,3376.65,1192.11
O00303,2025-11-08,C0208,P036,4,548.94,0.05,2085.97,-1013.95
O00304,2025-03-23,C0318,P056,6,649.23,0.0,3895.38,1063.02
O00305,2024-11-22,C0519,P021,1,949.32,0.0,949.32,685.84
O00306,2025-07-05,C0004,P002,6,787.94,0.0,4727.64,-421.26
O00307,2025-03-07,C0014,P054,3,1191.51,0.1,3217.08,1281.81
O00308,2025-09-07,C0358,P015,4,720.35,0.15,2449.19,520.83
O00309,2025-01-18,C0760,P051,4,174.29,0.2,557.73,-2141.99
O00310,2025-09-27,C0005,P043,6,330.9,0.0,1985.4,-1678.08
O00311,2024-02-02,C0632,P014,2,465.85,0.0,931.7,-530.64
O00312,2024-01-27,C0060,P046,1,1026.09,0.15,872.18,540.62
O00313,2024-03-13,C0392,P005,3,831.29,0.0,2493.87,2056.2
O00314,2025-02-10,C0345,P024,1,665.45,0.2,532.36,126.37
O00315,2025-06-02,C0375,P022,2,1116.41,0.1,2009.54,863.94
O00316,2024-06-07,C0066,P040,5,56.66,0.05,269.13,-1122.12
O00317,2024-04-23,C0603,P033,6,1117.52,0.0,6705.12,4382.82
O00318,2025-09-20,C0221,P037,5,1029.46,0.0,5147.3,3853.6
O00319,2025-07-02,C0617,P029,3,580.35,0.05,1654.0,-987.38
O00320,2025-04-18,C0525,P045,6,570.48,0.0,3422.88,-464.58
O00321,2024-12-22,C0442,P010,3,460.99,0.1,1244.67,-425.73
O00322,2024-11-03,C0247,P044,2,431.66,0.05,820.15,167.87
O00323,2024-01-16,C0522,P004,6,187.13,0.0,1122.78,-1549.92
O00324,2024-05-17,C0799,P006,4,358.18,0.0,1432.72,1224.08
O00325,2025-10-17,C0739,P044,3,431.66,0.05,1230.23,251.81
O00326,2024-09-04,C0734,P010,5,460.99,0.0,2304.95,-479.05
O00327,2025-05-30,C0176,P047,6,272.32,0.1,1470.53,-1643.71
O00328,2025-05-29,C0469,P008,2,635.81,0.05,1208.04,450.5
O00329,2024-08-14,C0319,P009,1,57.81,0.1,52.03,-206.85
O00330,2024-05-29,C0774,P056,4,649.23,0.0,2596.92,708.68
O00331,2025-05-20,C0761,P011,1,148.23,0.0,148.23,-441.46
O00332,2024-03-09,C0695,P055,5,212.17,0.1,954.76,-615.09
O00333,2024-12-27,C0131,P021,4,949.32,0.1,3417.55,2363.63
O00334,2025-10-11,C0256,P048,2,424.33,0.1,763.79,-858.37
O00335,2025-06-03,C0570,P057,5,743.47,0.05,3531.48,2689.78
O00336,2025-07-12,C0600,P008,3,635.81,0.15,1621.32,485.01
O00337,2024-03-01,C0281,P020,3,921.34,0.0,2764.02,1128.36
O00338,2024-05-26,C0110,P035,2,615.36,0.0,1230.72,750.0
O00339,2024-07-20,C0110,P052,5,1125.55,0.1,5064.98,1424.08
O00340,2024-08-01,C0548,P012,7,312.99,0.0,2190.93,2035.11
O00341,2024-05-21,C0364,P012,5,312.99,0.1,1408.46,1297.16
O00342,2025-12-11,C0393,P023,2,69.97,0.0,139.94,-1626.24
O00343,2024-04-30,C0653,P013,6,485.0,0.0,2910.0,412.02
O00344,2025-06-01,C0014,P017,1,517.11,0.0,517.11,200.21
O00345,2025-03-04,C0604,P008,3,635.81,0.1,1716.69,580.38
O00346,2025-03-22,C0220,P050,1,301.39,0.1,271.25,150.95
O00347,2024-06-05,C0745,P048,6,424.33,0.0,2545.98,-2320.5
O00348,2024-08-12,C0765,P009,1,57.81,0.0,57.81,-201.07
O00349,2025-03-19,C0402,P033,4,1117.52,0.0,4470.08,2921.88
O00350,2024-08-06,C0253,P039,2,240.05,0.0,480.1,-1278.12
O00351,2025-05-22,C0187,P038,2,646.25,0.1,1163.25,449.25
O00352,2024-01-29,C0146,P060,5,303.49,0.0,1517.45,985.75
O00353,2024-02-23,C0800,P039,6,240.05,0.0,1440.3,-3834.36
O00354,2025-06-16,C0151,P042,1,233.96,0.0,233.96,-381.27
O00355,2025-03-26,C0358,P002,2,787.94,0.05,1497.09,-219.21
O00356,2024-02-01,C0384,P005,3,831.29,0.1,2244.48,1806.81
O00357,2025-10-19,C0544,P038,7,646.25,0.1,4071.38,1572.38
O00358,2024-01-04,C0675,P055,1,212.17,0.05,201.56,-112.41
O00359,2025-11-29,C0447,P024,2,665.45,0.2,1064.72,252.74
O00360,2025-06-17,C0607,P039,3,240.05,0.05,684.14,-1953.19
O00361,2025-12-23,C0454,P013,3,485.0,0.15,1236.75,-12.24
O00362,2025-11-24,C0350,P028,1,586.16,0.05,556.85,258.58
O00363,2024-08-16,C0127,P046,4,1026.09,0.0,4104.36,2778.12
O00364,2025-07-07,C0167,P040,5,56.66,0.1,254.97,-1136.28
O00365,2024-06-03,C0346,P007,2,540.47,0.05,1026.89,758.07
O00366,2024-12-10,C0037,P053,5,858.22,0.1,3861.99,1112.94
O00367,2024-06-24,C0254,P056,1,649.23,0.0,649.23,177.17
O00368,2024-12-21,C0371,P029,6,580.35,0.0,3482.1,-1800.66
O00369,2025-09-29,C0379,P021,2,949.32,0.15,1613.84,1086.88
O00370,2024-11-14,C0652,P032,2,127.03,0.0,254.06,-663.18
O00371,2024-03-08,C0775,P049,2,603.63,0.0,1207.26,1117.88
O00372,2024-08-25,C0584,P028,7,586.16,0.0,4103.12,2015.23
O00373,2025-07-28,C0064,P002,4,787.94,0.05,2994.17,-438.43
O00374,2025-01-16,C0327,P005,5,831.29,0.1,3740.8,3011.35
O00375,2025-02-13,C0584,P049,2,603.63,0.05,1146.9,1057.52
O00376,2024-11-11,C0476,P048,1,424.33,0.15,360.68,-450.4
O00377,2024-08-02,C0367,P047,1,272.32,0.05,258.7,-260.34
O00378,2025-03-13,C0349,P008,4,635.81,0.0,2543.24,1028.16
O00379,2025-04-07,C0325,P011,3,148.23,0.0,444.69,-1324.38
O00380,2025-10-18,C0464,P024,6,665.45,0.0,3992.7,1556.76
O00381,2025-03-27,C0144,P014,6,465.85,0.1,2515.59,-1871.43
O00382,2025-12-28,C0415,P024,3,665.45,0.0,1996.35,778.38
O00383,2025-08-27,C0165,P034,4,1165.94,0.0,4663.76,2835.16
O00384,2024-02-27,C0545,P017,3,517.11,0.15,1318.63,367.93
O00385,2024-10-13,C0692,P008,5,635.81,0.05,3020.1,1126.25
O00386,2024-10-08,C0407,P025,5,416.82,0.0,2084.1,1381.1
O00387,2024-01-03,C0311,P044,5,431.66,0.1,1942.47,311.77
O00388,2024-05-12,C0753,P038,1,646.25,0.05,613.94,256.94
O00389,2025-07-11,C0528,P020,3,921.34,0.15,2349.42,713.76
O00390,2024-09-14,C0343,P019,7,46.28,0.1,291.56,-5649.62
O00391,2024-04-18,C0024,P036,3,548.94,0.0,1646.82,-678.12
O00392,2024-07-29,C0013,P011,2,148.23,0.0,296.46,-882.92
O00393,2024-07-19,C0178,P051,2,174.29,0.0,348.58,-1001.28
O00394,2024-05-07,C0190,P053,1,858.22,0.1,772.4,222.59
O00395,2024-03-14,C0578,P002,6,787.94,0.05,4491.26,-657.64
O00396,2025-07-12,C0401,P059,1,66.68,0.1,60.01,-185.46
O00397,2025-08-25,C0800,P002,5,787.94,0.05,3742.72,-548.03
O00398,2024-12-28,C0433,P028,3,586.16,0.0,1758.48,863.67
O00399,2025-03-25,C0723,P041,1,256.22,0.0,256.22,-102.52
O00400,2025-11-02,C0442,P020,7,921.34,0.0,6449.38,2632.84
O00401,2025-09-07,C0287,P013,6,485.0,0.0,2910.0,412.02
O00402,2024-01-24,C0572,P003,6,1064.41,0.05,6067.14,5388.24
O00403,2025-11-27,C0360,P044,7,431.66,0.15,2568.38,285.4
O00404,2024-02-18,C0220,P003,7,1064.41,0.0,7450.87,6658.82
O00405,2024-01-20,C0379,P030,5,81.03,0.1,364.64,-267.96
O00406,2024-10-21,C0532,P024,4,665.45,0.0,2661.8,1037.84
O00407,2025-06-29,C0301,P059,5,66.68,0.1,300.06,-927.29
O00408,2024-02-28,C0564,P056,4,649.23,0.0,2596.92,708.68
O00409,2024-08-02,C0785,P050,2,301.39,0.1,542.5,301.9
O00410,2024-07-11,C0330,P044,3,431.66,0.0,1294.98,316.56
O00411,2024-10-17,C0237,P033,4,1117.52,0.0,4470.08,2921.88
O00412,2025-12-21,C0322,P021,1,949.32,0.05,901.85,638.37
O00413,2024-08-30,C0671,P010,6,460.99,0.0,2765.94,-574.86
O00414,2024-06-01,C0144,P059,7,66.68,0.05,443.42,-1274.87
O00415,2024-03-30,C0779,P024,3,665.45,0.0,1996.35,778.38
O00416,2024-05-24,C0332,P026,4,39.15,0.2,125.28,-3430.76
O00417,2024-04-07,C0674,P009,6,57.81,0.0,346.86,-1206.42
O00418,2025-02-23,C0630,P017,4,517.11,0.05,1965.02,697.42
O00419,2024-11-03,C0627,P039,5,240.05,0.15,1020.21,-3375.34
O00420,2024-12-30,C0728,P026,4,39.15,0.1,140.94,-3415.1
O00421,2025-08-31,C0148,P036,2,548.94,0.0,1097.88,-452.08
O00422,2025-02-28,C0475,P013,6,485.0,0.05,2764.5,266.52
O00423,2024-04-23,C0080,P005,2,831.29,0.0,1662.58,1370.8
O00424,2024-10-02,C0240,P054,2,1191.51,0.05,2263.87,973.69
O00425,2024-08-16,C0033,P026,5,39.15,0.0,195.75,-4249.3
O00426,2025-08-27,C0546,P022,5,1116.41,0.1,5023.84,2159.84
O00427,2024-08-12,C0487,P018,7,943.73,0.1,5945.5,5250.68
O00428,2024-04-11,C0593,P040,5,56.66,0.0,283.3,-1107.95
O00429,2025-06-22,C0141,P034,1,1165.94,0.0,1165.94,708.79
O00430,2024-11-09,C0266,P024,6,665.45,0.0,3992.7,1556.76
O00431,2024-03-11,C0542,P056,3,649.23,0.05,1850.31,434.13
O00432,2025-05-19,C0662,P055,1,212.17,0.0,212.17,-101.8
O00433,2024-06-02,C0709,P012,5,312.99,0.05,1486.7,1375.4
O00434,2025-09-26,C0059,P039,2,240.05,0.05,456.1,-1302.12
O00435,2025-08-31,C0323,P059,3,66.68,0.15,170.03,-566.38
O00436,2024-09-27,C0009,P030,4,81.03,0.0,324.12,-181.96
O00437,2025-02-10,C0655,P002,1,787.94,0.0,787.94,-70.21
O00438,2025-02-19,C0099,P008,6,635.81,0.0,3814.86,1542.24
O00439,2025-04-22,C0658,P041,4,256.22,0.05,973.64,-461.32
O00440,2024-02-20,C0125,P055,7,212.17,0.0,1485.19,-712.6
O00441,2024-08-25,C0013,P008,4,635.81,0.0,2543.24,1028.16
O00442,2024-05-04,C0704,P033,5,1117.52,0.0,5587.6,3652.35
O00443,2025-05-24,C0352,P030,6,81.03,0.1,437.56,-321.56
O00444,2024-02-20,C0340,P018,2,943.73,0.15,1604.34,1405.82
O00445,2025-01-12,C0518,P038,7,646.25,0.0,4523.75,2024.75
O00446,2025-06-16,C0220,P053,2,858.22,0.0,1716.44,616.82
O00447,2025-11-24,C0553,P015,7,720.35,0.0,5042.45,1667.82
O00448,2024-07-29,C0344,P004,5,187.13,0.0,935.65,-1291.6
O00449,2024-01-06,C0219,P022,4,1116.41,0.2,3572.51,1281.31
O00450,2025-06-13,C0316,P019,2,46.28,0.05,87.93,-1609.55
O00451,2024-01-02,C0005,P044,4,431.66,0.1,1553.98,249.42
O00452,2024-02-18,C0242,P033,4,1117.52,0.15,3799.57,2251.37
O00453,2025-12-25,C0474,P002,7,787.94,0.05,5239.8,-767.25
O00454,2025-09-22,C0111,P021,6,949.32,0.0,5695.92,4115.04
O00455,2025-06-01,C0095,P045,4,570.48,0.05,2167.82,-423.82
O00456,2025-09-02,C0525,P029,3,580.35,0.0,1741.05,-900.33
O00457,2024-02-25,C0343,P034,3,1165.94,0.0,3497.82,2126.37
O00458,2024-03-06,C0110,P016,3,627.86,0.2,1506.86,1418.57
O00459,2024-08-07,C0599,P020,1,921.34,0.0,921.34,376.12
O00460,2024-01-18,C0621,P008,1,635.81,0.05,604.02,225.25
O00461,2025-10-11,C0028,P005,6,831.29,0.0,4987.74,4112.4
O00462,2024-02-11,C0162,P003,2,1064.41,0.0,2128.82,1902.52
O00463,2025-02-01,C0297,P038,3,646.25,0.05,1841.81,770.81
O00464,2025-09-16,C0586,P010,5,460.99,0.1,2074.46,-709.54
O00465,2025-06-21,C0060,P035,5,615.36,0.05,2922.96,1721.16
O00466,2024-06-20,C0645,P058,3,1114.65,0.0,3343.95,3276.24
O00467,2024-12-09,C0256,P042,6,233.96,0.0,1403.76,-2287.62
O00468,2025-02-04,C0101,P035,2,615.36,0.05,1169.18,688.46
O00469,2025-07-15,C0691,P008,4,635.81,0.05,2416.08,901.0
O00470,2024-11-07,C0070,P030,1,81.03,0.1,72.93,-53.59
O00471,2024-07-27,C0104,P054,4,1191.51,0.05,4527.74,1947.38
O00472,2025-08-04,C0760,P024,1,665.45,0.15,565.63,159.64
O00473,2025-10-10,C0416,P050,7,301.39,0.1,1898.76,1056.66
O00474,2024-12-23,C0371,P043,5,330.9,0.0,1654.5,-1398.4
O00475,2024-01-21,C0550,P017,2,517.11,0.05,982.51,348.71
O00476,2024-12-31,C0505,P009,5,57.81,0.1,260.15,-1034.25
O00477,2025-10-12,C0491,P002,3,787.94,0.2,1891.06,-683.39
O00478,2025-12-24,C0019,P017,4,517.11,0.0,2068.44,800.84
O00479,2024-10-20,C0442,P020,2,921.34,0.05,1750.55,660.11
O00480,2024-04-19,C0223,P040,4,56.66,0.0,226.64,-886.36
O00481,2025-02-22,C0647,P035,1,615.36,0.1,553.82,313.46
O00482,2025-08-30,C0405,P029,2,580.35,0.15,986.6,-774.32
O00483,2025-11-21,C0100,P044,5,431.66,0.15,1834.56,203.86
O00484,2024-02-07,C0709,P047,4,272.32,0.0,1089.28,-986.88
O00485,2024-07-31,C0228,P043,3,330.9,0.0,992.7,-839.04
O00486,2024-12-15,C0218,P054,1,1191.51,0.1,1072.36,427.27
O00487,2024-03-12,C0750,P022,3,1116.41,0.05,3181.77,1463.37
O00488,2025-10-09,C0621,P050,7,301.39,0.15,1793.27,951.17
O00489,2024-03-22,C0688,P026,5,39.15,0.0,195.75,-4249.3
O00490,2025-05-01,C0530,P012,1,312.99,0.1,281.69,259.43
O00491,2025-11-02,C0729,P009,7,57.81,0.1,364.2,-1447.96
O00492,2025-05-15,C0093,P006,3,358.18,0.0,1074.54,918.06
O00493,2025-07-11,C0480,P058,5,1114.65,0.0,5573.25,5460.4
O00494,2024-07-11,C0235,P011,1,148.23,0.1,133.41,-456.28
O00495,2025-08-27,C0319,P051,3,174.29,0.0,522.87,-1501.92
O00496,2024-11-01,C0191,P048,6,424.33,0.1,2291.38,-2575.1
O00497,2024-02-14,C0165,P027,3,1014.33,0.05,2890.84,1652.65
O00498,2024-09-24,C0355,P055,2,212.17,0.05,403.12,-224.82
O00499,2024-09-12,C0735,P055,1,212.17,0.0,212.17,-101.8
O00500,2025-01-16,C0509,P056,7,649.23,0.2,3635.69,331.27
O00501,2024-07-12,C0280,P030,6,81.03,0.1,437.56,-321.56
O00502,2024-12-03,C0347,P018,1,943.73,0.1,849.36,750.1
O00503,2024-11-08,C0424,P003,7,1064.41,0.1,6705.78,5913.73
O00504,2024-08-26,C0196,P051,6,174.29,0.05,993.45,-3056.13
O00505,2025-05-23,C0417,P053,3,858.22,0.15,2188.46,539.03
O00506,2024-08-11,C0557,P033,5,1117.52,0.05,5308.22,3372.97
O00507,2025-07-13,C0195,P005,2,831.29,0.05,1579.45,1287.67
O00508,2024-07-02,C0468,P050,2,301.39,0.0,602.78,362.18
O00509,2025-09-24,C0567,P018,6,943.73,0.0,5662.38,5066.82
O00510,2024-09-23,C0416,P033,2,1117.52,0.1,2011.54,1237.44
O00511,2024-01-30,C0234,P040,3,56.66,0.0,169.98,-664.77
O00512,2024-04-19,C0444,P009,3,57.81,0.1,156.09,-620.55
O00513,2025-08-12,C0635,P004,2,187.13,0.2,299.41,-591.49
O00514,2025-09-29,C0178,P005,6,831.29,0.0,4987.74,4112.4
O00515,2024-06-03,C0460,P058,5,1114.65,0.0,5573.25,5460.4
O00516,2025-03-16,C0545,P058,7,1114.65,0.1,7022.3,6864.31
O00517,2025-02-23,C0258,P026,4,39.15,0.0,156.6,-3399.44
O00518,2024-04-07,C0311,P026,2,39.15,0.1,70.47,-1707.55
O00519,2024-11-26,C0712,P025,2,416.82,0.05,791.96,510.76
O00520,2025-05-22,C0291,P022,3,1116.41,0.05,3181.77,1463.37
O00521,2025-12-07,C0479,P033,7,1117.52,0.05,7431.51,4722.16
O00522,2025-09-11,C0120,P022,2,1116.41,0.05,2121.18,975.58
O00523,2024-03-12,C0741,P037,5,1029.46,0.0,5147.3,3853.6
O00524,2024-06-22,C0478,P023,1,69.97,0.0,69.97,-813.12
O00525,2024-11-15,C0609,P038,7,646.25,0.0,4523.75,2024.75
O00526,2024-04-20,C0483,P057,5,743.47,0.15,3159.75,2318.05
O00527,2025-02-21,C0285,P013,4,485.0,0.0,1940.0,274.68
O00528,2024-01-07,C0273,P004,3,187.13,0.0,561.39,-774.96
O00529,2024-03-23,C0561,P032,3,127.03,0.0,381.09,-994.77
O00530,2024-02-04,C0688,P008,2,635.81,0.0,1271.62,514.08
O00531,2024-08-04,C0103,P014,5,465.85,0.0,2329.25,-1326.6
O00532,2025-07-11,C0677,P048,7,424.33,0.1,2673.28,-3004.28
O00533,2024-05-09,C0665,P026,2,39.15,0.0,78.3,-1699.72
O00534,2025-12-22,C0088,P033,6,1117.52,0.1,6034.61,3712.31
O00535,2024-07-16,C0087,P047,4,272.32,0.0,1089.28,-986.88
O00536,2024-02-02,C0557,P008,6,635.81,0.05,3624.12,1351.5
O00537,2024-09-02,C0675,P029,6,580.35,0.0,3482.1,-1800.66
O00538,2025-06-30,C0316,P003,1,1064.41,0.1,957.97,844.82
O00539,2024-03-18,C0513,P030,1,81.03,0.15,68.88,-57.64
O00540,2024-02-22,C0800,P014,7,465.85,0.0,3260.95,-1857.24
O00541,2025-09-12,C0259,P055,2,212.17,0.2,339.47,-288.47
O00542,2025-03-08,C0181,P016,5,627.86,0.0,3139.3,2992.15
O00543,2024-09-07,C0794,P013,6,485.0,0.05,2764.5,266.52
O00544,2025-07-06,C0225,P001,4,546.74,0.1,1968.26,-1071.86
O00545,2025-09-09,C0379,P008,1,635.81,0.0,635.81,257.04
O00546,2024-09-19,C0354,P013,1,485.0,0.0,485.0,68.67
O00547,2025-02-14,C0419,P014,5,465.85,0.0,2329.25,-1326.6
O00548,2024-01-08,C0215,P045,7,570.48,0.1,3594.02,-941.35
O00549,2024-08-11,C0544,P054,3,1191.51,0.0,3574.53,1639.26
O00550,2025-03-11,C0554,P052,4,1125.55,0.15,3826.87,914.15
O00551,2024-05-24,C0161,P058,7,1114.65,0.0,7802.55,7644.56
O00552,2025-12-25,C0385,P054,6,1191.51,0.15,6076.7,2206.16
O00553,2025-12-10,C0046,P028,4,586.16,0.0,2344.64,1151.56
O00554,2024-07-07,C0177,P024,5,665.45,0.05,3160.89,1130.94
O00555,2024-10-16,C0790,P039,7,240.05,0.0,1680.35,-4473.42
O00556,2024-05-18,C0406,P020,6,921.34,0.0,5528.04,2256.72
O00557,2025-01-03,C0499,P037,3,1029.46,0.0,3088.38,2312.16
O00558,2024-03-31,C0712,P060,5,303.49,0.1,1365.71,834.01
O00559,2024-10-12,C0571,P012,3,312.99,0.0,938.97,872.19
O00560,2025-02-09,C0634,P047,7,272.32,0.05,1810.93,-1822.35
O00561,2025-03-23,C0570,P057,1,743.47,0.2,594.78,426.44
O00562,2025-03-12,C0400,P033,2,1117.52,0.0,2235.04,1460.94
O00563,2024-06-10,C0507,P022,3,1116.41,0.0,3349.23,1630.83
O00564,2025-08-02,C0231,P016,2,627.86,0.0,1255.72,1196.86
O00565,2025-05-20,C0713,P011,5,148.23,0.0,741.15,-2207.3
O00566,2025-07-04,C0144,P020,5,921.34,0.05,4376.36,1650.26
O00567,2024-12-08,C0708,P045,7,570.48,0.1,3594.02,-941.35
O00568,2025-10-14,C0703,P031,4,333.66,0.0,1334.64,-2071.04
O00569,2024-10-11,C0114,P014,5,465.85,0.0,2329.25,-1326.6
O00570,2025-08-12,C0569,P033,5,1117.52,0.05,5308.22,3372.97
O00571,2024-05-28,C0792,P049,1,603.63,0.0,603.63,558.94
O00572,2024-06-29,C0458,P001,5,546.74,0.05,2597.02,-1203.13
O00573,2025-01-20,C0273,P002,1,787.94,0.15,669.75,-188.4
O00574,2025-02-10,C0704,P058,4,1114.65,0.0,4458.6,4368.32
O00575,2025-06-29,C0411,P045,7,570.48,0.05,3793.69,-741.68
O00576,2024-08-05,C0098,P035,6,615.36,0.1,3322.94,1880.78
O00577,2025-09-29,C0200,P055,4,212.17,0.1,763.81,-492.07
O00578,2024-08-29,C0546,P036,3,548.94,0.1,1482.14,-842.8
O00579,2025-01-25,C0365,P032,6,127.03,0.1,685.96,-2065.76
O00580,2025-11-12,C0174,P013,7,485.0,0.05,3225.25,310.94
O00581,2025-01-29,C0640,P049,3,603.63,0.05,1720.35,1586.28
O00582,2025-05-13,C0097,P046,1,1026.09,0.1,923.48,591.92
O00583,2025-10-26,C0176,P018,5,943.73,0.1,4246.78,3750.48
O00584,2025-12-13,C0373,P045,5,570.48,0.1,2567.16,-672.39
O00585,2024-12-31,C0032,P044,7,431.66,0.0,3021.62,738.64
O00586,2024-10-31,C0310,P006,7,358.18,0.1,2256.53,1891.41
O00587,2024-05-23,C0728,P010,2,460.99,0.0,921.98,-191.62
O00588,2025-01-27,C0753,P036,2,548.94,0.0,1097.88,-452.08
O00589,2025-11-02,C0698,P038,7,646.25,0.0,4523.75,2024.75
O00590,2024-12-22,C0260,P040,3,56.66,0.0,169.98,-664.77
O00591,2024-09-11,C0052,P023,4,69.97,0.1,251.89,-3280.47
O00592,2024-03-19,C0652,P051,3,174.29,0.0,522.87,-1501.92
O00593,2024-10-11,C0299,P027,3,1014.33,0.1,2738.69,1500.5
O00594,2024-06-22,C0600,P013,4,485.0,0.05,1843.0,177.68
O00595,2025-12-14,C0096,P007,3,540.47,0.0,1621.41,1218.18
O00596,2025-01-20,C0535,P053,3,858.22,0.0,2574.66,925.23
O00597,2024-04-10,C0470,P043,3,330.9,0.05,943.06,-888.68
O00598,2024-02-19,C0737,P028,1,586.16,0.1,527.54,229.27
O00599,2025-09-13,C0082,P013,6,485.0,0.0,2910.0,412.02
O00600,2025-11-11,C0327,P006,7,358.18,0.0,2507.26,2142.14
O00601,2025-07-11,C0792,P010,4,460.99,0.0,1843.96,-383.24
O00602,2024-03-31,C0312,P007,2,540.47,0.0,1080.94,812.12
O00603,2024-03-12,C0527,P032,5,127.03,0.0,635.15,-1657.95
O00604,2024-05-24,C0129,P012,4,312.99,0.2,1001.57,912.53
O00605,2025-07-03,C0583,P008,4,635.81,0.0,2543.24,1028.16
O00606,2025-07-13,C0221,P017,5,517.11,0.0,2585.55,1001.05
O00607,2025-09-04,C0458,P042,6,233.96,0.15,1193.2,-2498.18
O00608,2024-03-11,C0704,P030,1,81.03,0.1,72.93,-53.59
O00609,2024-04-21,C0529,P010,1,460.99,0.0,460.99,-95.81
O00610,2025-10-20,C0380,P045,1,570.48,0.05,541.96,-105.95
O00611,2025-11-09,C0153,P030,2,81.03,0.15,137.75,-115.29
O00612,2025-06-14,C0274,P012,7,312.99,0.0,2190.93,2035.11
O00613,2024-03-18,C0680,P042,6,233.96,0.0,1403.76,-2287.62
O00614,2024-02-20,C0173,P060,5,303.49,0.15,1289.83,758.13
O00615,2024-02-10,C0526,P033,5,1117.52,0.1,5028.84,3093.59
O00616,2025-05-20,C0388,P010,1,460.99,0.2,368.79,-188.01
O00617,2025-09-10,C0257,P019,2,46.28,0.0,92.56,-1604.92
O00618,2025-04-06,C0574,P036,6,548.94,0.15,2799.59,-1850.29
O00619,2024-07-10,C0290,P060,4,303.49,0.0,1213.96,788.6
O00620,2025-07-07,C0230,P056,4,649.23,0.1,2337.23,448.99
O00621,2024-02-13,C0424,P056,6,649.23,0.15,3311.07,478.71
O00622,2025-08-28,C0607,P050,1,301.39,0.0,301.39,181.09
O00623,2025-10-13,C0692,P035,6,615.36,0.0,3692.16,2250.0
O00624,2025-06-09,C0504,P039,5,240.05,0.05,1140.24,-3255.31
O00625,2025-10-04,C0530,P045,3,570.48,0.1,1540.3,-403.43
O00626,2025-03-04,C0631,P043,4,330.9,0.0,1323.6,-1118.72
O00627,2024-12-08,C0216,P039,1,240.05,0.15,204.04,-675.07
O00628,2024-08-23,C0201,P009,2,57.81,0.0,115.62,-402.14
O00629,2025-11-04,C0388,P053,2,858.22,0.0,1716.44,616.82
O00630,2025-05-24,C0505,P001,7,546.74,0.0,3827.18,-1493.03
O00631,2024-05-19,C0517,P026,1,39.15,0.15,33.28,-855.73
O00632,2025-11-30,C0123,P027,3,1014.33,0.0,3042.99,1804.8
O00633,2024-02-13,C0625,P060,1,303.49,0.05,288.32,181.98
O00634,2025-03-05,C0292,P006,2,358.18,0.0,716.36,612.04
O00635,2024-05-19,C0702,P029,1,580.35,0.15,493.3,-387.16
O00636,2025-04-30,C0580,P022,2,1116.41,0.1,2009.54,863.94
O00637,2024-10-28,C0787,P006,6,358.18,0.0,2149.08,1836.12
O00638,2024-11-15,C0506,P014,6,465.85,0.0,2795.1,-1591.92
O00639,2025-05-05,C0422,P026,3,39.15,0.0,117.45,-2549.58
O00640,2025-07-06,C0151,P055,5,212.17,0.0,1060.85,-509.0
O00641,2024-10-04,C0319,P024,5,665.45,0.1,2994.52,964.57
O00642,2025-12-30,C0687,P053,7,858.22,0.05,5707.16,1858.49
O00643,2024-12-30,C0306,P045,6,570.48,0.0,3422.88,-464.58
O00644,2024-04-27,C0043,P050,2,301.39,0.1,542.5,301.9
O00645,2024-01-05,C0197,P052,5,1125.55,0.05,5346.36,1705.46
O00646,2024-05-27,C0477,P043,6,330.9,0.0,1985.4,-1678.08
O00647,2025-05-20,C0504,P045,3,570.48,0.0,1711.44,-232.29
O00648,2025-01-29,C0788,P010,5,460.99,0.0,2304.95,-479.05
O00649,2024-09-03,C0748,P044,3,431.66,0.05,1230.23,251.81
O00650,2024-12-17,C0426,P003,3,1064.41,0.0,3193.23,2853.78
O00651,2025-09-04,C0444,P045,2,570.48,0.05,1083.91,-211.91
O00652,2025-02-21,C0641,P040,1,56.66,0.0,56.66,-221.59
O00653,2024-02-12,C0039,P046,6,1026.09,0.1,5540.89,3551.53
O00654,2024-02-05,C0477,P039,6,240.05,0.0,1440.3,-3834.36
O00655,2024-12-18,C0380,P023,5,69.97,0.05,332.36,-4083.09
O00656,2024-10-22,C0627,P023,2,69.97,0.0,139.94,-1626.24
O00657,2025-09-13,C0641,P036,1,548.94,0.0,548.94,-226.04
O00658,2025-03-02,C0525,P029,5,580.35,0.0,2901.75,-1500.55
O00659,2025-07-07,C0526,P021,2,949.32,0.05,1803.71,1276.75
O00660,2025-03-03,C0553,P030,4,81.03,0.1,291.71,-214.37
O00661,2024-09-09,C0465,P033,7,1117.52,0.0,7822.64,5113.29
O00662,2025-04-25,C0183,P015,1,720.35,0.1,648.32,166.23
O00663,2025-03-30,C0228,P039,5,240.05,0.05,1140.24,-3255.31
O00664,2025-06-10,C0594,P019,7,46.28,0.05,307.76,-5633.42
O00665,2024-05-18,C0495,P017,3,517.11,0.05,1473.76,523.06
O00666,2025-04-13,C0191,P026,6,39.15,0.0,234.9,-5099.16
O00667,2024-07-27,C0703,P007,6,540.47,0.1,2918.54,2112.08
O00668,2025-07-31,C0785,P037,4,1029.46,0.1,3706.06,2671.1
O00669,2025-08-06,C0501,P045,3,570.48,0.1,1540.3,-403.43
O00670,2025-04-01,C0183,P058,5,1114.65,0.0,5573.25,5460.4
O00671,2025-11-23,C0751,P018,5,943.73,0.1,4246.78,3750.48
O00672,2025-01-27,C0190,P033,4,1117.52,0.0,4470.08,2921.88
O00673,2024-01-19,C0346,P031,2,333.66,0.05,633.95,-1068.89
O00674,2025-03-19,C0687,P044,6,431.66,0.0,2589.96,633.12
O00675,2025-07-22,C0417,P038,2,646.25,0.0,1292.5,578.5
O00676,2024-03-14,C0195,P049,1,603.63,0.05,573.45,528.76
O00677,2024-03-17,C0065,P052,1,1125.55,0.15,956.72,228.54
O00678,2024-07-18,C0289,P007,4,540.47,0.0,2161.88,1624.24
O00679,2025-09-09,C0538,P022,1,1116.41,0.05,1060.59,487.79
O00680,2025-01-20,C0572,P040,3,56.66,0.05,161.48,-673.27
O00681,2025-12-14,C0179,P033,2,1117.52,0.15,1899.78,1125.68
O00682,2025-09-30,C0127,P029,4,580.35,0.1,2089.26,-1432.58
O00683,2025-02-09,C0562,P011,6,148.23,0.0,889.38,-2648.76
O00684,2025-05-11,C0128,P035,4,615.36,0.0,2461.44,1500.0
O00685,2024-08-29,C0052,P045,4,570.48,0.05,2167.82,-423.82
O00686,2024-03-07,C0390,P003,2,1064.41,0.0,2128.82,1902.52
O00687,2024-10-18,C0457,P036,1,548.94,0.15,466.6,-308.38
O00688,2025-03-08,C0195,P055,7,212.17,0.15,1262.41,-935.38
O00689,2024-05-13,C0169,P035,5,615.36,0.15,2615.28,1413.48
O00690,2024-06-11,C0189,P058,1,1114.65,0.0,1114.65,1092.08
O00691,2024-01-11,C0275,P022,4,1116.41,0.1,4019.08,1727.88
O00692,2025-06-20,C0008,P001,1,546.74,0.1,492.07,-267.96
O00693,2025-10-19,C0010,P041,1,256.22,0.0,256.22,-102.52
O00694,2025-08-27,C0297,P013,3,485.0,0.0,1455.0,206.01
O00695,2024-10-04,C0016,P001,5,546.74,0.0,2733.7,-1066.45
O00696,2025-03-09,C0255,P011,5,148.23,0.0,741.15,-2207.3
O00697,2025-12-03,C0465,P057,6,743.47,0.2,3568.66,2558.62
O00698,2025-03-08,C0025,P047,2,272.32,0.1,490.18,-547.9
O00699,2024-08-04,C0495,P017,2,517.11,0.0,1034.22,400.42
O00700,2024-09-04,C0497,P036,4,548.94,0.05,2085.97,-1013.95
O00701,2025-06-15,C0459,P021,7,949.32,0.0,6645.24,4800.88
O00702,2024-11-22,C0502,P011,6,148.23,0.0,889.38,-2648.76
O00703,2025-09-04,C0648,P060,5,303.49,0.0,1517.45,985.75
O00704,2025-09-23,C0057,P049,1,603.63,0.05,573.45,528.76
O00705,2024-01-27,C0136,P022,7,1116.41,0.1,7033.38,3023.78
O00706,2025-06-12,C0254,P022,7,1116.41,0.1,7033.38,3023.78
O00707,2024-09-27,C0551,P049,5,603.63,0.15,2565.43,2341.98
O00708,2025-01-14,C0699,P028,3,586.16,0.0,1758.48,863.67
O00709,2024-07-12,C0735,P023,5,69.97,0.1,314.86,-4100.59
O00710,2024-09-26,C0466,P024,5,665.45,0.0,3327.25,1297.3
O00711,2024-08-29,C0329,P027,7,1014.33,0.0,7100.31,4211.2
O00712,2024-02-06,C0330,P032,1,127.03,0.05,120.68,-337.94
O00713,2025-07-26,C0048,P003,4,1064.41,0.0,4257.64,3805.04
O00714,2024-04-14,C0373,P029,5,580.35,0.0,2901.75,-1500.55
O00715,2024-10-01,C0411,P027,3,1014.33,0.0,3042.99,1804.8
O00716,2024-05-21,C0167,P017,6,517.11,0.0,3102.66,1201.26
O00717,2024-04-27,C0615,P022,1,1116.41,0.15,948.95,376.15
O00718,2024-09-29,C0650,P026,1,39.15,0.0,39.15,-849.86
O00719,2025-11-02,C0242,P022,6,1116.41,0.05,6363.54,2926.74
O00720,2025-11-21,C0732,P055,1,212.17,0.2,169.74,-144.23
O00721,2024-10-06,C0086,P032,3,127.03,0.05,362.04,-1013.82
O00722,2025-01-04,C0729,P031,2,333.66,0.0,667.32,-1035.52
O00723,2025-12-21,C0615,P016,5,627.86,0.15,2668.4,2521.25
O00724,2024-06-20,C0180,P055,1,212.17,0.0,212.17,-101.8
O00725,2025-11-21,C0521,P002,3,787.94,0.0,2363.82,-210.63
O00726,2024-03-18,C0249,P034,7,1165.94,0.05,7753.5,4553.45
O00727,2024-06-14,C0640,P011,3,148.23,0.0,444.69,-1324.38
O00728,2024-09-04,C0129,P047,5,272.32,0.1,1225.44,-1369.76
O00729,2024-01-28,C0196,P023,7,69.97,0.0,489.79,-5691.84
O00730,2025-08-19,C0246,P018,5,943.73,0.05,4482.72,3986.42
O00731,2025-09-17,C0160,P004,6,187.13,0.1,1010.5,-1662.2
O00732,2024-10-07,C0267,P048,7,424.33,0.2,2376.25,-3301.31
O00733,2025-09-03,C0483,P024,5,665.45,0.0,3327.25,1297.3
O00734,2025-07-18,C0507,P016,6,627.86,0.0,3767.16,3590.58
O00735,2025-08-08,C0444,P051,4,174.29,0.15,592.59,-2107.13
O00736,2025-08-09,C0152,P002,6,787.94,0.05,4491.26,-657.64
O00737,2025-02-23,C0162,P029,5,580.35,0.0,2901.75,-1500.55
O00738,2024-03-22,C0736,P010,3,460.99,0.0,1382.97,-287.43
O00739,2025-11-06,C0202,P008,4,635.81,0.1,2288.92,773.84
O00740,2025-03-20,C0083,P002,3,787.94,0.05,2245.63,-328.82
O00741,2025-10-20,C0364,P012,3,312.99,0.05,892.02,825.24
O00742,2025-12-02,C0006,P057,3,743.47,0.15,1895.85,1390.83
O00743,2024-05-16,C0275,P027,4,1014.33,0.0,4057.32,2406.4
O00744,2024-10-20,C0684,P060,3,303.49,0.0,910.47,591.45
O00745,2024-05-20,C0214,P017,5,517.11,0.05,2456.27,871.77
O00746,2024-02-07,C0564,P046,3,1026.09,0.15,2616.53,1621.85
O00747,2025-12-07,C0392,P006,4,358.18,0.0,1432.72,1224.08
O00748,2025-11-05,C0285,P007,1,540.47,0.1,486.42,352.01
O00749,2025-11-12,C0530,P001,3,546.74,0.0,1640.22,-639.87
O00750,2025-10-07,C0477,P054,3,1191.51,0.0,3574.53,1639.26
O00751,2025-04-19,C0255,P041,7,256.22,0.15,1524.51,-986.67
O00752,2025-01-16,C0179,P045,4,570.48,0.0,2281.92,-309.72
O00753,2025-12-25,C0734,P056,1,649.23,0.0,649.23,177.17
O00754,2025-02-07,C0135,P020,3,921.34,0.1,2487.62,851.96
O00755,2025-04-14,C0768,P044,6,431.66,0.0,2589.96,633.12
O00756,2024-06-03,C0377,P031,2,333.66,0.0,667.32,-1035.52
O00757,2025-06-29,C0798,P033,2,1117.52,0.1,2011.54,1237.44
O00758,2025-08-22,C0283,P040,3,56.66,0.0,169.98,-664.77
O00759,2025-05-11,C0453,P029,3,580.35,0.1,1566.95,-1074.43
O00760,2024-12-30,C0493,P002,4,787.94,0.0,3151.76,-280.84
O00761,2024-05-24,C0271,P005,1,831.29,0.0,831.29,685.4
O00762,2024-01-25,C0175,P031,6,333.66,0.1,1801.76,-3306.76
O00763,2025-04-03,C0417,P035,2,615.36,0.0,1230.72,750.0
O00764,2025-05-14,C0531,P044,5,431.66,0.15,1834.56,203.86
O00765,2025-07-18,C0210,P035,4,615.36,0.15,2092.22,1130.78
O00766,2025-11-25,C0614,P012,2,312.99,0.1,563.38,518.86
O00767,2024-12-29,C0512,P023,4,69.97,0.0,279.88,-3252.48
O00768,2025-08-29,C0134,P027,1,1014.33,0.0,1014.33,601.6
O00769,2025-06-07,C0751,P060,5,303.49,0.15,1289.83,758.13
O00770,2024-07-21,C0036,P032,3,127.03,0.05,362.04,-1013.82
O00771,2025-09-09,C0523,P039,3,240.05,0.1,648.14,-1989.19
O00772,2024-02-08,C0352,P045,2,570.48,0.1,1026.86,-268.96
O00773,2025-03-13,C0524,P022,3,1116.41,0.0,3349.23,1630.83
O00774,2025-11-18,C0620,P058,3,1114.65,0.0,3343.95,3276.24
O00775,2025-04-26,C0550,P041,2,256.22,0.05,486.82,-230.66
O00776,2025-11-15,C0521,P051,7,174.29,0.05,1159.03,-3565.48
O00777,2024-02-11,C0673,P045,2,570.48,0.0,1140.96,-154.86
O00778,2025-01-24,C0562,P038,2,646.25,0.05,1227.88,513.88
O00779,2025-07-24,C0651,P002,4,787.94,0.1,2836.58,-596.02
O00780,2025-04-14,C0323,P036,3,548.94,0.0,1646.82,-678.12
O00781,2025-10-05,C0163,P008,4,635.81,0.0,2543.24,1028.16
O00782,2024-12-04,C0188,P037,6,1029.46,0.1,5559.08,4006.64
O00783,2025-05-13,C0490,P043,1,330.9,0.1,297.81,-312.77
O00784,2024-11-02,C0426,P033,4,1117.52,0.2,3576.06,2027.86
O00785,2025-09-29,C0062,P019,1,46.28,0.0,46.28,-802.46
O00786,2024-03-28,C0164,P004,1,187.13,0.15,159.06,-286.39
O00787,2024-07-04,C0775,P041,1,256.22,0.1,230.6,-128.14
O00788,2024-03-11,C0581,P042,2,233.96,0.1,421.13,-809.33
O00789,2025-05-28,C0604,P029,3,580.35,0.0,1741.05,-900.33
O00790,2024-06-19,C0158,P043,7,330.9,0.0,2316.3,-1957.76
O00791,2024-08-19,C0052,P047,7,272.32,0.05,1810.93,-1822.35
O00792,2025-09-03,C0234,P031,1,333.66,0.0,333.66,-517.76
O00793,2024-09-20,C0686,P003,7,1064.41,0.0,7450.87,6658.82
O00794,2024-04-16,C0406,P053,5,858.22,0.15,3647.44,898.39
O00795,2024-01-16,C0628,P029,4,580.35,0.0,2321.4,-1200.44
O00796,2024-06-14,C0390,P041,6,256.22,0.15,1306.72,-845.72
O00797,2025-10-30,C0393,P055,4,212.17,0.05,806.25,-449.63
O00798,2025-02-05,C0481,P022,2,1116.41,0.1,2009.54,863.94
O00799,2025-12-28,C0768,P038,4,646.25,0.0,2585.0,1157.0
O00800,2024-06-06,C0350,P002,6,787.94,0.05,4491.26,-657.64
O00801,2024-09-13,C0477,P054,5,1191.51,0.05,5659.67,2434.22
O00802,2024-04-29,C0736,P004,2,187.13,0.15,318.12,-572.78
O00803,2024-10-18,C0298,P033,7,1117.52,0.0,7822.64,5113.29
O00804,2025-02-15,C0672,P022,2,1116.41,0.0,2232.82,1087.22
O00805,2025-08-13,C0429,P003,6,1064.41,0.15,5428.49,4749.59
O00806,2024-09-26,C0704,P028,3,586.16,0.0,1758.48,863.67
O00807,2025-07-17,C0375,P057,1,743.47,0.05,706.3,537.96
O00808,2025-04-02,C0504,P011,7,148.23,0.0,1037.61,-3090.22
O00809,2024-08-01,C0259,P018,5,943.73,0.0,4718.65,4222.35
O00810,2025-10-28,C0509,P012,2,312.99,0.05,594.68,550.16
O00811,2024-11-13,C0261,P008,1,635.81,0.05,604.02,225.25
O00812,2024-04-20,C0488,P014,1,465.85,0.05,442.56,-288.61
O00813,2025-12-04,C0632,P035,2,615.36,0.05,1169.18,688.46
O00814,2025-10-29,C0348,P047,7,272.32,0.1,1715.62,-1917.66
O00815,2024-02-06,C0344,P042,2,233.96,0.2,374.34,-856.12
O00816,2025-10-21,C0258,P047,2,272.32,0.0,544.64,-493.44
O00817,2025-11-23,C0585,P043,6,330.9,0.0,1985.4,-1678.08
O00818,2025-08-29,C0474,P023,7,69.97,0.0,489.79,-5691.84
O00819,2024-07-05,C0414,P055,2,212.17,0.1,381.91,-246.03
O00820,2025-04-06,C0021,P011,5,148.23,0.0,741.15,-2207.3
O00821,2025-01-28,C0089,P042,4,233.96,0.1,842.26,-1618.66
O00822,2025-03-29,C0006,P007,5,540.47,0.0,2702.35,2030.3
O00823,2025-03-26,C0681,P046,3,1026.09,0.05,2924.36,1929.68
O00824,2025-04-12,C0682,P006,6,358.18,0.1,1934.17,1621.21
O00825,2025-01-10,C0055,P013,7,485.0,0.05,3225.25,310.94
O00826,2025-05-19,C0038,P024,6,665.45,0.05,3793.06,1357.12
O00827,2025-01-19,C0626,P042,7,233.96,0.0,1637.72,-2668.89
O00828,2024-01-13,C0420,P003,1,1064.41,0.05,1011.19,898.04
O00829,2024-01-26,C0248,P016,5,627.86,0.0,3139.3,2992.15
O00830,2025-12-01,C0492,P021,7,949.32,0.1,5980.72,4136.36
O00831,2025-10-26,C0190,P044,4,431.66,0.0,1726.64,422.08
O00832,2025-03-04,C0159,P058,7,1114.65,0.0,7802.55,7644.56
O00833,2024-05-07,C0294,P037,3,1029.46,0.0,3088.38,2312.16
O00834,2025-07-25,C0717,P031,7,333.66,0.05,2218.84,-3741.1
O00835,2024-04-14,C0614,P021,7,949.32,0.15,5648.45,3804.09
O00836,2024-10-02,C0153,P050,5,301.39,0.0,1506.95,905.45
O00837,2024-08-29,C0450,P007,5,540.47,0.0,2702.35,2030.3
O00838,2024-01-10,C0708,P008,4,635.81,0.0,2543.24,1028.16
O00839,2025-08-12,C0762,P013,3,485.0,0.2,1164.0,-84.99
O00840,2025-01-07,C0611,P017,4,517.11,0.1,1861.6,594.0
O00841,2024-08-19,C0104,P028,7,586.16,0.0,4103.12,2015.23
O00842,2025-01-05,C0193,P057,1,743.47,0.05,706.3,537.96
O00843,2024-01-01,C0175,P040,2,56.66,0.1,101.99,-454.51
O00844,2024-11-15,C0121,P024,4,665.45,0.1,2395.62,771.66
O00845,2025-01-14,C0141,P013,3,485.0,0.05,1382.25,133.26
O00846,2024-09-05,C0253,P039,5,240.05,0.1,1080.23,-3315.32
O00847,2025-08-30,C0445,P016,3,627.86,0.05,1789.4,1701.11
O00848,2024-07-01,C0319,P059,5,66.68,0.0,333.4,-893.95
O00849,2024-04-10,C0337,P029,1,580.35,0.0,580.35,-300.11
O00850,2025-01-20,C0197,P034,3,1165.94,0.0,3497.82,2126.37
O00851,2025-10-10,C0121,P055,5,212.17,0.0,1060.85,-509.0
O00852,2024-10-01,C0800,P019,4,46.28,0.0,185.12,-3209.84
O00853,2024-02-04,C0480,P029,5,580.35,0.1,2611.58,-1790.72
O00854,2025-12-10,C0184,P032,5,127.03,0.1,571.64,-1721.46
O00855,2024-11-20,C0648,P017,3,517.11,0.0,1551.33,600.63
O00856,2024-05-06,C0665,P004,3,187.13,0.0,561.39,-774.96
O00857,2025-03-26,C0774,P018,7,943.73,0.1,5945.5,5250.68
O00858,2024-08-21,C0128,P007,7,540.47,0.05,3594.13,2653.26
O00859,2025-11-16,C0512,P041,1,256.22,0.0,256.22,-102.52
O00860,2024-08-02,C0785,P001,5,546.74,0.1,2460.33,-1339.82
O00861,2025-02-06,C0646,P019,4,46.28,0.0,185.12,-3209.84
O00862,2025-02-01,C0181,P054,1,1191.51,0.0,1191.51,546.42
O00863,2024-06-26,C0715,P035,5,615.36,0.1,2769.12,1567.32
O00864,2024-12-30,C0338,P041,1,256.22,0.05,243.41,-115.33
O00865,2024-03-20,C0392,P041,3,256.22,0.0,768.66,-307.56
O00866,2025-04-15,C0447,P018,5,943.73,0.1,4246.78,3750.48
O00867,2025-07-08,C0618,P038,6,646.25,0.15,3295.88,1153.88
O00868,2025-11-25,C0097,P014,3,465.85,0.0,1397.55,-795.96
O00869,2024-08-26,C0432,P039,6,240.05,0.05,1368.28,-3906.38
O00870,2024-07-27,C0654,P041,6,256.22,0.0,1537.32,-615.12
O00871,2025-02-05,C0439,P053,4,858.22,0.05,3261.24,1062.0
O00872,2025-05-21,C0220,P056,2,649.23,0.0,1298.46,354.34
O00873,2025-12-26,C0046,P002,5,787.94,0.0,3939.7,-351.05
O00874,2024-01-19,C0440,P018,1,943.73,0.0,943.73,844.47
O00875,2024-06-23,C0563,P033,7,1117.52,0.1,7040.38,4331.03
O00876,2024-07-10,C0440,P020,3,921.34,0.0,2764.02,1128.36
O00877,2024-07-05,C0784,P038,6,646.25,0.15,3295.88,1153.88
O00878,2024-12-04,C0483,P052,6,1125.55,0.0,6753.3,2384.22
O00879,2025-09-30,C0407,P016,4,627.86,0.1,2260.3,2142.58
O00880,2024-01-23,C0045,P054,7,1191.51,0.05,7923.54,3407.91
O00881,2025-08-19,C0447,P053,6,858.22,0.0,5149.32,1850.46
O00882,2025-03-27,C0135,P055,7,212.17,0.1,1336.67,-861.12
O00883,2025-03-25,C0580,P005,1,831.29,0.1,748.16,602.27
O00884,2025-05-10,C0129,P018,4,943.73,0.05,3586.17,3189.13
O00885,2024-03-25,C0726,P008,7,635.81,0.0,4450.67,1799.28
O00886,2025-06-29,C0242,P008,6,635.81,0.05,3624.12,1351.5
O00887,2024-06-30,C0348,P004,4,187.13,0.05,711.09,-1070.71
O00888,2025-01-12,C0116,P027,1,1014.33,0.0,1014.33,601.6
O00889,2025-05-09,C0169,P006,2,358.18,0.1,644.72,540.4
O00890,2025-03-17,C0738,P018,5,943.73,0.0,4718.65,4222.35
O00891,2024-08-24,C0227,P059,5,66.68,0.05,316.73,-910.62
O00892,2024-10-16,C0411,P054,7,1191.51,0.05,7923.54,3407.91
O00893,2024-12-14,C0786,P057,1,743.47,0.2,594.78,426.44
O00894,2024-01-31,C0499,P003,3,1064.41,0.0,3193.23,2853.78
O00895,2025-06-14,C0034,P040,2,56.66,0.0,113.32,-443.18
O00896,2024-03-14,C0286,P039,7,240.05,0.0,1680.35,-4473.42
O00897,2024-12-01,C0310,P008,2,635.81,0.1,1144.46,386.92
O00898,2025-04-23,C0221,P055,2,212.17,0.0,424.34,-203.6
O00899,2024-02-28,C0193,P025,3,416.82,0.0,1250.46,828.66
O00900,2025-12-28,C0403,P059,1,66.68,0.0,66.68,-178.79
O00901,2024-10-02,C0302,P007,5,540.47,0.15,2297.0,1624.95
O00902,2024-01-12,C0236,P040,4,56.66,0.0,226.64,-886.36
O00903,2025-04-26,C0331,P008,4,635.81,0.05,2416.08,901.0
O00904,2025-02-11,C0275,P057,7,743.47,0.0,5204.29,4025.91
O00905,2025-04-13,C0183,P037,4,1029.46,0.0,4117.84,3082.88
O00906,2025-07-02,C0363,P005,3,831.29,0.0,2493.87,2056.2
O00907,2024-12-13,C0754,P013,3,485.0,0.0,1455.0,206.01
O00908,2025-08-27,C0405,P022,6,1116.41,0.05,6363.54,2926.74
O00909,2024-09-27,C0479,P001,4,546.74,0.0,2186.96,-853.16
O00910,2025-02-02,C0788,P001,2,546.74,0.0,1093.48,-426.58
O00911,2024-04-25,C0491,P056,5,649.23,0.0,3246.15,885.85
O00912,2025-03-29,C0179,P059,6,66.68,0.0,400.08,-1072.74
O00913,2024-07-10,C0319,P033,2,1117.52,0.0,2235.04,1460.94
O00914,2025-05-24,C0391,P055,4,212.17,0.0,848.68,-407.2
O00915,2025-08-08,C0380,P040,4,56.66,0.0,226.64,-886.36
O00916,2025-09-19,C0120,P002,2,787.94,0.1,1418.29,-298.01
O00917,2025-11-10,C0085,P043,1,330.9,0.15,281.26,-329.32
O00918,2024-03-30,C0280,P002,6,787.94,0.05,4491.26,-657.64
O00919,2024-04-10,C0732,P049,5,603.63,0.0,3018.15,2794.7
O00920,2025-11-08,C0574,P023,5,69.97,0.2,279.88,-4135.57
O00921,2024-10-05,C0674,P009,3,57.81,0.2,138.74,-637.9
O00922,2024-01-20,C0140,P016,4,627.86,0.05,2385.87,2268.15
O00923,2024-07-28,C0332,P042,7,233.96,0.0,1637.72,-2668.89
O00924,2025-09-03,C0466,P051,2,174.29,0.1,313.72,-1036.14
O00925,2024-09-16,C0348,P035,5,615.36,0.2,2461.44,1259.64
O00926,2024-02-26,C0334,P010,1,460.99,0.1,414.89,-141.91
O00927,2025-06-11,C0288,P055,1,212.17,0.05,201.56,-112.41
O00928,2024-05-22,C0042,P048,7,424.33,0.05,2821.79,-2855.77
O00929,2024-09-14,C0686,P025,1,416.82,0.2,333.46,192.86
O00930,2024-01-03,C0747,P034,5,1165.94,0.0,5829.7,3543.95
O00931,2025-03-16,C0065,P058,4,1114.65,0.0,4458.6,4368.32
O00932,2024-11-21,C0331,P023,6,69.97,0.1,377.84,-4920.7
O00933,2025-09-25,C0415,P002,4,787.94,0.0,3151.76,-280.84
O00934,2024-09-01,C0628,P009,5,57.81,0.0,289.05,-1005.35
O00935,2024-05-29,C0790,P037,7,1029.46,0.0,7206.22,5395.04
O00936,2024-05-01,C0334,P060,6,303.49,0.0,1820.94,1182.9
O00937,2024-05-26,C0600,P045,6,570.48,0.0,3422.88,-464.58
O00938,2024-11-25,C0750,P038,2,646.25,0.05,1227.88,513.88
O00939,2024-03-04,C0665,P020,2,921.34,0.0,1842.68,752.24
O00940,2024-10-21,C0233,P027,4,1014.33,0.05,3854.45,2203.53
O00941,2025-09-16,C0654,P003,5,1064.41,0.0,5322.05,4756.3
O00942,2025-07-15,C0330,P023,5,69.97,0.15,297.37,-4118.08
O00943,2025-04-10,C0015,P038,6,646.25,0.05,3683.62,1541.62
O00944,2025-10-14,C0608,P055,1,212.17,0.2,169.74,-144.23
O00945,2025-07-24,C0669,P056,2,649.23,0.0,1298.46,354.34
O00946,2025-04-22,C0275,P050,2,301.39,0.0,602.78,362.18
O00947,2025-09-22,C0361,P002,4,787.94,0.1,2836.58,-596.02
O00948,2024-03-31,C0292,P049,5,603.63,0.1,2716.34,2492.89
O00949,2025-08-21,C0094,P014,1,465.85,0.0,465.85,-265.32
O00950,2024-08-03,C0796,P037,7,1029.46,0.05,6845.91,5034.73
O00951,2025-06-19,C0019,P057,3,743.47,0.1,2007.37,1502.35
O00952,2025-10-29,C0445,P054,5,1191.51,0.0,5957.55,2732.1
O00953,2024-12-28,C0012,P040,6,56.66,0.05,322.96,-1346.54
O00954,2024-03-05,C0552,P018,1,943.73,0.0,943.73,844.47
O00955,2024-09-27,C0721,P032,7,127.03,0.0,889.21,-2321.13
O00956,2024-10-24,C0515,P043,7,330.9,0.15,1968.85,-2305.21
O00957,2025-11-15,C0485,P031,7,333.66,0.05,2218.84,-3741.1
O00958,2025-11-19,C0663,P025,1,416.82,0.1,375.14,234.54
O00959,2025-02-19,C0780,P025,3,416.82,0.1,1125.41,703.61
O00960,2025-11-25,C0690,P036,2,548.94,0.2,878.3,-671.66
O00961,2024-11-14,C0186,P003,4,1064.41,0.0,4257.64,3805.04
O00962,2024-10-27,C0451,P060,7,303.49,0.0,2124.43,1380.05
O00963,2025-09-03,C0656,P007,6,540.47,0.0,3242.82,2436.36
O00964,2025-05-02,C0236,P060,6,303.49,0.05,1729.89,1091.85
O00965,2025-01-16,C0541,P003,3,1064.41,0.05,3033.57,2694.12
O00966,2024-11-29,C0019,P031,7,333.66,0.1,2102.06,-3857.88
O00967,2025-05-30,C0702,P026,7,39.15,0.0,274.05,-5949.02
O00968,2025-07-04,C0492,P035,6,615.36,0.0,3692.16,2250.0
O00969,2024-12-24,C0595,P027,6,1014.33,0.15,5173.08,2696.7
O00970,2024-01-24,C0661,P054,5,1191.51,0.1,5361.8,2136.35
O00971,2024-03-15,C0176,P001,1,546.74,0.0,546.74,-213.29
O00972,2024-04-15,C0361,P060,2,303.49,0.1,546.28,333.6
O00973,2024-12-03,C0687,P042,6,233.96,0.05,1333.57,-2357.81
O00974,2025-03-24,C0132,P047,3,272.32,0.1,735.26,-821.86
O00975,2025-08-10,C0658,P009,2,57.81,0.0,115.62,-402.14
O00976,2024-06-18,C0231,P004,7,187.13,0.05,1244.41,-1873.74
O00977,2025-07-29,C0461,P024,4,665.45,0.0,2661.8,1037.84
O00978,2025-05-01,C0408,P020,7,921.34,0.0,6449.38,2632.84
O00979,2024-02-07,C0550,P047,2,272.32,0.1,490.18,-547.9
O00980,2024-09-13,C0670,P054,3,1191.51,0.0,3574.53,1639.26
O00981,2024-08-09,C0280,P026,3,39.15,0.0,117.45,-2549.58
O00982,2025-10-10,C0138,P047,3,272.32,0.0,816.96,-740.16
O00983,2025-11-04,C0339,P004,4,187.13,0.0,748.52,-1033.28
O00984,2025-08-21,C0490,P045,3,570.48,0.1,1540.3,-403.43
O00985,2025-01-20,C0601,P006,6,358.18,0.0,2149.08,1836.12
O00986,2024-12-26,C0603,P041,3,256.22,0.1,691.79,-384.43
O00987,2024-08-15,C0272,P023,4,69.97,0.15,237.9,-3294.46
O00988,2025-07-18,C0749,P025,7,416.82,0.0,2917.74,1933.54
O00989,2024-03-04,C0067,P017,4,517.11,0.1,1861.6,594.0
O00990,2024-07-17,C0094,P025,1,416.82,0.0,416.82,276.22
O00991,2024-04-08,C0020,P053,1,858.22,0.0,858.22,308.41
O00992,2024-12-27,C0742,P049,4,603.63,0.0,2414.52,2235.76
O00993,2024-08-07,C0145,P021,5,949.32,0.0,4746.6,3429.2
O00994,2024-05-24,C0482,P018,7,943.73,0.0,6606.11,5911.29
O00995,2024-10-02,C0651,P031,1,333.66,0.0,333.66,-517.76
O00996,2025-09-21,C0614,P042,4,233.96,0.1,842.26,-1618.66
O00997,2025-02-11,C0760,P011,3,148.23,0.05,422.46,-1346.61
O00998,2025-08-24,C0044,P044,4,431.66,0.15,1467.64,163.08
O00999,2025-10-30,C0326,P057,4,743.47,0.05,2825.19,2151.83
O01000,2025-10-21,C0405,P051,3,174.29,0.05,496.73,-1528.06
O01001,2024-09-13,C0557,P033,1,1117.52,0.0,1117.52,730.47
O01002,2025-10-03,C0499,P020,1,921.34,0.05,875.27,330.05
O01003,2025-10-26,C0448,P020,4,921.34,0.0,3685.36,1504.48
O01004,2025-12-02,C0246,P045,2,570.48,0.15,969.82,-326.0
O01005,2024-09-13,C0086,P028,3,586.16,0.15,1494.71,599.9
O01006,2024-06-15,C0346,P007,1,540.47,0.0,540.47,406.06
O01007,2025-03-03,C0208,P041,1,256.22,0.05,243.41,-115.33
O01008,2025-11-12,C0444,P009,1,57.81,0.05,54.92,-203.96
O01009,2025-10-20,C0638,P060,3,303.49,0.05,864.95,545.93
O01010,2025-02-21,C0443,P026,2,39.15,0.0,78.3,-1699.72
O01011,2024-04-19,C0467,P021,2,949.32,0.1,1708.78,1181.82
O01012,2024-11-04,C0034,P004,3,187.13,0.1,505.25,-831.1
O01013,2025-06-06,C0516,P011,3,148.23,0.0,444.69,-1324.38
O01014,2025-02-13,C0352,P057,1,743.47,0.05,706.3,537.96
O01015,2024-09-09,C0099,P033,1,1117.52,0.0,1117.52,730.47
O01016,2024-09-07,C0172,P055,7,212.17,0.15,1262.41,-935.38
O01017,2024-02-13,C0625,P058,5,1114.65,0.0,5573.25,5460.4
O01018,2024-07-29,C0734,P003,1,1064.41,0.0,1064.41,951.26
O01019,2025-05-04,C0407,P023,2,69.97,0.0,139.94,-1626.24
O01020,2024-06-25,C0782,P051,3,174.29,0.1,470.58,-1554.21
O01021,2025-12-27,C0145,P030,7,81.03,0.1,510.49,-375.15
O01022,2024-03-01,C0240,P031,7,333.66,0.0,2335.62,-3624.32
O01023,2025-03-06,C0745,P035,6,615.36,0.0,3692.16,2250.0
O01024,2024-12-28,C0141,P043,1,330.9,0.1,297.81,-312.77
O01025,2025-09-01,C0528,P057,4,743.47,0.0,2973.88,2300.52
O01026,2025-10-10,C0176,P054,4,1191.51,0.0,4766.04,2185.68
O01027,2025-02-01,C0265,P038,5,646.25,0.2,2585.0,800.0
O01028,2025-04-05,C0383,P035,6,615.36,0.0,3692.16,2250.0
O01029,2025-05-25,C0288,P022,3,1116.41,0.05,3181.77,1463.37
O01030,2025-01-15,C0700,P007,4,540.47,0.0,2161.88,1624.24
O01031,2024-05-15,C0779,P043,2,330.9,0.1,595.62,-625.54
O01032,2024-11-09,C0401,P001,2,546.74,0.1,984.13,-535.93
O01033,2024-06-25,C0421,P042,3,233.96,0.0,701.88,-1143.81
O01034,2024-12-05,C0045,P030,6,81.03,0.1,437.56,-321.56
O01035,2025-03-25,C0188,P048,4,424.33,0.15,1442.72,-1801.6
O01036,2024-06-01,C0032,P057,5,743.47,0.1,3345.62,2503.92
O01037,2024-07-01,C0686,P034,5,1165.94,0.0,5829.7,3543.95
O01038,2025-08-24,C0182,P035,3,615.36,0.0,1846.08,1125.0
O01039,2024-10-03,C0273,P030,7,81.03,0.15,482.13,-403.51
O01040,2024-05-25,C0675,P023,1,69.97,0.0,69.97,-813.12
O01041,2025-06-05,C0571,P006,7,358.18,0.0,2507.26,2142.14
O01042,2025-06-07,C0498,P002,1,787.94,0.0,787.94,-70.21
O01043,2025-08-26,C0031,P044,3,431.66,0.1,1165.48,187.06
O01044,2025-07-09,C0451,P055,6,212.17,0.0,1273.02,-610.8
O01045,2025-12-26,C0449,P004,5,187.13,0.0,935.65,-1291.6
O01046,2025-02-24,C0256,P020,3,921.34,0.05,2625.82,990.16
O01047,2024-07-28,C0596,P037,7,1029.46,0.0,7206.22,5395.04
O01048,2025-09-22,C0744,P043,1,330.9,0.0,330.9,-279.68
O01049,2024-07-12,C0208,P045,5,570.48,0.05,2709.78,-529.77
O01050,2024-07-31,C0265,P042,4,233.96,0.0,935.84,-1525.08
O01051,2025-08-28,C0258,P006,2,358.18,0.2,573.09,468.77
O01052,2025-10-06,C0668,P016,7,627.86,0.0,4395.02,4189.01
O01053,2024-09-05,C0063,P029,6,580.35,0.1,3133.89,-2148.87
O01054,2025-06-17,C0717,P004,1,187.13,0.05,177.77,-267.68
O01055,2025-11-05,C0621,P021,1,949.32,0.0,949.32,685.84
O01056,2025-08-06,C0387,P024,1,665.45,0.0,665.45,259.46
O01057,2024-01-04,C0467,P059,3,66.68,0.05,190.04,-546.37
O01058,2025-04-30,C0716,P020,3,921.34,0.0,2764.02,1128.36
O01059,2024-05-04,C0616,P059,6,66.68,0.0,400.08,-1072.74
O01060,2025-09-10,C0222,P043,5,330.9,0.2,1323.6,-1729.3
O01061,2024-02-19,C0041,P042,1,233.96,0.05,222.26,-392.97
O01062,2025-12-26,C0527,P050,4,301.39,0.15,1024.73,543.53
O01063,2024-05-09,C0117,P051,6,174.29,0.0,1045.74,-3003.84
O01064,2024-11-03,C0071,P014,7,465.85,0.0,3260.95,-1857.24
O01065,2024-06-20,C0786,P026,3,39.15,0.05,111.58,-2555.45
O01066,2025-08-17,C0380,P032,1,127.03,0.0,127.03,-331.59
O01067,2024-10-14,C0521,P059,2,66.68,0.0,133.36,-357.58
O01068,2025-06-28,C0174,P003,3,1064.41,0.0,3193.23,2853.78
O01069,2024-02-19,C0082,P029,4,580.35,0.0,2321.4,-1200.44
O01070,2024-11-27,C0051,P013,3,485.0,0.1,1309.5,60.51
O01071,2025-10-27,C0284,P013,1,485.0,0.0,485.0,68.67
O01072,2025-11-08,C0003,P046,3,1026.09,0.2,2462.62,1467.94
O01073,2024-06-01,C0337,P013,3,485.0,0.0,1455.0,206.01
O01074,2024-10-15,C0260,P048,4,424.33,0.0,1697.32,-1547.0
O01075,2024-10-26,C0422,P060,1,303.49,0.0,303.49,197.15
O01076,2025-02-17,C0472,P047,6,272.32,0.05,1552.22,-1562.02
O01077,2025-01-27,C0247,P011,3,148.23,0.15,377.99,-1391.08
O01078,2024-03-18,C0365,P009,3,57.81,0.1,156.09,-620.55
O01079,2025-07-11,C0063,P027,7,1014.33,0.0,7100.31,4211.2
O01080,2024-06-14,C0242,P034,6,1165.94,0.0,6995.64,4252.74
O01081,2024-08-18,C0783,P047,1,272.32,0.1,245.09,-273.95
O01082,2025-09-06,C0793,P026,2,39.15,0.0,78.3,-1699.72
O01083,2025-05-19,C0389,P011,1,148.23,0.05,140.82,-448.87
O01084,2024-10-16,C0752,P060,4,303.49,0.0,1213.96,788.6
O01085,2025-10-29,C0402,P055,3,212.17,0.0,636.51,-305.4
O01086,2024-10-15,C0101,P040,3,56.66,0.0,169.98,-664.77
O01087,2025-02-17,C0695,P042,4,233.96,0.0,935.84,-1525.08
O01088,2024-06-28,C0333,P057,4,743.47,0.15,2527.8,1854.44
O01089,2024-05-13,C0490,P029,1,580.35,0.05,551.33,-329.13
O01090,2024-12-25,C0520,P009,1,57.81,0.15,49.14,-209.74
O01091,2025-02-15,C0247,P037,6,1029.46,0.1,5559.08,4006.64
O01092,2025-08-12,C0587,P028,7,586.16,0.0,4103.12,2015.23
O01093,2024-10-12,C0402,P048,6,424.33,0.05,2418.68,-2447.8
O01094,2025-10-16,C0294,P047,7,272.32,0.0,1906.24,-1727.04
O01095,2025-03-19,C0239,P029,4,580.35,0.1,2089.26,-1432.58
O01096,2024-02-21,C0598,P023,6,69.97,0.0,419.82,-4878.72
O01097,2025-06-24,C0200,P026,7,39.15,0.15,232.94,-5990.13
O01098,2025-02-24,C0100,P038,7,646.25,0.05,4297.56,1798.56
O01099,2024-10-11,C0706,P039,2,240.05,0.05,456.1,-1302.12
O01100,2024-12-07,C0266,P031,2,333.66,0.05,633.95,-1068.89
O01101,2024-08-08,C0513,P032,3,127.03,0.05,362.04,-1013.82
O01102,2025-03-25,C0574,P060,4,303.49,0.1,1092.56,667.2
O01103,2025-02-18,C0671,P016,7,627.86,0.1,3955.52,3749.51
O01104,2024-11-22,C0501,P011,3,148.23,0.0,444.69,-1324.38
O01105,2024-07-27,C0567,P048,6,424.33,0.05,2418.68,-2447.8
O01106,2024-10-18,C0670,P057,7,743.47,0.0,5204.29,4025.91
O01107,2024-12-29,C0755,P037,7,1029.46,0.05,6845.91,5034.73
O01108,2024-12-10,C0038,P025,2,416.82,0.05,791.96,510.76
O01109,2024-08-14,C0595,P021,2,949.32,0.0,1898.64,1371.68
O01110,2025-03-01,C0140,P029,2,580.35,0.1,1044.63,-716.29
O01111,2024-06-14,C0714,P004,6,187.13,0.05,1066.64,-1606.06
O01112,2025-01-01,C0039,P032,5,127.03,0.05,603.39,-1689.71
O01113,2024-03-29,C0198,P017,3,517.11,0.1,1396.2,445.5
O01114,2024-12-11,C0154,P016,1,627.86,0.1,565.07,535.64
O01115,2025-07-27,C0483,P034,4,1165.94,0.1,4197.38,2368.78
O01116,2025-08-20,C0004,P058,6,1114.65,0.0,6687.9,6552.48
O01117,2025-05-22,C0014,P013,4,485.0,0.0,1940.0,274.68
O01118,2025-06-29,C0404,P055,2,212.17,0.1,381.91,-246.03
O01119,2024-02-18,C0778,P032,5,127.03,0.0,635.15,-1657.95
O01120,2024-09-06,C0423,P059,5,66.68,0.0,333.4,-893.95
O01121,2025-04-23,C0357,P023,5,69.97,0.0,349.85,-4065.6
O01122,2025-08-08,C0527,P060,7,303.49,0.0,2124.43,1380.05
O01123,2025-03-02,C0442,P040,3,56.66,0.2,135.98,-698.77
O01124,2025-09-16,C0308,P041,5,256.22,0.0,1281.1,-512.6
O01125,2024-07-18,C0471,P034,6,1165.94,0.0,6995.64,4252.74
O01126,2024-04-22,C0003,P028,2,586.16,0.15,996.47,399.93
O01127,2024-03-04,C0196,P032,2,127.03,0.2,203.25,-713.99
O01128,2025-03-01,C0540,P052,1,1125.55,0.0,1125.55,397.37
O01129,2025-05-01,C0274,P048,3,424.33,0.15,1082.04,-1351.2
O01130,2024-07-27,C0044,P002,1,787.94,0.0,787.94,-70.21
O01131,2025-07-26,C0100,P042,6,233.96,0.1,1263.38,-2428.0
O01132,2025-06-24,C0693,P051,1,174.29,0.0,174.29,-500.64
O01133,2024-09-20,C0264,P045,5,570.48,0.0,2852.4,-387.15
O01134,2024-06-23,C0019,P030,5,81.03,0.0,405.15,-227.45
O01135,2025-06-26,C0584,P021,7,949.32,0.1,5980.72,4136.36
O01136,2025-05-05,C0425,P041,3,256.22,0.0,768.66,-307.56
O01137,2024-05-04,C0362,P040,3,56.66,0.05,161.48,-673.27
O01138,2024-07-05,C0716,P023,2,69.97,0.1,125.95,-1640.23
O01139,2024-12-21,C0251,P025,4,416.82,0.0,1667.28,1104.88
O01140,2025-01-08,C0458,P023,2,69.97,0.15,118.95,-1647.23
O01141,2024-05-01,C0596,P003,1,1064.41,0.0,1064.41,951.26
O01142,2025-11-24,C0487,P002,7,787.94,0.0,5515.58,-491.47
O01143,2024-10-11,C0167,P005,5,831.29,0.0,4156.45,3427.0
O01144,2024-10-05,C0546,P026,1,39.15,0.0,39.15,-849.86
O01145,2024-02-14,C0595,P031,5,333.66,0.0,1668.3,-2588.8
O01146,2025-10-02,C0098,P025,3,416.82,0.05,1187.94,766.14
O01147,2024-06-20,C0133,P058,2,1114.65,0.05,2117.84,2072.7
O01148,2025-12-22,C0540,P014,4,465.85,0.0,1863.4,-1061.28
O01149,2024-12-28,C0096,P024,6,665.45,0.0,3992.7,1556.76
O01150,2025-10-01,C0705,P015,1,720.35,0.1,648.32,166.23
O01151,2024-05-10,C0088,P018,3,943.73,0.0,2831.19,2533.41
O01152,2024-05-01,C0780,P036,7,548.94,0.05,3650.45,-1774.41
O01153,2025-08-08,C0538,P019,3,46.28,0.15,118.01,-2428.21
O01154,2025-08-22,C0355,P020,1,921.34,0.0,921.34,376.12
O01155,2025-02-01,C0215,P041,4,256.22,0.05,973.64,-461.32
O01156,2024-01-24,C0276,P050,5,301.39,0.15,1280.91,679.41
O01157,2025-11-20,C0599,P013,7,485.0,0.05,3225.25,310.94
O01158,2024-10-14,C0603,P007,5,540.47,0.2,2161.88,1489.83
O01159,2025-11-15,C0167,P015,1,720.35,0.0,720.35,238.26
O01160,2025-09-28,C0435,P035,6,615.36,0.05,3507.55,2065.39
O01161,2025-09-14,C0795,P058,6,1114.65,0.0,6687.9,6552.48
O01162,2025-05-18,C0206,P010,5,460.99,0.0,2304.95,-479.05
O01163,2025-05-07,C0555,P003,7,1064.41,0.2,5960.7,5168.65
O01164,2025-01-24,C0138,P032,6,127.03,0.0,762.18,-1989.54
O01165,2024-01-19,C0668,P060,2,303.49,0.2,485.58,272.9
O01166,2024-10-10,C0137,P034,3,1165.94,0.1,3148.04,1776.59
O01167,2025-06-18,C0239,P056,4,649.23,0.15,2207.38,319.14
O01168,2025-08-16,C0368,P039,4,240.05,0.2,768.16,-2748.28
O01169,2025-02-13,C0297,P002,5,787.94,0.05,3742.72,-548.03
O01170,2025-06-02,C0137,P026,5,39.15,0.2,156.6,-4288.45
O01171,2024-01-16,C0513,P047,1,272.32,0.1,245.09,-273.95
O01172,2024-12-08,C0016,P031,4,333.66,0.05,1267.91,-2137.77
O01173,2025-01-06,C0787,P012,1,312.99,0.1,281.69,259.43
O01174,2025-10-14,C0042,P011,4,148.23,0.0,592.92,-1765.84
O01175,2024-08-15,C0268,P040,3,56.66,0.0,169.98,-664.77
O01176,2024-06-17,C0744,P028,2,586.16,0.0,1172.32,575.78
O01177,2024-09-14,C0125,P035,7,615.36,0.0,4307.52,2625.0
O01178,2024-05-04,C0059,P023,2,69.97,0.0,139.94,-1626.24
O01179,2025-02-12,C0596,P021,1,949.32,0.05,901.85,638.37
O01180,2025-04-14,C0059,P040,3,56.66,0.1,152.98,-681.77
O01181,2025-08-08,C0720,P001,6,546.74,0.1,2952.4,-1607.78
O01182,2025-12-11,C0361,P027,1,1014.33,0.15,862.18,449.45
O01183,2024-02-23,C0696,P023,4,69.97,0.2,223.9,-3308.46
O01184,2024-06-29,C0197,P047,3,272.32,0.15,694.42,-862.7
O01185,2024-08-07,C0113,P044,7,431.66,0.05,2870.54,587.56
O01186,2024-07-01,C0771,P026,1,39.15,0.0,39.15,-849.86
O01187,2025-08-27,C0610,P016,1,627.86,0.15,533.68,504.25
O01188,2024-04-11,C0729,P015,4,720.35,0.0,2881.4,953.04
O01189,2024-01-22,C0256,P013,2,485.0,0.0,970.0,137.34
O01190,2025-09-21,C0324,P017,5,517.11,0.0,2585.55,1001.05
O01191,2025-12-03,C0462,P046,2,1026.09,0.05,1949.57,1286.45
O01192,2024-06-14,C0359,P003,4,1064.41,0.1,3831.88,3379.28
O01193,2024-08-31,C0195,P002,1,787.94,0.0,787.94,-70.21
O01194,2025-01-02,C0301,P033,5,1117.52,0.1,5028.84,3093.59
O01195,2025-01-19,C0488,P014,4,465.85,0.0,1863.4,-1061.28
O01196,2025-12-25,C0031,P050,1,301.39,0.0,301.39,181.09
O01197,2024-10-22,C0269,P046,2,1026.09,0.0,2052.18,1389.06
O01198,2024-01-09,C0235,P047,1,272.32,0.0,272.32,-246.72
O01199,2024-11-05,C0057,P028,1,586.16,0.1,527.54,229.27
O01200,2025-02-10,C0099,P027,5,1014.33,0.0,5071.65,3008.0
O01201,2025-01-12,C0397,P026,3,39.15,0.0,117.45,-2549.58
O01202,2025-01-09,C0082,P012,6,312.99,0.0,1877.94,1744.38
O01203,2025-11-05,C0276,P035,2,615.36,0.1,1107.65,626.93
O01204,2025-08-13,C0449,P052,6,1125.55,0.2,5402.64,1033.56
O01205,2024-07-02,C0700,P016,5,627.86,0.1,2825.37,2678.22
O01206,2024-09-16,C0080,P004,5,187.13,0.05,888.87,-1338.38
O01207,2025-05-03,C0348,P034,6,1165.94,0.15,5946.29,3203.39
O01208,2024-10-26,C0083,P024,5,665.45,0.0,3327.25,1297.3
O01209,2024-11-09,C0343,P048,6,424.33,0.0,2545.98,-2320.5
O01210,2024-05-02,C0385,P052,6,1125.55,0.05,6415.63,2046.55
O01211,2024-07-04,C0640,P058,4,1114.65,0.0,4458.6,4368.32
O01212,2025-06-25,C0354,P024,6,665.45,0.05,3793.06,1357.12
O01213,2025-09-08,C0749,P055,6,212.17,0.05,1209.37,-674.45
O01214,2025-07-27,C0111,P008,6,635.81,0.0,3814.86,1542.24
O01215,2024-08-13,C0043,P023,5,69.97,0.05,332.36,-4083.09
O01216,2024-04-09,C0004,P016,1,627.86,0.0,627.86,598.43
O01217,2024-04-26,C0286,P056,4,649.23,0.0,2596.92,708.68
O01218,2024-10-14,C0155,P037,1,1029.46,0.15,875.04,616.3
O01219,2025-01-13,C0074,P022,1,1116.41,0.1,1004.77,431.97
O01220,2025-10-14,C0189,P010,3,460.99,0.0,1382.97,-287.43
O01221,2025-10-19,C0780,P047,4,272.32,0.0,1089.28,-986.88
O01222,2024-01-02,C0641,P040,4,56.66,0.0,226.64,-886.36
O01223,2025-06-01,C0015,P052,7,1125.55,0.0,7878.85,2781.59
O01224,2024-08-06,C0733,P027,6,1014.33,0.0,6085.98,3609.6
O01225,2024-05-24,C0165,P009,3,57.81,0.0,173.43,-603.21
O01226,2025-02-09,C0325,P021,3,949.32,0.1,2563.16,1772.72
O01227,2024-01-25,C0263,P038,5,646.25,0.1,2908.12,1123.12
O01228,2024-09-01,C0325,P015,2,720.35,0.1,1296.63,332.45
O01229,2025-02-07,C0609,P005,7,831.29,0.05,5528.08,4506.85
O01230,2024-07-17,C0570,P050,6,301.39,0.1,1627.51,905.71
O01231,2025-03-09,C0476,P032,5,127.03,0.1,571.64,-1721.46
O01232,2024-12-02,C0502,P024,2,665.45,0.15,1131.27,319.29
O01233,2025-08-07,C0583,P034,5,1165.94,0.1,5246.73,2960.98
O01234,2024-05-12,C0148,P045,6,570.48,0.1,3080.59,-806.87
O01235,2024-02-11,C0317,P001,1,546.74,0.1,492.07,-267.96
O01236,2025-01-22,C0087,P027,2,1014.33,0.05,1927.23,1101.77
O01237,2024-07-06,C0564,P016,4,627.86,0.0,2511.44,2393.72
O01238,2025-05-31,C0351,P006,3,358.18,0.0,1074.54,918.06
O01239,2024-03-09,C0510,P003,5,1064.41,0.0,5322.05,4756.3
O01240,2025-02-24,C0452,P027,3,1014.33,0.0,3042.99,1804.8
O01241,2025-12-24,C0219,P033,7,1117.52,0.0,7822.64,5113.29
O01242,2024-03-09,C0111,P031,3,333.66,0.0,1000.98,-1553.28
O01243,2024-08-08,C0779,P047,3,272.32,0.0,816.96,-740.16
O01244,2025-09-09,C0235,P028,1,586.16,0.2,468.93,170.66
O01245,2025-01-25,C0088,P036,2,548.94,0.0,1097.88,-452.08
O01246,2024-05-07,C0245,P049,2,603.63,0.0,1207.26,1117.88
O01247,2024-06-04,C0722,P040,6,56.66,0.0,339.96,-1329.54
O01248,2025-07-13,C0210,P055,3,212.17,0.0,636.51,-305.4
O01249,2025-09-21,C0790,P014,2,465.85,0.1,838.53,-623.81
O01250,2024-09-20,C0369,P048,3,424.33,0.05,1209.34,-1223.9
O01251,2024-12-12,C0690,P042,4,233.96,0.0,935.84,-1525.08
O01252,2025-07-26,C0523,P035,6,615.36,0.05,3507.55,2065.39
O01253,2024-05-09,C0036,P001,7,546.74,0.0,3827.18,-1493.03
O01254,2024-05-30,C0408,P033,1,1117.52,0.1,1005.77,618.72
O01255,2025-07-20,C0334,P052,6,1125.55,0.15,5740.3,1371.22
O01256,2024-05-16,C0162,P039,3,240.05,0.15,612.13,-2025.2
O01257,2025-07-17,C0440,P001,6,546.74,0.0,3280.44,-1279.74
O01258,2024-12-29,C0083,P018,1,943.73,0.1,849.36,750.1
O01259,2025-12-24,C0559,P035,5,615.36,0.1,2769.12,1567.32
O01260,2024-01-25,C0658,P049,7,603.63,0.15,3591.6,3278.77
O01261,2025-11-22,C0075,P027,1,1014.33,0.0,1014.33,601.6
O01262,2024-06-13,C0384,P052,6,1125.55,0.05,6415.63,2046.55
O01263,2024-01-26,C0525,P048,1,424.33,0.0,424.33,-386.75
O01264,2025-06-13,C0050,P017,7,517.11,0.0,3619.77,1401.47
O01265,2025-01-24,C0312,P012,6,312.99,0.1,1690.15,1556.59
O01266,2025-09-04,C0207,P055,7,212.17,0.0,1485.19,-712.6
O01267,2024-03-20,C0032,P036,7,548.94,0.0,3842.58,-1582.28
O01268,2024-02-29,C0644,P051,3,174.29,0.1,470.58,-1554.21
O01269,2025-02-18,C0356,P056,3,649.23,0.05,1850.31,434.13
O01270,2025-10-06,C0602,P026,5,39.15,0.2,156.6,-4288.45
O01271,2024-10-23,C0470,P003,2,1064.41,0.1,1915.94,1689.64
O01272,2025-08-05,C0701,P055,3,212.17,0.15,541.03,-400.88
O01273,2025-10-24,C0798,P036,1,548.94,0.1,494.05,-280.93
O01274,2025-09-27,C0482,P008,7,635.81,0.0,4450.67,1799.28
O01275,2025-01-06,C0282,P032,2,127.03,0.0,254.06,-663.18
O01276,2025-05-25,C0339,P002,3,787.94,0.15,2009.25,-565.2
O01277,2025-01-19,C0661,P018,4,943.73,0.0,3774.92,3377.88
O01278,2025-05-07,C0342,P021,3,949.32,0.0,2847.96,2057.52
O01279,2025-02-18,C0416,P028,6,586.16,0.05,3341.11,1551.49
O01280,2025-01-18,C0156,P034,7,1165.94,0.0,8161.58,4961.53
O01281,2024-11-15,C0793,P051,5,174.29,0.0,871.45,-2503.2
O01282,2025-04-22,C0521,P022,6,1116.41,0.05,6363.54,2926.74
O01283,2025-07-03,C0265,P045,1,570.48,0.0,570.48,-77.43
O01284,2025-11-02,C0469,P057,7,743.47,0.1,4683.86,3505.48
O01285,2025-03-24,C0321,P045,1,570.48,0.0,570.48,-77.43
O01286,2024-03-14,C0124,P016,1,627.86,0.05,596.47,567.04
O01287,2025-03-05,C0700,P041,1,256.22,0.0,256.22,-102.52
O01288,2024-08-18,C0709,P017,2,517.11,0.05,982.51,348.71
O01289,2024-01-20,C0668,P029,6,580.35,0.0,3482.1,-1800.66
O01290,2024-02-22,C0295,P039,3,240.05,0.0,720.15,-1917.18
O01291,2025-03-08,C0206,P018,6,943.73,0.1,5096.14,4500.58
O01292,2025-11-21,C0040,P001,3,546.74,0.0,1640.22,-639.87
O01293,2025-01-04,C0586,P051,1,174.29,0.1,156.86,-518.07
O01294,2024-11-21,C0263,P044,4,431.66,0.0,1726.64,422.08
O01295,2024-03-05,C0714,P008,2,635.81,0.0,1271.62,514.08
O01296,2025-05-08,C0696,P023,3,69.97,0.0,209.91,-2439.36
O01297,2024-02-10,C0103,P016,4,627.86,0.15,2134.72,2017.0
O01298,2025-09-06,C0734,P059,6,66.68,0.0,400.08,-1072.74
O01299,2025-08-19,C0113,P057,5,743.47,0.0,3717.35,2875.65
O01300,2025-12-25,C0393,P042,2,233.96,0.05,444.52,-785.94
O01301,2024-07-26,C0380,P027,6,1014.33,0.0,6085.98,3609.6
O01302,2024-04-28,C0766,P004,5,187.13,0.1,842.08,-1385.17
O01303,2024-08-06,C0526,P015,2,720.35,0.2,1152.56,188.38
O01304,2025-08-07,C0701,P006,6,358.18,0.05,2041.63,1728.67
O01305,2024-06-08,C0477,P048,6,424.33,0.05,2418.68,-2447.8
O01306,2025-10-10,C0661,P006,5,358.18,0.0,1790.9,1530.1
O01307,2024-04-22,C0682,P041,3,256.22,0.2,614.93,-461.29
O01308,2024-02-05,C0688,P058,3,1114.65,0.05,3176.75,3109.04
O01309,2024-06-09,C0330,P019,4,46.28,0.0,185.12,-3209.84
O01310,2025-07-05,C0306,P042,2,233.96,0.2,374.34,-856.12
O01311,2025-03-16,C0788,P053,3,858.22,0.2,2059.73,410.3
O01312,2024-09-16,C0606,P026,1,39.15,0.0,39.15,-849.86
O01313,2025-04-24,C0734,P027,2,1014.33,0.0,2028.66,1203.2
O01314,2025-04-19,C0462,P013,6,485.0,0.1,2619.0,121.02
O01315,2025-02-09,C0744,P026,1,39.15,0.1,35.24,-853.77
O01316,2025-01-10,C0576,P053,4,858.22,0.05,3261.24,1062.0
O01317,2024-03-15,C0595,P040,4,56.66,0.0,226.64,-886.36
O01318,2024-07-08,C0143,P013,1,485.0,0.0,485.0,68.67
O01319,2025-01-20,C0454,P032,6,127.03,0.0,762.18,-1989.54
O01320,2024-04-08,C0586,P043,7,330.9,0.0,2316.3,-1957.76
O01321,2024-12-13,C0609,P005,5,831.29,0.1,3740.8,3011.35
O01322,2024-03-26,C0767,P046,5,1026.09,0.0,5130.45,3472.65
O01323,2025-07-29,C0262,P013,2,485.0,0.0,970.0,137.34
O01324,2024-03-16,C0243,P018,6,943.73,0.1,5096.14,4500.58
O01325,2024-03-08,C0776,P025,6,416.82,0.0,2500.92,1657.32
O01326,2025-04-11,C0789,P031,4,333.66,0.0,1334.64,-2071.04
O01327,2024-06-10,C0144,P055,5,212.17,0.15,901.72,-668.13
O01328,2024-09-13,C0303,P014,7,465.85,0.0,3260.95,-1857.24
O01329,2024-08-17,C0759,P016,5,627.86,0.15,2668.4,2521.25
O01330,2024-06-07,C0160,P023,2,69.97,0.0,139.94,-1626.24
O01331,2025-07-10,C0627,P052,3,1125.55,0.0,3376.65,1192.11
O01332,2025-05-20,C0090,P058,2,1114.65,0.05,2117.84,2072.7
O01333,2024-06-23,C0143,P028,3,586.16,0.0,1758.48,863.67
O01334,2025-05-17,C0628,P042,7,233.96,0.05,1555.83,-2750.78
O01335,2025-06-05,C0486,P056,2,649.23,0.0,1298.46,354.34
O01336,2025-01-29,C0444,P051,7,174.29,0.05,1159.03,-3565.48
O01337,2025-02-26,C0686,P041,2,256.22,0.0,512.44,-205.04
O01338,2025-11-14,C0246,P033,4,1117.52,0.1,4023.07,2474.87
O01339,2024-11-27,C0403,P060,4,303.49,0.05,1153.26,727.9
O01340,2024-10-08,C0487,P015,1,720.35,0.05,684.33,202.24
O01341,2025-01-29,C0592,P022,2,1116.41,0.0,2232.82,1087.22
O01342,2025-09-03,C0266,P043,3,330.9,0.05,943.06,-888.68
O01343,2025-06-02,C0507,P002,1,787.94,0.05,748.54,-109.61
O01344,2024-02-24,C0359,P031,6,333.66,0.0,2001.96,-3106.56
O01345,2024-12-01,C0434,P052,4,1125.55,0.1,4051.98,1139.26
O01346,2025-06-24,C0691,P011,6,148.23,0.0,889.38,-2648.76
O01347,2024-06-12,C0315,P049,7,603.63,0.0,4225.41,3912.58
O01348,2025-12-23,C0535,P025,3,416.82,0.1,1125.41,703.61
O01349,2025-08-13,C0754,P052,6,1125.55,0.0,6753.3,2384.22
O01350,2025-09-10,C0610,P039,1,240.05,0.0,240.05,-639.06
O01351,2024-02-29,C0791,P010,4,460.99,0.1,1659.56,-567.64
O01352,2025-02-27,C0467,P045,5,570.48,0.1,2567.16,-672.39
O01353,2025-01-20,C0226,P004,4,187.13,0.0,748.52,-1033.28
O01354,2025-04-03,C0794,P015,6,720.35,0.0,4322.1,1429.56
O01355,2025-09-13,C0516,P054,7,1191.51,0.0,8340.57,3824.94
O01356,2024-09-15,C0194,P053,3,858.22,0.05,2445.93,796.5
O01357,2025-01-25,C0254,P003,2,1064.41,0.05,2022.38,1796.08
O01358,2025-05-11,C0210,P023,5,69.97,0.05,332.36,-4083.09
O01359,2025-07-04,C0667,P006,7,358.18,0.1,2256.53,1891.41
O01360,2025-07-17,C0075,P017,7,517.11,0.15,3076.8,858.5
O01361,2024-09-03,C0592,P059,6,66.68,0.0,400.08,-1072.74
O01362,2025-12-30,C0444,P012,2,312.99,0.0,625.98,581.46
O01363,2024-01-08,C0059,P039,2,240.05,0.0,480.1,-1278.12
O01364,2024-12-25,C0491,P049,5,603.63,0.0,3018.15,2794.7
O01365,2025-03-21,C0603,P053,3,858.22,0.0,2574.66,925.23
O01366,2024-02-14,C0581,P022,5,1116.41,0.15,4744.74,1880.74
O01367,2024-11-25,C0423,P042,7,233.96,0.0,1637.72,-2668.89
O01368,2025-03-11,C0269,P030,4,81.03,0.0,324.12,-181.96
O01369,2025-03-20,C0132,P007,3,540.47,0.05,1540.34,1137.11
O01370,2024-03-28,C0010,P014,7,465.85,0.2,2608.76,-2509.43
O01371,2024-07-21,C0288,P045,4,570.48,0.0,2281.92,-309.72
O01372,2024-06-27,C0506,P042,5,233.96,0.1,1052.82,-2023.33
O01373,2025-04-12,C0031,P032,1,127.03,0.1,114.33,-344.29
O01374,2024-08-28,C0799,P047,4,272.32,0.0,1089.28,-986.88
O01375,2025-02-21,C0469,P042,3,233.96,0.05,666.79,-1178.9
O01376,2025-06-18,C0236,P021,1,949.32,0.0,949.32,685.84
O01377,2025-08-05,C0770,P018,2,943.73,0.0,1887.46,1688.94
O01378,2024-05-14,C0148,P057,5,743.47,0.0,3717.35,2875.65
O01379,2025-10-22,C0767,P059,2,66.68,0.0,133.36,-357.58
O01380,2024-05-01,C0226,P002,1,787.94,0.1,709.15,-149.0
O01381,2024-01-16,C0304,P048,1,424.33,0.1,381.9,-429.18
O01382,2024-02-02,C0341,P008,1,635.81,0.0,635.81,257.04
O01383,2024-05-26,C0796,P052,4,1125.55,0.05,4277.09,1364.37
O01384,2025-09-30,C0201,P036,4,548.94,0.0,2195.76,-904.16
O01385,2024-05-31,C0779,P042,5,233.96,0.0,1169.8,-1906.35
O01386,2025-05-21,C0278,P043,5,330.9,0.1,1489.05,-1563.85
O01387,2024-11-01,C0229,P037,4,1029.46,0.0,4117.84,3082.88
O01388,2024-01-30,C0511,P016,7,627.86,0.1,3955.52,3749.51
O01389,2024-11-20,C0555,P049,2,603.63,0.0,1207.26,1117.88
O01390,2024-01-21,C0277,P034,5,1165.94,0.1,5246.73,2960.98
O01391,2024-12-14,C0108,P033,1,1117.52,0.0,1117.52,730.47
O01392,2025-02-12,C0317,P020,6,921.34,0.0,5528.04,2256.72
O01393,2025-01-16,C0433,P001,3,546.74,0.1,1476.2,-803.89
O01394,2024-07-25,C0033,P034,3,1165.94,0.05,3322.93,1951.48
O01395,2025-07-14,C0063,P021,1,949.32,0.0,949.32,685.84
O01396,2025-03-12,C0735,P040,4,56.66,0.15,192.64,-920.36
O01397,2024-07-05,C0029,P022,3,1116.41,0.0,3349.23,1630.83
O01398,2024-11-13,C0326,P059,7,66.68,0.0,466.76,-1251.53
O01399,2024-03-20,C0612,P041,2,256.22,0.0,512.44,-205.04
O01400,2025-11-05,C0263,P028,3,586.16,0.05,1670.56,775.75
O01401,2025-07-04,C0396,P043,7,330.9,0.05,2200.48,-2073.58
O01402,2024-07-29,C0070,P039,6,240.05,0.1,1296.27,-3978.39
O01403,2025-05-08,C0636,P038,6,646.25,0.05,3683.62,1541.62
O01404,2025-05-11,C0508,P035,4,615.36,0.0,2461.44,1500.0
O01405,2025-03-21,C0682,P056,7,649.23,0.0,4544.61,1240.19
O01406,2024-02-09,C0692,P020,2,921.34,0.0,1842.68,752.24
O01407,2025-10-04,C0281,P026,6,39.15,0.1,211.41,-5122.65
O01408,2025-11-29,C0033,P016,5,627.86,0.0,3139.3,2992.15
O01409,2025-12-13,C0278,P035,3,615.36,0.05,1753.78,1032.7
O01410,2025-12-17,C0117,P060,2,303.49,0.05,576.63,363.95
O01411,2025-11-09,C0427,P037,4,1029.46,0.1,3706.06,2671.1
O01412,2025-06-24,C0118,P013,1,485.0,0.0,485.0,68.67
O01413,2024-02-11,C0738,P056,6,649.23,0.0,3895.38,1063.02
O01414,2024-12-06,C0482,P048,2,424.33,0.15,721.36,-900.8
O01415,2024-06-28,C0203,P027,3,1014.33,0.05,2890.84,1652.65
O01416,2024-06-09,C0737,P009,2,57.81,0.05,109.84,-407.92
O01417,2025-08-30,C0616,P025,4,416.82,0.1,1500.55,938.15
O01418,2025-08-16,C0351,P049,3,603.63,0.15,1539.26,1405.19
O01419,2025-01-16,C0118,P035,2,615.36,0.0,1230.72,750.0
O01420,2025-06-22,C0276,P012,7,312.99,0.15,1862.29,1706.47
O01421,2024-04-04,C0468,P010,6,460.99,0.0,2765.94,-574.86
O01422,2024-06-11,C0613,P059,3,66.68,0.2,160.03,-576.38
O01423,2025-09-21,C0210,P027,1,1014.33,0.0,1014.33,601.6
O01424,2024-11-25,C0595,P042,6,233.96,0.0,1403.76,-2287.62
O01425,2025-02-03,C0227,P022,5,1116.41,0.0,5582.05,2718.05
O01426,2024-12-04,C0198,P006,4,358.18,0.1,1289.45,1080.81
O01427,2024-05-27,C0358,P025,5,416.82,0.2,1667.28,964.28
O01428,2025-08-27,C0129,P042,1,233.96,0.0,233.96,-381.27
O01429,2025-07-08,C0324,P021,4,949.32,0.0,3797.28,2743.36
O01430,2025-05-14,C0287,P037,2,1029.46,0.0,2058.92,1541.44
O01431,2024-09-15,C0225,P027,5,1014.33,0.0,5071.65,3008.0
O01432,2025-04-15,C0621,P021,7,949.32,0.1,5980.72,4136.36
O01433,2025-11-27,C0266,P016,4,627.86,0.0,2511.44,2393.72
O01434,2025-04-20,C0557,P016,5,627.86,0.2,2511.44,2364.29
O01435,2024-12-27,C0577,P016,5,627.86,0.15,2668.4,2521.25
O01436,2024-07-16,C0533,P044,7,431.66,0.0,3021.62,738.64
O01437,2025-01-17,C0216,P021,1,949.32,0.05,901.85,638.37
O01438,2024-09-28,C0664,P045,3,570.48,0.2,1369.15,-574.58
O01439,2025-03-22,C0190,P019,2,46.28,0.15,78.68,-1618.8
O01440,2024-02-03,C0222,P020,6,921.34,0.1,4975.24,1703.92
O01441,2024-05-19,C0700,P056,4,649.23,0.0,2596.92,708.68
O01442,2025-07-29,C0272,P053,6,858.22,0.0,5149.32,1850.46
O01443,2024-10-05,C0558,P025,4,416.82,0.1,1500.55,938.15
O01444,2024-11-12,C0034,P017,7,517.11,0.0,3619.77,1401.47
O01445,2025-02-01,C0492,P043,6,330.9,0.1,1786.86,-1876.62
O01446,2024-11-16,C0695,P005,1,831.29,0.1,748.16,602.27
O01447,2025-07-08,C0567,P028,7,586.16,0.0,4103.12,2015.23
O01448,2024-06-28,C0466,P036,7,548.94,0.0,3842.58,-1582.28
O01449,2025-07-08,C0680,P041,1,256.22,0.0,256.22,-102.52
O01450,2024-06-02,C0239,P007,3,540.47,0.15,1378.2,974.97
O01451,2024-09-27,C0302,P001,7,546.74,0.0,3827.18,-1493.03
O01452,2025-03-05,C0056,P017,6,517.11,0.0,3102.66,1201.26
O01453,2025-10-09,C0559,P008,4,635.81,0.2,2034.59,519.51
O01454,2024-06-18,C0579,P031,4,333.66,0.1,1201.18,-2204.5
O01455,2025-03-05,C0602,P056,1,649.23,0.05,616.77,144.71
O01456,2024-02-16,C0599,P018,4,943.73,0.1,3397.43,3000.39
O01457,2024-02-25,C0102,P028,5,586.16,0.0,2930.8,1439.45
O01458,2025-07-15,C0533,P013,3,485.0,0.2,1164.0,-84.99
O01459,2025-06-09,C0611,P003,3,1064.41,0.15,2714.25,2374.8
O01460,2024-10-02,C0164,P043,6,330.9,0.0,1985.4,-1678.08
O01461,2025-03-31,C0382,P016,4,627.86,0.0,2511.44,2393.72
O01462,2024-10-04,C0731,P033,2,1117.52,0.0,2235.04,1460.94
O01463,2024-07-21,C0332,P041,3,256.22,0.1,691.79,-384.43
O01464,2024-11-11,C0603,P051,4,174.29,0.05,662.3,-2037.42
O01465,2024-08-15,C0425,P012,2,312.99,0.05,594.68,550.16
O01466,2025-08-18,C0527,P035,4,615.36,0.2,1969.15,1007.71
O01467,2024-10-27,C0502,P055,7,212.17,0.05,1410.93,-786.86
O01468,2024-08-22,C0521,P030,6,81.03,0.1,437.56,-321.56
O01469,2025-01-26,C0624,P003,2,1064.41,0.1,1915.94,1689.64
O01470,2025-07-08,C0724,P016,4,627.86,0.05,2385.87,2268.15
O01471,2024-07-19,C0237,P048,4,424.33,0.0,1697.32,-1547.0
O01472,2025-11-17,C0743,P048,5,424.33,0.1,1909.48,-2145.92
O01473,2024-12-04,C0503,P019,6,46.28,0.05,263.8,-4828.64
O01474,2025-04-28,C0477,P012,4,312.99,0.0,1251.96,1162.92
O01475,2025-11-30,C0263,P018,3,943.73,0.1,2548.07,2250.29
O01476,2024-11-11,C0334,P015,5,720.35,0.05,3421.66,1011.21
O01477,2024-05-26,C0522,P045,1,570.48,0.0,570.48,-77.43
O01478,2025-06-30,C0291,P051,5,174.29,0.1,784.3,-2590.35
O01479,2024-01-05,C0230,P003,7,1064.41,0.0,7450.87,6658.82
O01480,2024-11-30,C0656,P045,5,570.48,0.05,2709.78,-529.77
O01481,2025-12-17,C0333,P046,4,1026.09,0.05,3899.14,2572.9
O01482,2024-10-29,C0516,P037,6,1029.46,0.0,6176.76,4624.32
O01483,2025-05-15,C0025,P053,4,858.22,0.0,3432.88,1233.64
O01484,2025-01-18,C0062,P003,4,1064.41,0.0,4257.64,3805.04
O01485,2024-06-05,C0679,P042,6,233.96,0.0,1403.76,-2287.62
O01486,2024-08-20,C0114,P008,2,635.81,0.1,1144.46,386.92
O01487,2025-01-17,C0637,P054,6,1191.51,0.0,7149.06,3278.52
O01488,2024-03-17,C0721,P030,5,81.03,0.2,324.12,-308.48
O01489,2024-10-30,C0386,P006,4,358.18,0.0,1432.72,1224.08
O01490,2024-10-30,C0708,P045,1,570.48,0.0,570.48,-77.43
O01491,2025-09-02,C0342,P045,6,570.48,0.15,2909.45,-978.01
O01492,2024-03-31,C0762,P028,2,586.16,0.05,1113.7,517.16
O01493,2025-09-08,C0190,P019,7,46.28,0.05,307.76,-5633.42
O01494,2024-10-27,C0343,P002,6,787.94,0.1,4254.88,-894.02
O01495,2025-04-21,C0312,P055,3,212.17,0.15,541.03,-400.88
O01496,2025-02-11,C0628,P012,4,312.99,0.0,1251.96,1162.92
O01497,2024-08-07,C0035,P051,1,174.29,0.0,174.29,-500.64
O01498,2025-11-11,C0663,P036,4,548.94,0.2,1756.61,-1343.31
O01499,2024-06-13,C0019,P042,1,233.96,0.0,233.96,-381.27
O01500,2024-01-27,C0253,P042,7,233.96,0.1,1473.95,-2832.66
O01501,2025-07-02,C0477,P052,5,1125.55,0.05,5346.36,1705.46
O01502,2025-03-30,C0117,P003,2,1064.41,0.05,2022.38,1796.08
O01503,2025-10-12,C0393,P060,6,303.49,0.1,1638.85,1000.81
O01504,2024-11-30,C0798,P003,1,1064.41,0.2,851.53,738.38
O01505,2024-01-13,C0659,P060,4,303.49,0.0,1213.96,788.6
O01506,2024-01-15,C0025,P016,1,627.86,0.05,596.47,567.04
O01507,2024-11-12,C0474,P051,1,174.29,0.1,156.86,-518.07
O01508,2024-07-01,C0478,P006,2,358.18,0.0,716.36,612.04
O01509,2025-11-05,C0055,P028,3,586.16,0.15,1494.71,599.9
O01510,2024-03-27,C0521,P033,6,1117.52,0.05,6369.86,4047.56
O01511,2025-10-05,C0417,P058,7,1114.65,0.0,7802.55,7644.56
O01512,2024-06-07,C0546,P008,6,635.81,0.15,3242.63,970.01
O01513,2024-03-28,C0239,P003,6,1064.41,0.15,5428.49,4749.59
O01514,2024-07-19,C0205,P039,4,240.05,0.0,960.2,-2556.24
O01515,2024-04-15,C0589,P003,3,1064.41,0.1,2873.91,2534.46
O01516,2024-10-20,C0578,P047,2,272.32,0.0,544.64,-493.44
O01517,2024-08-29,C0130,P003,7,1064.41,0.0,7450.87,6658.82
O01518,2025-01-21,C0174,P059,4,66.68,0.0,266.72,-715.16
O01519,2025-01-27,C0470,P032,4,127.03,0.15,431.9,-1402.58
O01520,2024-01-01,C0664,P057,1,743.47,0.0,743.47,575.13
O01521,2024-04-01,C0162,P008,4,635.81,0.0,2543.24,1028.16
O01522,2024-04-28,C0176,P017,5,517.11,0.1,2327.0,742.5
O01523,2024-05-22,C0647,P028,4,586.16,0.0,2344.64,1151.56
O01524,2024-03-09,C0558,P002,5,787.94,0.0,3939.7,-351.05
O01525,2024-08-17,C0722,P007,6,540.47,0.0,3242.82,2436.36
O01526,2025-02-05,C0627,P020,1,921.34,0.1,829.21,283.99
O01527,2024-08-13,C0763,P045,7,570.48,0.05,3793.69,-741.68
O01528,2024-08-28,C0152,P043,6,330.9,0.1,1786.86,-1876.62
O01529,2024-12-09,C0218,P006,3,358.18,0.0,1074.54,918.06
O01530,2025-02-04,C0191,P004,6,187.13,0.05,1066.64,-1606.06
O01531,2024-08-29,C0045,P040,1,56.66,0.1,50.99,-227.26
O01532,2024-06-11,C0624,P022,3,1116.41,0.0,3349.23,1630.83
O01533,2024-10-26,C0530,P048,1,424.33,0.0,424.33,-386.75
O01534,2024-01-18,C0069,P018,5,943.73,0.0,4718.65,4222.35
O01535,2024-12-26,C0159,P022,6,1116.41,0.0,6698.46,3261.66
O01536,2025-11-19,C0153,P014,5,465.85,0.0,2329.25,-1326.6
O01537,2024-10-17,C0323,P016,5,627.86,0.2,2511.44,2364.29
O01538,2024-03-20,C0365,P043,2,330.9,0.05,628.71,-592.45
O01539,2025-05-31,C0232,P029,7,580.35,0.05,3859.33,-2303.89
O01540,2024-04-02,C0745,P040,2,56.66,0.0,113.32,-443.18
O01541,2024-05-21,C0171,P005,4,831.29,0.05,3158.9,2575.34
O01542,2024-04-17,C0450,P033,5,1117.52,0.05,5308.22,3372.97
O01543,2025-10-07,C0351,P028,6,586.16,0.15,2989.42,1199.8
O01544,2025-12-18,C0311,P055,7,212.17,0.0,1485.19,-712.6
O01545,2025-02-20,C0661,P026,5,39.15,0.1,176.18,-4268.87
O01546,2025-03-27,C0783,P007,5,540.47,0.0,2702.35,2030.3
O01547,2025-04-16,C0005,P042,3,233.96,0.05,666.79,-1178.9
O01548,2025-03-22,C0371,P009,4,57.81,0.15,196.55,-838.97
O01549,2025-02-01,C0096,P055,5,212.17,0.05,1007.81,-562.04
O01550,2025-12-22,C0347,P024,5,665.45,0.1,2994.52,964.57
O01551,2025-06-19,C0494,P048,5,424.33,0.15,1803.4,-2252.0
O01552,2024-03-05,C0330,P040,4,56.66,0.15,192.64,-920.36
O01553,2024-10-13,C0248,P028,2,586.16,0.0,1172.32,575.78
O01554,2025-12-13,C0250,P036,1,548.94,0.0,548.94,-226.04
O01555,2024-10-22,C0240,P011,3,148.23,0.05,422.46,-1346.61
O01556,2024-05-29,C0261,P005,3,831.29,0.2,1995.1,1557.43
O01557,2025-09-26,C0300,P046,5,1026.09,0.05,4873.93,3216.13
O01558,2025-03-31,C0551,P058,7,1114.65,0.0,7802.55,7644.56
O01559,2025-02-15,C0077,P052,5,1125.55,0.05,5346.36,1705.46
O01560,2024-11-03,C0033,P019,6,46.28,0.0,277.68,-4814.76
O01561,2024-03-31,C0414,P022,5,1116.41,0.0,5582.05,2718.05
O01562,2024-10-07,C0546,P022,7,1116.41,0.0,7814.87,3805.27
O01563,2024-11-15,C0207,P043,7,330.9,0.0,2316.3,-1957.76
O01564,2025-11-11,C0161,P038,2,646.25,0.1,1163.25,449.25
O01565,2024-08-12,C0500,P048,5,424.33,0.0,2121.65,-1933.75
O01566,2024-04-19,C0308,P057,4,743.47,0.0,2973.88,2300.52
O01567,2024-11-08,C0589,P024,7,665.45,0.05,4425.24,1583.31
O01568,2025-12-29,C0118,P040,5,56.66,0.0,283.3,-1107.95
O01569,2024-12-18,C0097,P031,1,333.66,0.0,333.66,-517.76
O01570,2024-10-04,C0443,P058,2,1114.65,0.0,2229.3,2184.16
O01571,2025-05-02,C0314,P022,1,1116.41,0.0,1116.41,543.61
O01572,2025-04-19,C0584,P012,2,312.99,0.1,563.38,518.86
O01573,2024-08-06,C0405,P023,1,69.97,0.0,69.97,-813.12
O01574,2025-12-08,C0284,P038,6,646.25,0.0,3877.5,1735.5
O01575,2025-03-09,C0128,P058,4,1114.65,0.0,4458.6,4368.32
O01576,2024-02-12,C0131,P050,5,301.39,0.0,1506.95,905.45
O01577,2024-10-24,C0605,P002,7,787.94,0.0,5515.58,-491.47
O01578,2025-11-05,C0182,P031,5,333.66,0.0,1668.3,-2588.8
O01579,2024-10-14,C0402,P010,4,460.99,0.0,1843.96,-383.24
O01580,2025-02-19,C0655,P022,2,1116.41,0.0,2232.82,1087.22
O01581,2025-03-23,C0719,P057,6,743.47,0.15,3791.7,2781.66
O01582,2025-05-29,C0215,P060,4,303.49,0.0,1213.96,788.6
O01583,2025-09-29,C0088,P010,6,460.99,0.0,2765.94,-574.86
O01584,2024-04-19,C0620,P009,1,57.81,0.05,54.92,-203.96
O01585,2025-01-12,C0550,P042,2,233.96,0.0,467.92,-762.54
O01586,2025-01-24,C0265,P025,1,416.82,0.1,375.14,234.54
O01587,2024-04-21,C0475,P026,5,39.15,0.0,195.75,-4249.3
O01588,2025-05-07,C0151,P053,4,858.22,0.05,3261.24,1062.0
O01589,2024-03-27,C0561,P056,3,649.23,0.15,1655.54,239.36
O01590,2024-11-29,C0582,P055,3,212.17,0.0,636.51,-305.4
O01591,2024-08-29,C0240,P047,5,272.32,0.0,1361.6,-1233.6
O01592,2024-04-23,C0375,P059,7,66.68,0.05,443.42,-1274.87
O01593,2025-08-24,C0268,P044,7,431.66,0.2,2417.3,134.32
O01594,2024-06-27,C0026,P054,4,1191.51,0.0,4766.04,2185.68
O01595,2024-07-05,C0102,P033,5,1117.52,0.05,5308.22,3372.97
O01596,2025-09-16,C0768,P004,1,187.13,0.0,187.13,-258.32
O01597,2025-10-03,C0365,P049,7,603.63,0.05,4014.14,3701.31
O01598,2024-01-26,C0119,P056,1,649.23,0.0,649.23,177.17
O01599,2024-07-22,C0036,P019,3,46.28,0.05,131.9,-2414.32
O01600,2025-06-02,C0283,P026,6,39.15,0.0,234.9,-5099.16
O01601,2025-07-22,C0787,P035,7,615.36,0.05,4092.14,2409.62
O01602,2025-12-31,C0308,P040,2,56.66,0.0,113.32,-443.18
O01603,2025-02-09,C0800,P041,5,256.22,0.1,1152.99,-640.71
O01604,2024-01-06,C0392,P024,2,665.45,0.1,1197.81,385.83
O01605,2025-09-30,C0612,P052,1,1125.55,0.1,1013.0,284.82
O01606,2024-04-27,C0629,P049,3,603.63,0.2,1448.71,1314.64
O01607,2024-03-29,C0023,P057,5,743.47,0.05,3531.48,2689.78
O01608,2025-05-07,C0005,P035,2,615.36,0.1,1107.65,626.93
O01609,2025-03-17,C0738,P005,7,831.29,0.0,5819.03,4797.8
O01610,2024-02-13,C0746,P051,5,174.29,0.15,740.73,-2633.92
O01611,2024-05-03,C0107,P005,4,831.29,0.05,3158.9,2575.34
O01612,2025-03-07,C0517,P012,4,312.99,0.0,1251.96,1162.92
O01613,2024-07-05,C0739,P018,4,943.73,0.0,3774.92,3377.88
O01614,2025-05-15,C0761,P012,1,312.99,0.1,281.69,259.43
O01615,2024-10-27,C0238,P044,5,431.66,0.1,1942.47,311.77
O01616,2025-03-05,C0654,P027,6,1014.33,0.1,5477.38,3001.0
O01617,2024-12-13,C0518,P014,3,465.85,0.05,1327.67,-865.84
O01618,2024-09-23,C0743,P001,3,546.74,0.0,1640.22,-639.87
O01619,2024-09-07,C0118,P013,7,485.0,0.15,2885.75,-28.56
O01620,2025-05-24,C0481,P042,5,233.96,0.05,1111.31,-1964.84
O01621,2025-01-11,C0020,P048,3,424.33,0.05,1209.34,-1223.9
O01622,2025-03-10,C0286,P018,1,943.73,0.05,896.54,797.28
O01623,2025-02-26,C0010,P005,6,831.29,0.05,4738.35,3863.01
O01624,2024-05-31,C0355,P034,5,1165.94,0.1,5246.73,2960.98
O01625,2025-10-29,C0649,P047,5,272.32,0.05,1293.52,-1301.68
O01626,2025-02-15,C0527,P005,2,831.29,0.15,1413.19,1121.41
O01627,2025-06-08,C0254,P048,2,424.33,0.15,721.36,-900.8
O01628,2025-10-06,C0342,P011,4,148.23,0.0,592.92,-1765.84
O01629,2025-11-06,C0294,P016,6,627.86,0.0,3767.16,3590.58
O01630,2025-05-02,C0586,P038,3,646.25,0.05,1841.81,770.81
O01631,2025-07-29,C0213,P004,4,187.13,0.05,711.09,-1070.71
O01632,2024-12-10,C0074,P019,7,46.28,0.05,307.76,-5633.42
O01633,2025-06-23,C0406,P009,2,57.81,0.15,98.28,-419.48
O01634,2024-08-23,C0664,P013,2,485.0,0.0,970.0,137.34
O01635,2025-06-04,C0382,P047,2,272.32,0.0,544.64,-493.44
O01636,2024-03-03,C0164,P014,7,465.85,0.15,2771.81,-2346.38
O01637,2025-10-30,C0037,P003,4,1064.41,0.15,3618.99,3166.39
O01638,2024-06-27,C0756,P013,7,485.0,0.0,3395.0,480.69
O01639,2025-04-24,C0609,P006,7,358.18,0.0,2507.26,2142.14
O01640,2024-01-09,C0125,P038,3,646.25,0.0,1938.75,867.75
O01641,2024-04-23,C0060,P059,1,66.68,0.05,63.35,-182.12
O01642,2025-12-22,C0104,P011,3,148.23,0.05,422.46,-1346.61
O01643,2025-09-01,C0302,P044,4,431.66,0.0,1726.64,422.08
O01644,2024-06-11,C0650,P022,3,1116.41,0.0,3349.23,1630.83
O01645,2024-04-05,C0128,P005,1,831.29,0.1,748.16,602.27
O01646,2025-08-18,C0655,P042,7,233.96,0.05,1555.83,-2750.78
O01647,2025-12-24,C0002,P013,3,485.0,0.1,1309.5,60.51
O01648,2024-05-03,C0592,P031,5,333.66,0.0,1668.3,-2588.8
O01649,2025-04-30,C0226,P031,7,333.66,0.0,2335.62,-3624.32
O01650,2024-07-26,C0769,P036,4,548.94,0.0,2195.76,-904.16
O01651,2025-06-28,C0381,P009,5,57.81,0.2,231.24,-1063.16
O01652,2024-11-01,C0217,P016,1,627.86,0.0,627.86,598.43
O01653,2024-04-01,C0195,P045,5,570.48,0.05,2709.78,-529.77
O01654,2024-08-25,C0662,P056,6,649.23,0.05,3700.61,868.25
O01655,2025-01-28,C0323,P001,7,546.74,0.15,3253.1,-2067.11
O01656,2025-08-06,C0282,P025,1,416.82,0.0,416.82,276.22
O01657,2024-01-16,C0589,P053,2,858.22,0.0,1716.44,616.82
O01658,2025-12-01,C0430,P018,1,943.73,0.1,849.36,750.1
O01659,2025-04-19,C0532,P027,7,1014.33,0.0,7100.31,4211.2
O01660,2025-10-01,C0357,P055,2,212.17,0.05,403.12,-224.82
O01661,2025-11-10,C0052,P059,4,66.68,0.0,266.72,-715.16
O01662,2024-04-22,C0005,P040,4,56.66,0.2,181.31,-931.69
O01663,2024-03-09,C0032,P042,5,233.96,0.1,1052.82,-2023.33
O01664,2025-07-21,C0460,P037,7,1029.46,0.0,7206.22,5395.04
O01665,2024-05-17,C0411,P018,3,943.73,0.1,2548.07,2250.29
O01666,2024-04-18,C0599,P054,6,1191.51,0.1,6434.15,2563.61
O01667,2024-12-08,C0716,P003,3,1064.41,0.05,3033.57,2694.12
O01668,2025-10-29,C0140,P004,2,187.13,0.0,374.26,-516.64
O01669,2025-08-04,C0766,P037,1,1029.46,0.0,1029.46,770.72
O01670,2025-01-13,C0746,P051,3,174.29,0.05,496.73,-1528.06
O01671,2024-05-23,C0493,P049,4,603.63,0.0,2414.52,2235.76
O01672,2024-09-02,C0425,P041,6,256.22,0.15,1306.72,-845.72
O01673,2025-05-18,C0142,P023,6,69.97,0.0,419.82,-4878.72
O01674,2024-04-24,C0143,P022,4,1116.41,0.05,4242.36,1951.16
O01675,2025-01-18,C0015,P026,3,39.15,0.0,117.45,-2549.58
O01676,2024-01-09,C0517,P016,2,627.86,0.05,1192.93,1134.07
O01677,2024-08-25,C0347,P026,7,39.15,0.0,274.05,-5949.02
O01678,2024-06-30,C0154,P007,3,540.47,0.0,1621.41,1218.18
O01679,2025-05-12,C0108,P020,6,921.34,0.0,5528.04,2256.72
O01680,2025-10-30,C0051,P057,5,743.47,0.05,3531.48,2689.78
O01681,2024-04-17,C0513,P043,7,330.9,0.0,2316.3,-1957.76
O01682,2025-08-05,C0549,P009,7,57.81,0.1,364.2,-1447.96
O01683,2025-04-24,C0506,P018,5,943.73,0.0,4718.65,4222.35
O01684,2025-12-09,C0089,P016,5,627.86,0.05,2982.34,2835.19
O01685,2025-10-28,C0034,P017,1,517.11,0.05,491.25,174.35
O01686,2024-03-14,C0085,P042,1,233.96,0.0,233.96,-381.27
O01687,2025-06-27,C0602,P054,4,1191.51,0.0,4766.04,2185.68
O01688,2025-03-08,C0592,P043,5,330.9,0.0,1654.5,-1398.4
O01689,2024-03-23,C0236,P030,6,81.03,0.05,461.87,-297.25
O01690,2024-07-06,C0045,P010,2,460.99,0.2,737.58,-376.02
O01691,2025-11-08,C0256,P009,4,57.81,0.0,231.24,-804.28
O01692,2025-01-31,C0648,P049,7,603.63,0.1,3802.87,3490.04
O01693,2024-09-04,C0115,P041,1,256.22,0.1,230.6,-128.14
O01694,2024-08-22,C0637,P031,3,333.66,0.1,900.88,-1653.38
O01695,2025-09-04,C0371,P035,7,615.36,0.05,4092.14,2409.62
O01696,2024-07-26,C0114,P051,2,174.29,0.2,278.86,-1071.0
O01697,2024-04-26,C0748,P049,3,603.63,0.05,1720.35,1586.28
O01698,2025-02-23,C0415,P006,4,358.18,0.1,1289.45,1080.81
O01699,2025-12-26,C0538,P024,5,665.45,0.0,3327.25,1297.3
O01700,2024-05-14,C0078,P003,2,1064.41,0.1,1915.94,1689.64
O01701,2024-07-05,C0298,P024,6,665.45,0.2,3194.16,758.22
O01702,2024-12-08,C0507,P039,2,240.05,0.15,408.08,-1350.14
O01703,2024-05-26,C0517,P013,3,485.0,0.0,1455.0,206.01
O01704,2025-04-20,C0051,P010,5,460.99,0.1,2074.46,-709.54
O01705,2024-07-04,C0484,P030,1,81.03,0.0,81.03,-45.49
O01706,2024-04-03,C0756,P032,6,127.03,0.1,685.96,-2065.76
O01707,2024-07-09,C0630,P043,5,330.9,0.0,1654.5,-1398.4
O01708,2025-11-11,C0167,P001,6,546.74,0.1,2952.4,-1607.78
O01709,2025-11-14,C0731,P015,2,720.35,0.0,1440.7,476.52
O01710,2025-01-04,C0547,P047,3,272.32,0.0,816.96,-740.16
O01711,2024-10-19,C0046,P041,7,256.22,0.0,1793.54,-717.64
O01712,2025-08-22,C0103,P054,1,1191.51,0.0,1191.51,546.42
O01713,2024-05-22,C0738,P049,4,603.63,0.0,2414.52,2235.76
O01714,2025-04-23,C0168,P051,4,174.29,0.1,627.44,-2072.28
O01715,2025-05-12,C0078,P031,4,333.66,0.1,1201.18,-2204.5
O01716,2025-06-03,C0361,P058,4,1114.65,0.1,4012.74,3922.46
O01717,2024-06-08,C0421,P025,6,416.82,0.1,2250.83,1407.23
O01718,2025-06-07,C0459,P055,2,212.17,0.0,424.34,-203.6
O01719,2025-03-23,C0528,P024,7,665.45,0.05,4425.24,1583.31
O01720,2025-10-01,C0800,P027,7,1014.33,0.05,6745.29,3856.18
O01721,2024-05-07,C0608,P042,2,233.96,0.0,467.92,-762.54
O01722,2025-03-24,C0021,P024,7,665.45,0.05,4425.24,1583.31
O01723,2025-08-29,C0071,P009,2,57.81,0.1,104.06,-413.7
O01724,2024-07-22,C0001,P054,1,1191.51,0.05,1131.93,486.84
O01725,2025-06-27,C0317,P028,3,586.16,0.1,1582.63,687.82
O01726,2024-03-13,C0281,P056,6,649.23,0.0,3895.38,1063.02
O01727,2025-06-08,C0747,P024,6,665.45,0.1,3593.43,1157.49
O01728,2025-03-19,C0293,P059,5,66.68,0.0,333.4,-893.95
O01729,2024-05-20,C0025,P037,6,1029.46,0.15,5250.25,3697.81
O01730,2024-02-18,C0708,P047,2,272.32,0.0,544.64,-493.44
O01731,2025-06-28,C0209,P046,7,1026.09,0.05,6823.5,4502.58
O01732,2024-06-25,C0731,P013,5,485.0,0.05,2303.75,222.1
O01733,2024-12-29,C0620,P049,1,603.63,0.0,603.63,558.94
O01734,2024-02-14,C0705,P057,1,743.47,0.0,743.47,575.13
O01735,2025-12-05,C0656,P040,2,56.66,0.0,113.32,-443.18
O01736,2025-02-05,C0115,P057,1,743.47,0.05,706.3,537.96
O01737,2025-11-11,C0501,P051,2,174.29,0.15,296.29,-1053.57
O01738,2024-04-27,C0330,P040,7,56.66,0.0,396.62,-1551.13
O01739,2024-05-30,C0504,P029,2,580.35,0.05,1102.66,-658.26
O01740,2025-03-22,C0597,P052,5,1125.55,0.15,4783.59,1142.69
O01741,2025-03-17,C0401,P012,7,312.99,0.05,2081.38,1925.56
O01742,2025-08-01,C0251,P034,2,1165.94,0.1,2098.69,1184.39
O01743,2025-11-09,C0734,P049,5,603.63,0.0,3018.15,2794.7
O01744,2025-08-23,C0531,P057,4,743.47,0.0,2973.88,2300.52
O01745,2024-04-12,C0709,P017,2,517.11,0.0,1034.22,400.42
O01746,2024-08-14,C0190,P006,7,358.18,0.0,2507.26,2142.14
O01747,2025-10-30,C0671,P021,5,949.32,0.05,4509.27,3191.87
O01748,2025-02-05,C0259,P052,4,1125.55,0.1,4051.98,1139.26
O01749,2025-09-25,C0369,P032,6,127.03,0.0,762.18,-1989.54
O01750,2025-02-15,C0689,P004,7,187.13,0.15,1113.42,-2004.73
O01751,2024-02-06,C0284,P008,6,635.81,0.0,3814.86,1542.24
O01752,2024-12-11,C0201,P021,7,949.32,0.0,6645.24,4800.88
O01753,2025-08-25,C0733,P021,3,949.32,0.15,2420.77,1630.33
O01754,2025-04-23,C0772,P009,3,57.81,0.15,147.42,-629.22
O01755,2024-04-07,C0249,P030,2,81.03,0.05,153.96,-99.08
O01756,2024-06-02,C0246,P029,5,580.35,0.0,2901.75,-1500.55
O01757,2025-09-16,C0183,P012,6,312.99,0.0,1877.94,1744.38
O01758,2025-12-16,C0019,P014,5,465.85,0.0,2329.25,-1326.6
O01759,2025-07-04,C0443,P040,5,56.66,0.1,254.97,-1136.28
O01760,2024-03-12,C0204,P058,6,1114.65,0.0,6687.9,6552.48
O01761,2025-03-28,C0680,P060,2,303.49,0.1,546.28,333.6
O01762,2025-08-29,C0137,P034,3,1165.94,0.0,3497.82,2126.37
O01763,2025-04-12,C0509,P003,5,1064.41,0.05,5055.95,4490.2
O01764,2025-03-10,C0406,P054,1,1191.51,0.0,1191.51,546.42
O01765,2024-12-07,C0490,P058,7,1114.65,0.05,7412.42,7254.43
O01766,2024-06-27,C0091,P017,2,517.11,0.05,982.51,348.71
O01767,2024-07-24,C0374,P025,6,416.82,0.2,2000.74,1157.14
O01768,2025-06-29,C0501,P002,5,787.94,0.15,3348.75,-942.0
O01769,2024-02-21,C0273,P049,6,603.63,0.1,3259.6,2991.46
O01770,2024-03-02,C0700,P047,6,272.32,0.0,1633.92,-1480.32
O01771,2024-10-16,C0424,P002,4,787.94,0.15,2679.0,-753.6
O01772,2025-07-20,C0291,P043,6,330.9,0.15,1687.59,-1975.89
O01773,2025-04-25,C0025,P025,3,416.82,0.15,1062.89,641.09
O01774,2025-03-07,C0135,P033,5,1117.52,0.05,5308.22,3372.97
O01775,2025-01-25,C0382,P014,7,465.85,0.0,3260.95,-1857.24
O01776,2024-03-21,C0321,P049,1,603.63,0.1,543.27,498.58
O01777,2024-08-30,C0698,P025,3,416.82,0.0,1250.46,828.66
O01778,2024-02-28,C0629,P051,1,174.29,0.0,174.29,-500.64
O01779,2025-07-08,C0128,P009,4,57.81,0.0,231.24,-804.28
O01780,2025-07-02,C0474,P036,6,548.94,0.05,3128.96,-1520.92
O01781,2024-07-07,C0364,P019,1,46.28,0.0,46.28,-802.46
O01782,2024-08-02,C0081,P058,4,1114.65,0.1,4012.74,3922.46
O01783,2024-08-20,C0533,P034,3,1165.94,0.05,3322.93,1951.48
O01784,2025-10-12,C0430,P044,6,431.66,0.05,2460.46,503.62
O01785,2024-12-23,C0070,P006,2,358.18,0.0,716.36,612.04
O01786,2025-07-11,C0375,P041,2,256.22,0.15,435.57,-281.91
O01787,2024-11-24,C0586,P007,1,540.47,0.0,540.47,406.06
O01788,2025-05-25,C0262,P022,3,1116.41,0.0,3349.23,1630.83
O01789,2025-01-21,C0286,P014,4,465.85,0.05,1770.23,-1154.45
O01790,2024-07-22,C0089,P001,7,546.74,0.0,3827.18,-1493.03
O01791,2025-10-02,C0164,P036,4,548.94,0.1,1976.18,-1123.74
O01792,2025-06-02,C0785,P015,2,720.35,0.0,1440.7,476.52
O01793,2025-07-16,C0497,P031,5,333.66,0.15,1418.06,-2839.04
O01794,2025-11-24,C0141,P046,1,1026.09,0.0,1026.09,694.53
O01795,2024-06-30,C0387,P011,3,148.23,0.2,355.75,-1413.32
O01796,2024-03-07,C0155,P043,5,330.9,0.05,1571.78,-1481.12
O01797,2025-03-01,C0355,P018,2,943.73,0.0,1887.46,1688.94
O01798,2024-08-26,C0117,P020,5,921.34,0.05,4376.36,1650.26
O01799,2024-11-14,C0496,P035,4,615.36,0.0,2461.44,1500.0
O01800,2024-06-20,C0457,P038,7,646.25,0.2,3619.0,1120.0
O01801,2024-10-18,C0507,P040,3,56.66,0.1,152.98,-681.77
O01802,2024-10-14,C0355,P012,7,312.99,0.05,2081.38,1925.56
O01803,2024-09-13,C0229,P035,5,615.36,0.0,3076.8,1875.0
O01804,2025-06-26,C0200,P016,6,627.86,0.2,3013.73,2837.15
O01805,2025-03-09,C0173,P017,2,517.11,0.1,930.8,297.0
O01806,2024-12-12,C0344,P057,1,743.47,0.05,706.3,537.96
O01807,2024-03-23,C0362,P007,6,540.47,0.0,3242.82,2436.36
O01808,2025-02-21,C0539,P025,4,416.82,0.0,1667.28,1104.88
O01809,2024-05-07,C0042,P027,3,1014.33,0.1,2738.69,1500.5
O01810,2024-08-17,C0226,P015,7,720.35,0.05,4790.33,1415.7
O01811,2024-10-30,C0683,P048,3,424.33,0.1,1145.69,-1287.55
O01812,2024-04-13,C0733,P030,4,81.03,0.05,307.91,-198.17
O01813,2024-10-11,C0745,P044,6,431.66,0.05,2460.46,503.62
O01814,2024-07-14,C0246,P024,7,665.45,0.05,4425.24,1583.31
O01815,2025-09-13,C0110,P054,7,1191.51,0.1,7506.51,2990.88
O01816,2025-09-20,C0159,P044,5,431.66,0.0,2158.3,527.6
O01817,2024-01-04,C0106,P020,1,921.34,0.15,783.14,237.92
O01818,2025-03-16,C0764,P058,1,1114.65,0.0,1114.65,1092.08
O01819,2025-04-13,C0707,P052,5,1125.55,0.1,5064.98,1424.08
O01820,2024-10-03,C0649,P036,4,548.94,0.15,1866.4,-1233.52
O01821,2024-12-08,C0584,P001,1,546.74,0.1,492.07,-267.96
O01822,2025-07-31,C0275,P036,5,548.94,0.0,2744.7,-1130.2
O01823,2024-10-03,C0381,P042,7,233.96,0.1,1473.95,-2832.66
O01824,2024-02-17,C0674,P022,1,1116.41,0.0,1116.41,543.61
O01825,2024-09-29,C0652,P009,6,57.81,0.0,346.86,-1206.42
O01826,2024-07-04,C0416,P034,3,1165.94,0.1,3148.04,1776.59
O01827,2024-10-06,C0671,P049,3,603.63,0.1,1629.8,1495.73
O01828,2024-06-17,C0278,P020,6,921.34,0.0,5528.04,2256.72
O01829,2024-04-19,C0331,P028,2,586.16,0.15,996.47,399.93
O01830,2025-12-21,C0672,P001,2,546.74,0.0,1093.48,-426.58
O01831,2024-04-04,C0302,P043,7,330.9,0.15,1968.85,-2305.21
O01832,2025-05-31,C0602,P052,3,1125.55,0.1,3038.98,854.44
O01833,2025-06-08,C0363,P047,2,272.32,0.15,462.94,-575.14
O01834,2025-03-27,C0239,P026,5,39.15,0.1,176.18,-4268.87
O01835,2025-10-28,C0176,P003,2,1064.41,0.2,1703.06,1476.76
O01836,2024-01-04,C0486,P030,6,81.03,0.05,461.87,-297.25
O01837,2024-08-08,C0384,P057,1,743.47,0.0,743.47,575.13
O01838,2024-05-14,C0296,P006,4,358.18,0.0,1432.72,1224.08
O01839,2025-02-25,C0595,P013,3,485.0,0.1,1309.5,60.51
O01840,2025-04-09,C0001,P051,7,174.29,0.0,1220.03,-3504.48
O01841,2025-10-18,C0074,P035,4,615.36,0.15,2092.22,1130.78
O01842,2024-10-04,C0770,P011,7,148.23,0.0,1037.61,-3090.22
O01843,2024-06-21,C0531,P002,2,787.94,0.15,1339.5,-376.8
O01844,2025-11-06,C0440,P025,4,416.82,0.05,1583.92,1021.52
O01845,2025-05-06,C0012,P036,6,548.94,0.1,2964.28,-1685.6
O01846,2025-07-13,C0479,P051,2,174.29,0.2,278.86,-1071.0
O01847,2024-11-21,C0348,P054,7,1191.51,0.0,8340.57,3824.94
O01848,2024-11-23,C0480,P028,6,586.16,0.1,3165.26,1375.64
O01849,2024-10-11,C0033,P026,5,39.15,0.0,195.75,-4249.3
O01850,2025-07-01,C0441,P056,2,649.23,0.1,1168.61,224.49
O01851,2024-06-02,C0463,P047,6,272.32,0.1,1470.53,-1643.71
O01852,2025-12-14,C0233,P013,6,485.0,0.0,2910.0,412.02
O01853,2024-05-08,C0044,P041,3,256.22,0.0,768.66,-307.56
O01854,2024-12-02,C0778,P043,5,330.9,0.0,1654.5,-1398.4
O01855,2024-08-17,C0568,P015,1,720.35,0.0,720.35,238.26
O01856,2025-04-14,C0498,P059,3,66.68,0.1,180.04,-556.37
O01857,2025-05-12,C0614,P018,2,943.73,0.0,1887.46,1688.94
O01858,2025-11-02,C0537,P033,4,1117.52,0.15,3799.57,2251.37
O01859,2025-07-30,C0108,P030,4,81.03,0.2,259.3,-246.78
O01860,2024-06-30,C0364,P042,4,233.96,0.15,795.46,-1665.46
O01861,2024-05-31,C0711,P055,5,212.17,0.05,1007.81,-562.04
O01862,2025-10-10,C0231,P024,7,665.45,0.0,4658.15,1816.22
O01863,2024-12-22,C0778,P024,2,665.45,0.1,1197.81,385.83
O01864,2024-03-12,C0052,P046,2,1026.09,0.1,1846.96,1183.84
O01865,2025-08-26,C0265,P058,2,1114.65,0.2,1783.44,1738.3
O01866,2025-04-19,C0281,P055,7,212.17,0.0,1485.19,-712.6
O01867,2024-01-19,C0494,P046,1,1026.09,0.0,1026.09,694.53
O01868,2025-07-26,C0141,P043,1,330.9,0.2,264.72,-345.86
O01869,2025-03-19,C0184,P047,2,272.32,0.1,490.18,-547.9
O01870,2025-03-25,C0530,P057,6,743.47,0.0,4460.82,3450.78
O01871,2025-09-24,C0228,P001,5,546.74,0.1,2460.33,-1339.82
O01872,2024-12-28,C0704,P036,7,548.94,0.0,3842.58,-1582.28
O01873,2024-12-03,C0697,P003,2,1064.41,0.05,2022.38,1796.08
O01874,2025-03-27,C0243,P035,3,615.36,0.0,1846.08,1125.0
O01875,2024-05-24,C0448,P024,4,665.45,0.0,2661.8,1037.84
O01876,2024-04-20,C0267,P019,1,46.28,0.0,46.28,-802.46
O01877,2025-09-08,C0276,P054,7,1191.51,0.0,8340.57,3824.94
O01878,2024-06-06,C0537,P043,6,330.9,0.05,1886.13,-1777.35
O01879,2025-01-03,C0235,P035,2,615.36,0.0,1230.72,750.0
O01880,2024-07-16,C0120,P053,6,858.22,0.05,4891.85,1592.99
O01881,2024-06-17,C0208,P006,4,358.18,0.05,1361.08,1152.44
O01882,2025-03-12,C0744,P039,3,240.05,0.1,648.14,-1989.19
O01883,2025-08-09,C0208,P010,7,460.99,0.1,2904.24,-993.36
O01884,2024-11-19,C0292,P014,4,465.85,0.0,1863.4,-1061.28
O01885,2024-04-11,C0504,P012,2,312.99,0.0,625.98,581.46
O01886,2024-06-27,C0081,P033,6,1117.52,0.1,6034.61,3712.31
O01887,2024-04-30,C0215,P038,6,646.25,0.15,3295.88,1153.88
O01888,2025-10-07,C0140,P046,2,1026.09,0.2,1641.74,978.62
O01889,2024-08-21,C0740,P027,5,1014.33,0.2,4057.32,1993.67
O01890,2024-09-30,C0747,P057,5,743.47,0.05,3531.48,2689.78
O01891,2024-02-21,C0605,P023,2,69.97,0.15,118.95,-1647.23
O01892,2024-11-22,C0198,P010,4,460.99,0.0,1843.96,-383.24
O01893,2025-10-30,C0494,P003,6,1064.41,0.1,5747.81,5068.91
O01894,2024-10-26,C0530,P008,2,635.81,0.2,1017.3,259.76
O01895,2025-04-21,C0696,P027,6,1014.33,0.1,5477.38,3001.0
O01896,2024-05-13,C0125,P025,6,416.82,0.0,2500.92,1657.32
O01897,2024-04-14,C0590,P052,7,1125.55,0.0,7878.85,2781.59
O01898,2025-06-18,C0156,P008,3,635.81,0.0,1907.43,771.12
O01899,2024-02-18,C0455,P016,2,627.86,0.0,1255.72,1196.86
O01900,2024-11-23,C0704,P059,7,66.68,0.1,420.08,-1298.21
O01901,2024-08-19,C0050,P002,4,787.94,0.1,2836.58,-596.02
O01902,2024-01-12,C0119,P026,4,39.15,0.0,156.6,-3399.44
O01903,2025-01-23,C0651,P012,4,312.99,0.1,1126.76,1037.72
O01904,2025-12-05,C0016,P033,4,1117.52,0.0,4470.08,2921.88
O01905,2024-02-20,C0549,P059,5,66.68,0.05,316.73,-910.62
O01906,2025-08-19,C0401,P014,3,465.85,0.0,1397.55,-795.96
O01907,2025-01-29,C0278,P023,3,69.97,0.05,199.41,-2449.86
O01908,2025-06-12,C0691,P027,3,1014.33,0.1,2738.69,1500.5
O01909,2024-03-11,C0680,P048,5,424.33,0.1,1909.48,-2145.92
O01910,2025-09-27,C0261,P060,6,303.49,0.1,1638.85,1000.81
O01911,2024-01-09,C0004,P006,4,358.18,0.0,1432.72,1224.08
O01912,2025-10-24,C0103,P030,5,81.03,0.1,364.64,-267.96
O01913,2025-04-25,C0086,P046,3,1026.09,0.0,3078.27,2083.59
O01914,2024-09-03,C0786,P001,6,546.74,0.05,3116.42,-1443.76
O01915,2024-01-06,C0478,P049,3,603.63,0.05,1720.35,1586.28
O01916,2025-03-22,C0542,P015,3,720.35,0.1,1944.95,498.68
O01917,2024-03-04,C0185,P032,1,127.03,0.15,107.98,-350.64
O01918,2025-03-21,C0681,P059,2,66.68,0.0,133.36,-357.58
O01919,2025-07-19,C0579,P039,6,240.05,0.1,1296.27,-3978.39
O01920,2024-07-14,C0602,P060,1,303.49,0.0,303.49,197.15
O01921,2024-06-23,C0375,P037,2,1029.46,0.05,1955.97,1438.49
O01922,2024-06-11,C0559,P013,6,485.0,0.1,2619.0,121.02
O01923,2024-06-13,C0436,P042,7,233.96,0.1,1473.95,-2832.66
O01924,2024-03-24,C0308,P037,3,1029.46,0.15,2625.12,1848.9
O01925,2024-07-01,C0476,P019,3,46.28,0.1,124.96,-2421.26
O01926,2025-04-26,C0260,P005,4,831.29,0.0,3325.16,2741.6
O01927,2024-08-09,C0763,P039,6,240.05,0.2,1152.24,-4122.42
O01928,2025-07-24,C0574,P035,4,615.36,0.15,2092.22,1130.78
O01929,2025-08-21,C0592,P047,2,272.32,0.0,544.64,-493.44
O01930,2025-07-10,C0574,P008,4,635.81,0.0,2543.24,1028.16
O01931,2025-01-29,C0359,P033,2,1117.52,0.0,2235.04,1460.94
O01932,2024-08-19,C0761,P050,5,301.39,0.1,1356.26,754.76
O01933,2025-11-10,C0167,P054,1,1191.51,0.2,953.21,308.12
O01934,2024-05-30,C0455,P057,5,743.47,0.1,3345.62,2503.92
O01935,2024-12-05,C0056,P013,1,485.0,0.0,485.0,68.67
O01936,2024-11-27,C0236,P011,7,148.23,0.0,1037.61,-3090.22
O01937,2025-06-29,C0460,P035,5,615.36,0.05,2922.96,1721.16
O01938,2025-02-03,C0392,P028,1,586.16,0.0,586.16,287.89
O01939,2025-08-07,C0753,P015,7,720.35,0.0,5042.45,1667.82
O01940,2025-11-02,C0491,P007,5,540.47,0.0,2702.35,2030.3
O01941,2024-10-12,C0330,P009,5,57.81,0.0,289.05,-1005.35
O01942,2025-10-01,C0342,P021,1,949.32,0.0,949.32,685.84
O01943,2024-05-04,C0490,P045,2,570.48,0.1,1026.86,-268.96
O01944,2025-10-31,C0633,P004,6,187.13,0.0,1122.78,-1549.92
O01945,2024-05-10,C0222,P007,4,540.47,0.0,2161.88,1624.24
O01946,2025-09-13,C0468,P016,5,627.86,0.05,2982.34,2835.19
O01947,2024-10-12,C0460,P053,7,858.22,0.2,4806.03,957.36
O01948,2025-12-06,C0008,P060,3,303.49,0.1,819.42,500.4
O01949,2024-04-04,C0731,P027,3,1014.33,0.05,2890.84,1652.65
O01950,2024-12-06,C0456,P003,6,1064.41,0.1,5747.81,5068.91
O01951,2025-10-21,C0194,P001,1,546.74,0.1,492.07,-267.96
O01952,2024-02-04,C0507,P052,4,1125.55,0.1,4051.98,1139.26
O01953,2024-07-12,C0543,P027,6,1014.33,0.05,5781.68,3305.3
O01954,2024-03-02,C0733,P005,2,831.29,0.05,1579.45,1287.67
O01955,2024-08-22,C0028,P051,3,174.29,0.05,496.73,-1528.06
O01956,2024-10-12,C0331,P032,4,127.03,0.0,508.12,-1326.36
O01957,2025-03-28,C0145,P021,1,949.32,0.0,949.32,685.84
O01958,2024-07-07,C0460,P028,1,586.16,0.0,586.16,287.89
O01959,2024-04-25,C0402,P014,2,465.85,0.0,931.7,-530.64
O01960,2024-05-04,C0380,P056,7,649.23,0.05,4317.38,1012.96
O01961,2025-11-16,C0786,P048,2,424.33,0.05,806.23,-815.93
O01962,2025-11-27,C0426,P012,6,312.99,0.0,1877.94,1744.38
O01963,2024-06-10,C0329,P045,3,570.48,0.0,1711.44,-232.29
O01964,2024-05-22,C0054,P011,6,148.23,0.0,889.38,-2648.76
O01965,2024-02-09,C0232,P028,3,586.16,0.1,1582.63,687.82
O01966,2025-12-02,C0718,P045,7,570.48,0.0,3993.36,-542.01
O01967,2025-05-31,C0362,P003,3,1064.41,0.0,3193.23,2853.78
O01968,2025-07-10,C0729,P044,6,431.66,0.0,2589.96,633.12
O01969,2024-07-31,C0427,P014,6,465.85,0.05,2655.34,-1731.68
O01970,2025-04-13,C0439,P042,4,233.96,0.0,935.84,-1525.08
O01971,2024-02-13,C0344,P030,5,81.03,0.05,384.89,-247.71
O01972,2025-05-09,C0446,P002,1,787.94,0.05,748.54,-109.61
O01973,2025-02-27,C0054,P046,4,1026.09,0.15,3488.71,2162.47
O01974,2024-08-30,C0047,P016,3,627.86,0.1,1695.22,1606.93
O01975,2025-06-03,C0381,P058,7,1114.65,0.0,7802.55,7644.56
O01976,2025-04-17,C0479,P051,7,174.29,0.0,1220.03,-3504.48
O01977,2024-11-16,C0441,P012,6,312.99,0.1,1690.15,1556.59
O01978,2024-05-16,C0344,P037,7,1029.46,0.0,7206.22,5395.04
O01979,2024-01-18,C0236,P022,7,1116.41,0.15,6642.64,2633.04
O01980,2025-11-16,C0568,P037,6,1029.46,0.05,5867.92,4315.48
O01981,2024-07-24,C0484,P034,5,1165.94,0.0,5829.7,3543.95
O01982,2024-08-08,C0038,P018,2,943.73,0.0,1887.46,1688.94
O01983,2025-05-12,C0362,P040,6,56.66,0.15,288.97,-1380.53
O01984,2024-07-05,C0569,P016,2,627.86,0.2,1004.58,945.72
O01985,2024-10-01,C0628,P055,2,212.17,0.15,360.69,-267.25
O01986,2025-06-03,C0230,P057,7,743.47,0.0,5204.29,4025.91
O01987,2025-03-11,C0740,P010,1,460.99,0.1,414.89,-141.91
O01988,2025-04-24,C0522,P044,1,431.66,0.0,431.66,105.52
O01989,2024-01-04,C0351,P056,4,649.23,0.0,2596.92,708.68
O01990,2024-11-25,C0502,P008,5,635.81,0.1,2861.14,967.29
O01991,2024-12-13,C0698,P045,1,570.48,0.2,456.38,-191.53
O01992,2025-04-07,C0182,P057,3,743.47,0.0,2230.41,1725.39
O01993,2024-04-20,C0121,P014,2,465.85,0.05,885.12,-577.22
O01994,2024-04-26,C0353,P035,3,615.36,0.0,1846.08,1125.0
O01995,2025-07-11,C0068,P048,2,424.33,0.0,848.66,-773.5
O01996,2025-05-07,C0669,P021,5,949.32,0.0,4746.6,3429.2
O01997,2025-08-15,C0777,P015,4,720.35,0.15,2449.19,520.83
O01998,2024-07-16,C0485,P024,7,665.45,0.0,4658.15,1816.22
O01999,2025-12-30,C0784,P021,1,949.32,0.1,854.39,590.91
O02000,2024-07-18,C0055,P044,6,431.66,0.0,2589.96,633.12
O02001,2025-04-20,C0507,P023,7,69.97,0.05,465.3,-5716.33
O02002,2024-04-28,C0355,P023,4,69.97,0.0,279.88,-3252.48
O02003,2025-11-02,C0222,P057,5,743.47,0.0,3717.35,2875.65
O02004,2024-08-30,C0250,P035,4,615.36,0.05,2338.37,1376.93
O02005,2025-08-09,C0437,P056,5,649.23,0.05,3083.84,723.54
O02006,2024-08-30,C0514,P043,7,330.9,0.15,1968.85,-2305.21
O02007,2025-08-01,C0132,P054,4,1191.51,0.0,4766.04,2185.68
O02008,2024-11-28,C0492,P012,5,312.99,0.05,1486.7,1375.4
O02009,2024-02-15,C0742,P057,7,743.47,0.15,4423.65,3245.27
O02010,2024-05-19,C0009,P057,4,743.47,0.0,2973.88,2300.52
O02011,2025-05-14,C0703,P003,2,1064.41,0.15,1809.5,1583.2
O02012,2024-05-21,C0487,P022,5,1116.41,0.2,4465.64,1601.64
O02013,2024-07-20,C0274,P025,5,416.82,0.1,1875.69,1172.69
O02014,2025-01-31,C0588,P026,2,39.15,0.05,74.38,-1703.64
O02015,2024-07-03,C0495,P047,6,272.32,0.1,1470.53,-1643.71
O02016,2024-04-04,C0615,P042,1,233.96,0.05,222.26,-392.97
O02017,2025-04-01,C0066,P013,3,485.0,0.05,1382.25,133.26
O02018,2025-05-18,C0048,P037,6,1029.46,0.2,4941.41,3388.97
O02019,2025-06-19,C0514,P059,5,66.68,0.0,333.4,-893.95
O02020,2025-11-21,C0243,P027,5,1014.33,0.1,4564.49,2500.84
O02021,2024-04-01,C0191,P056,5,649.23,0.05,3083.84,723.54
O02022,2024-11-07,C0338,P039,2,240.05,0.0,480.1,-1278.12
O02023,2024-06-20,C0581,P056,7,649.23,0.05,4317.38,1012.96
O02024,2025-10-20,C0144,P055,3,212.17,0.1,572.86,-369.05
O02025,2025-01-29,C0779,P002,6,787.94,0.05,4491.26,-657.64
O02026,2024-03-12,C0337,P049,7,603.63,0.1,3802.87,3490.04
O02027,2025-05-20,C0121,P012,2,312.99,0.0,625.98,581.46
O02028,2024-02-01,C0057,P050,5,301.39,0.15,1280.91,679.41
O02029,2024-07-19,C0686,P049,1,603.63,0.05,573.45,528.76
O02030,2025-06-11,C0091,P016,5,627.86,0.1,2825.37,2678.22
O02031,2025-01-04,C0336,P004,4,187.13,0.0,748.52,-1033.28
O02032,2025-07-10,C0535,P026,1,39.15,0.0,39.15,-849.86
O02033,2025-02-21,C0411,P019,5,46.28,0.15,196.69,-4047.01
O02034,2025-09-08,C0211,P034,7,1165.94,0.0,8161.58,4961.53
O02035,2025-02-15,C0087,P005,1,831.29,0.0,831.29,685.4
O02036,2024-02-11,C0570,P003,7,1064.41,0.1,6705.78,5913.73
O02037,2024-02-22,C0393,P027,6,1014.33,0.1,5477.38,3001.0
O02038,2025-07-21,C0039,P047,4,272.32,0.15,925.89,-1150.27
O02039,2024-01-29,C0145,P019,7,46.28,0.1,291.56,-5649.62
O02040,2024-10-02,C0451,P020,3,921.34,0.15,2349.42,713.76
O02041,2024-01-12,C0135,P010,6,460.99,0.05,2627.64,-713.16
O02042,2024-08-09,C0314,P017,5,517.11,0.05,2456.27,871.77
O02043,2025-03-11,C0100,P018,5,943.73,0.1,4246.78,3750.48
O02044,2024-05-06,C0638,P016,6,627.86,0.1,3390.44,3213.86
O02045,2024-12-06,C0505,P021,7,949.32,0.0,6645.24,4800.88
O02046,2025-12-29,C0628,P018,6,943.73,0.0,5662.38,5066.82
O02047,2024-02-21,C0042,P041,5,256.22,0.05,1217.04,-576.66
O02048,2024-02-16,C0301,P021,7,949.32,0.1,5980.72,4136.36
O02049,2024-07-17,C0215,P046,4,1026.09,0.05,3899.14,2572.9
O02050,2025-08-27,C0499,P037,5,1029.46,0.1,4632.57,3338.87
O02051,2024-10-23,C0658,P039,2,240.05,0.1,432.09,-1326.13
O02052,2025-04-12,C0183,P036,3,548.94,0.0,1646.82,-678.12
O02053,2024-01-25,C0616,P056,7,649.23,0.05,4317.38,1012.96
O02054,2025-06-21,C0465,P016,4,627.86,0.05,2385.87,2268.15
O02055,2024-02-19,C0660,P059,4,66.68,0.0,266.72,-715.16
O02056,2025-06-04,C0066,P013,6,485.0,0.05,2764.5,266.52
O02057,2024-04-18,C0793,P009,3,57.81,0.05,164.76,-611.88
O02058,2025-09-19,C0348,P050,2,301.39,0.1,542.5,301.9
O02059,2024-08-04,C0225,P054,1,1191.51,0.05,1131.93,486.84
O02060,2024-05-14,C0147,P006,2,358.18,0.0,716.36,612.04
O02061,2024-09-03,C0788,P036,4,548.94,0.05,2085.97,-1013.95
O02062,2024-01-01,C0707,P031,6,333.66,0.1,1801.76,-3306.76
O02063,2024-04-30,C0105,P014,3,465.85,0.05,1327.67,-865.84
O02064,2025-03-13,C0356,P032,4,127.03,0.0,508.12,-1326.36
O02065,2024-08-07,C0587,P042,2,233.96,0.15,397.73,-832.73
O02066,2024-09-15,C0473,P035,6,615.36,0.0,3692.16,2250.0
O02067,2025-08-13,C0152,P032,4,127.03,0.0,508.12,-1326.36
O02068,2024-03-31,C0289,P054,2,1191.51,0.0,2383.02,1092.84
O02069,2024-10-16,C0295,P014,5,465.85,0.1,2096.33,-1559.52
O02070,2024-05-16,C0231,P038,3,646.25,0.1,1744.88,673.88
O02071,2024-12-18,C0769,P019,7,46.28,0.0,323.96,-5617.22
O02072,2024-08-30,C0163,P059,2,66.68,0.1,120.02,-370.92
O02073,2024-02-03,C0566,P016,7,627.86,0.1,3955.52,3749.51
O02074,2024-02-21,C0730,P053,5,858.22,0.15,3647.44,898.39
O02075,2025-09-15,C0636,P038,1,646.25,0.15,549.31,192.31
O02076,2024-02-11,C0640,P013,6,485.0,0.1,2619.0,121.02
O02077,2025-07-26,C0128,P046,6,1026.09,0.0,6156.54,4167.18
O02078,2025-10-31,C0107,P015,4,720.35,0.0,2881.4,953.04
O02079,2024-12-06,C0627,P016,2,627.86,0.15,1067.36,1008.5
O02080,2024-08-16,C0598,P021,4,949.32,0.05,3607.42,2553.5
O02081,2025-07-21,C0594,P041,5,256.22,0.05,1217.04,-576.66
O02082,2025-12-19,C0335,P024,1,665.45,0.15,565.63,159.64
O02083,2024-03-29,C0419,P035,3,615.36,0.15,1569.17,848.09
O02084,2025-12-05,C0013,P034,5,1165.94,0.1,5246.73,2960.98
O02085,2025-11-20,C0233,P012,4,312.99,0.15,1064.17,975.13
O02086,2024-04-14,C0423,P014,7,465.85,0.0,3260.95,-1857.24
O02087,2024-02-10,C0101,P019,2,46.28,0.1,83.3,-1614.18
O02088,2025-06-06,C0105,P014,6,465.85,0.2,2236.08,-2150.94
O02089,2024-02-26,C0037,P056,3,649.23,0.0,1947.69,531.51
O02090,2025-03-15,C0168,P023,2,69.97,0.0,139.94,-1626.24
O02091,2024-02-17,C0795,P025,7,416.82,0.1,2625.97,1641.77
O02092,2025-05-19,C0557,P041,5,256.22,0.05,1217.04,-576.66
O02093,2024-06-18,C0759,P048,4,424.33,0.0,1697.32,-1547.0
O02094,2024-03-11,C0206,P042,3,233.96,0.0,701.88,-1143.81
O02095,2024-02-18,C0480,P034,7,1165.94,0.0,8161.58,4961.53
O02096,2024-05-17,C0714,P059,1,66.68,0.0,66.68,-178.79
O02097,2025-01-30,C0282,P054,1,1191.51,0.15,1012.78,367.69
O02098,2024-02-26,C0526,P013,2,485.0,0.1,873.0,40.34
O02099,2025-08-09,C0555,P010,5,460.99,0.1,2074.46,-709.54
O02100,2025-03-17,C0666,P024,1,665.45,0.0,665.45,259.46
O02101,2024-08-05,C0776,P051,6,174.29,0.0,1045.74,-3003.84
O02102,2025-12-22,C0493,P058,2,1114.65,0.0,2229.3,2184.16
O02103,2025-04-26,C0467,P043,5,330.9,0.15,1406.32,-1646.58
O02104,2025-05-06,C0696,P042,6,233.96,0.2,1123.01,-2568.37
O02105,2024-05-07,C0548,P015,7,720.35,0.0,5042.45,1667.82
O02106,2025-06-03,C0290,P036,3,548.94,0.2,1317.46,-1007.48
O02107,2025-02-12,C0505,P012,1,312.99,0.0,312.99,290.73
O02108,2025-12-20,C0440,P033,6,1117.52,0.0,6705.12,4382.82
O02109,2024-12-15,C0184,P012,4,312.99,0.1,1126.76,1037.72
O02110,2025-05-10,C0413,P005,7,831.29,0.0,5819.03,4797.8
O02111,2024-09-06,C0499,P059,2,66.68,0.15,113.36,-377.58
O02112,2024-01-30,C0724,P054,5,1191.51,0.0,5957.55,2732.1
O02113,2024-04-03,C0465,P042,1,233.96,0.1,210.56,-404.67
O02114,2025-09-25,C0132,P038,4,646.25,0.0,2585.0,1157.0
O02115,2025-06-23,C0791,P015,1,720.35,0.0,720.35,238.26
O02116,2024-09-23,C0463,P035,6,615.36,0.0,3692.16,2250.0
O02117,2025-05-25,C0230,P045,5,570.48,0.15,2424.54,-815.01
O02118,2024-01-04,C0604,P033,1,1117.52,0.05,1061.64,674.59
O02119,2024-01-28,C0308,P017,4,517.11,0.05,1965.02,697.42
O02120,2025-01-05,C0297,P024,3,665.45,0.0,1996.35,778.38
O02121,2025-04-01,C0672,P051,5,174.29,0.0,871.45,-2503.2
O02122,2025-11-15,C0695,P016,4,627.86,0.0,2511.44,2393.72
O02123,2025-07-09,C0420,P058,4,1114.65,0.1,4012.74,3922.46
O02124,2024-07-07,C0299,P046,6,1026.09,0.0,6156.54,4167.18
O02125,2025-08-18,C0691,P054,4,1191.51,0.0,4766.04,2185.68
O02126,2024-12-25,C0139,P031,6,333.66,0.05,1901.86,-3206.66
O02127,2025-08-26,C0598,P014,7,465.85,0.05,3097.9,-2020.29
O02128,2024-05-07,C0468,P003,6,1064.41,0.0,6386.46,5707.56
O02129,2024-01-20,C0684,P033,7,1117.52,0.0,7822.64,5113.29
O02130,2024-02-12,C0337,P024,5,665.45,0.0,3327.25,1297.3
O02131,2025-12-25,C0666,P007,4,540.47,0.1,1945.69,1408.05
O02132,2024-02-28,C0013,P056,4,649.23,0.0,2596.92,708.68
O02133,2025-11-17,C0607,P059,2,66.68,0.1,120.02,-370.92
O02134,2025-06-15,C0056,P023,6,69.97,0.0,419.82,-4878.72
O02135,2024-04-16,C0514,P041,5,256.22,0.15,1088.94,-704.76
O02136,2025-09-23,C0157,P025,7,416.82,0.2,2334.19,1349.99
O02137,2024-04-15,C0771,P030,5,81.03,0.0,405.15,-227.45
O02138,2024-04-14,C0616,P038,4,646.25,0.05,2455.75,1027.75
O02139,2025-02-24,C0084,P025,3,416.82,0.0,1250.46,828.66
O02140,2024-07-29,C0714,P049,7,603.63,0.1,3802.87,3490.04
O02141,2024-07-31,C0202,P012,6,312.99,0.05,1784.04,1650.48
O02142,2024-05-22,C0437,P041,7,256.22,0.05,1703.86,-807.32
O02143,2025-03-20,C0069,P059,5,66.68,0.0,333.4,-893.95
O02144,2024-01-20,C0085,P052,4,1125.55,0.0,4502.2,1589.48
O02145,2024-06-28,C0194,P003,1,1064.41,0.1,957.97,844.82
O02146,2025-02-08,C0428,P007,1,540.47,0.05,513.45,379.04
O02147,2024-12-21,C0435,P038,5,646.25,0.1,2908.12,1123.12
O02148,2025-05-26,C0685,P056,2,649.23,0.1,1168.61,224.49
O02149,2024-06-07,C0133,P051,1,174.29,0.05,165.58,-509.35
O02150,2025-04-18,C0600,P055,6,212.17,0.05,1209.37,-674.45
O02151,2025-07-09,C0005,P009,5,57.81,0.15,245.69,-1048.71
O02152,2024-10-10,C0233,P032,1,127.03,0.1,114.33,-344.29
O02153,2024-07-06,C0141,P044,4,431.66,0.15,1467.64,163.08
O02154,2025-02-09,C0100,P038,4,646.25,0.2,2068.0,640.0
O02155,2025-02-27,C0468,P047,1,272.32,0.0,272.32,-246.72
O02156,2024-03-09,C0721,P013,5,485.0,0.1,2182.5,100.85
O02157,2025-02-17,C0534,P028,3,586.16,0.1,1582.63,687.82
O02158,2024-04-22,C0684,P027,7,1014.33,0.0,7100.31,4211.2
O02159,2025-02-19,C0474,P057,1,743.47,0.05,706.3,537.96
O02160,2025-11-12,C0043,P013,6,485.0,0.0,2910.0,412.02
O02161,2025-01-27,C0277,P020,1,921.34,0.05,875.27,330.05
O02162,2025-07-10,C0659,P002,6,787.94,0.0,4727.64,-421.26
O02163,2024-08-14,C0036,P010,6,460.99,0.1,2489.35,-851.45
O02164,2025-11-05,C0078,P059,3,66.68,0.1,180.04,-556.37
O02165,2025-08-17,C0668,P051,2,174.29,0.05,331.15,-1018.71
O02166,2025-11-01,C0051,P016,1,627.86,0.0,627.86,598.43
O02167,2025-06-26,C0768,P043,3,330.9,0.05,943.06,-888.68
O02168,2025-04-19,C0607,P036,5,548.94,0.0,2744.7,-1130.2
O02169,2025-01-18,C0533,P055,6,212.17,0.0,1273.02,-610.8
O02170,2025-11-09,C0430,P019,2,46.28,0.0,92.56,-1604.92
O02171,2025-09-12,C0072,P060,1,303.49,0.15,257.97,151.63
O02172,2024-10-31,C0332,P023,4,69.97,0.0,279.88,-3252.48
O02173,2024-03-03,C0647,P044,5,431.66,0.05,2050.39,419.69
O02174,2024-01-03,C0724,P024,7,665.45,0.15,3959.43,1117.5
O02175,2024-06-19,C0358,P041,6,256.22,0.0,1537.32,-615.12
O02176,2024-02-15,C0672,P021,4,949.32,0.15,3227.69,2173.77
O02177,2024-06-03,C0622,P051,5,174.29,0.0,871.45,-2503.2
O02178,2024-03-21,C0047,P039,5,240.05,0.0,1200.25,-3195.3
O02179,2025-12-18,C0497,P018,4,943.73,0.0,3774.92,3377.88
O02180,2024-03-10,C0493,P058,5,1114.65,0.05,5294.59,5181.74
O02181,2025-04-03,C0435,P043,2,330.9,0.2,529.44,-691.72
O02182,2024-09-14,C0618,P026,6,39.15,0.1,211.41,-5122.65
O02183,2024-05-07,C0712,P009,7,57.81,0.05,384.44,-1427.72
O02184,2025-05-27,C0441,P059,4,66.68,0.0,266.72,-715.16
O02185,2025-12-10,C0257,P046,4,1026.09,0.15,3488.71,2162.47
O02186,2025-07-31,C0787,P041,4,256.22,0.05,973.64,-461.32
O02187,2025-12-13,C0771,P050,6,301.39,0.0,1808.34,1086.54
O02188,2025-03-07,C0549,P037,2,1029.46,0.2,1647.14,1129.66
O02189,2025-05-07,C0513,P014,3,465.85,0.0,1397.55,-795.96
O02190,2024-04-17,C0084,P015,5,720.35,0.0,3601.75,1191.3
O02191,2025-09-15,C0322,P005,5,831.29,0.0,4156.45,3427.0
O02192,2025-06-30,C0159,P004,3,187.13,0.0,561.39,-774.96
O02193,2024-07-04,C0412,P044,1,431.66,0.1,388.49,62.35
O02194,2024-09-16,C0661,P052,4,1125.55,0.05,4277.09,1364.37
O02195,2025-03-22,C0180,P010,5,460.99,0.2,1843.96,-940.04
O02196,2024-01-10,C0798,P035,6,615.36,0.0,3692.16,2250.0
O02197,2025-08-20,C0104,P008,1,635.81,0.05,604.02,225.25
O02198,2024-07-24,C0079,P025,1,416.82,0.1,375.14,234.54
O02199,2024-02-24,C0780,P048,3,424.33,0.05,1209.34,-1223.9
O02200,2024-08-29,C0081,P049,4,603.63,0.05,2293.79,2115.03
O02201,2025-09-02,C0589,P057,1,743.47,0.05,706.3,537.96
O02202,2024-07-19,C0611,P019,2,46.28,0.1,83.3,-1614.18
O02203,2025-01-29,C0265,P057,3,743.47,0.15,1895.85,1390.83
O02204,2025-08-16,C0052,P048,2,424.33,0.0,848.66,-773.5
O02205,2024-01-25,C0247,P021,5,949.32,0.05,4509.27,3191.87
O02206,2025-07-09,C0055,P020,1,921.34,0.05,875.27,330.05
O02207,2024-07-30,C0538,P007,7,540.47,0.0,3783.29,2842.42
O02208,2025-05-23,C0712,P056,2,649.23,0.0,1298.46,354.34
O02209,2024-05-17,C0798,P013,4,485.0,0.2,1552.0,-113.32
O02210,2024-04-11,C0641,P017,7,517.11,0.0,3619.77,1401.47
O02211,2025-07-30,C0620,P025,5,416.82,0.0,2084.1,1381.1
O02212,2025-08-13,C0706,P009,7,57.81,0.05,384.44,-1427.72
O02213,2025-12-18,C0616,P049,1,603.63,0.0,603.63,558.94
O02214,2025-05-10,C0521,P042,6,233.96,0.0,1403.76,-2287.62
O02215,2024-12-06,C0798,P010,1,460.99,0.0,460.99,-95.81
O02216,2024-05-22,C0259,P010,5,460.99,0.0,2304.95,-479.05
O02217,2024-08-03,C0331,P002,3,787.94,0.0,2363.82,-210.63
O02218,2025-04-18,C0726,P057,6,743.47,0.1,4014.74,3004.7
O02219,2024-09-10,C0249,P027,1,1014.33,0.0,1014.33,601.6
O02220,2024-12-19,C0239,P040,7,56.66,0.0,396.62,-1551.13
O02221,2024-05-02,C0122,P009,4,57.81,0.05,219.68,-815.84
O02222,2024-11-17,C0221,P014,4,465.85,0.0,1863.4,-1061.28
O02223,2024-06-22,C0475,P033,4,1117.52,0.0,4470.08,2921.88
O02224,2024-03-22,C0710,P013,1,485.0,0.0,485.0,68.67
O02225,2024-04-06,C0110,P037,3,1029.46,0.0,3088.38,2312.16
O02226,2025-01-13,C0545,P056,5,649.23,0.0,3246.15,885.85
O02227,2024-09-24,C0614,P019,7,46.28,0.0,323.96,-5617.22
O02228,2024-03-14,C0717,P037,7,1029.46,0.15,6125.29,4314.11
O02229,2025-01-10,C0601,P055,4,212.17,0.2,678.94,-576.94
O02230,2024-04-30,C0125,P054,2,1191.51,0.15,2025.57,735.39
O02231,2024-01-12,C0392,P001,4,546.74,0.0,2186.96,-853.16
O02232,2024-04-06,C0762,P007,4,540.47,0.1,1945.69,1408.05
O02233,2024-11-23,C0727,P060,3,303.49,0.05,864.95,545.93
O02234,2025-11-28,C0491,P056,3,649.23,0.0,1947.69,531.51
O02235,2024-06-25,C0771,P020,7,921.34,0.15,5481.97,1665.43
O02236,2024-07-27,C0535,P032,3,127.03,0.1,342.98,-1032.88
O02237,2024-06-26,C0052,P035,1,615.36,0.0,615.36,375.0
O02238,2024-09-16,C0732,P041,6,256.22,0.2,1229.86,-922.58
O02239,2025-06-08,C0135,P046,5,1026.09,0.0,5130.45,3472.65
O02240,2024-08-23,C0305,P023,3,69.97,0.05,199.41,-2449.86
O02241,2025-04-25,C0191,P054,5,1191.51,0.0,5957.55,2732.1
O02242,2025-10-18,C0576,P004,7,187.13,0.0,1309.91,-1808.24
O02243,2025-11-22,C0024,P002,7,787.94,0.2,4412.46,-1594.59
O02244,2025-02-15,C0513,P058,6,1114.65,0.05,6353.5,6218.08
O02245,2025-06-05,C0692,P011,5,148.23,0.0,741.15,-2207.3
O02246,2025-11-02,C0631,P060,1,303.49,0.1,273.14,166.8
O02247,2025-07-29,C0246,P018,4,943.73,0.15,3208.68,2811.64
O02248,2024-08-07,C0718,P022,6,1116.41,0.15,5693.69,2256.89
O02249,2024-04-06,C0290,P002,6,787.94,0.15,4018.49,-1130.41
O02250,2024-03-24,C0545,P057,6,743.47,0.15,3791.7,2781.66
O02251,2025-10-06,C0406,P022,7,1116.41,0.05,7424.13,3414.53
O02252,2025-02-10,C0055,P011,4,148.23,0.0,592.92,-1765.84
O02253,2024-08-04,C0003,P030,1,81.03,0.15,68.88,-57.64
O02254,2024-09-09,C0147,P010,4,460.99,0.0,1843.96,-383.24
O02255,2024-07-24,C0748,P048,3,424.33,0.0,1272.99,-1160.25
O02256,2025-08-09,C0764,P005,6,831.29,0.0,4987.74,4112.4
O02257,2025-03-23,C0329,P030,6,81.03,0.0,486.18,-272.94
O02258,2025-10-04,C0775,P024,3,665.45,0.05,1896.53,678.56
O02259,2024-08-08,C0040,P003,3,1064.41,0.15,2714.25,2374.8
O02260,2024-12-11,C0774,P004,2,187.13,0.05,355.55,-535.35
O02261,2024-03-29,C0185,P032,1,127.03,0.05,120.68,-337.94
O02262,2025-12-11,C0030,P024,3,665.45,0.0,1996.35,778.38
O02263,2025-01-09,C0607,P008,2,635.81,0.1,1144.46,386.92
O02264,2025-02-08,C0306,P009,2,57.81,0.0,115.62,-402.14
O02265,2024-10-29,C0234,P049,7,603.63,0.0,4225.41,3912.58
O02266,2024-07-17,C0608,P044,5,431.66,0.05,2050.39,419.69
O02267,2025-11-24,C0267,P037,4,1029.46,0.05,3911.95,2876.99
O02268,2024-12-23,C0603,P051,2,174.29,0.0,348.58,-1001.28
O02269,2025-05-08,C0157,P005,6,831.29,0.0,4987.74,4112.4
O02270,2024-01-28,C0069,P042,5,233.96,0.0,1169.8,-1906.35
O02271,2024-07-20,C0260,P046,4,1026.09,0.1,3693.92,2367.68
O02272,2025-08-10,C0488,P013,4,485.0,0.0,1940.0,274.68
O02273,2024-03-05,C0180,P033,4,1117.52,0.0,4470.08,2921.88
O02274,2024-03-15,C0115,P047,6,272.32,0.15,1388.83,-1725.41
O02275,2025-08-14,C0600,P037,6,1029.46,0.1,5559.08,4006.64
O02276,2024-08-13,C0395,P015,4,720.35,0.0,2881.4,953.04
O02277,2024-07-19,C0346,P040,5,56.66,0.1,254.97,-1136.28
O02278,2025-02-17,C0192,P046,7,1026.09,0.0,7182.63,4861.71
O02279,2024-05-22,C0015,P001,3,546.74,0.0,1640.22,-639.87
O02280,2024-02-01,C0043,P035,7,615.36,0.1,3876.77,2194.25
O02281,2024-01-04,C0546,P031,5,333.66,0.0,1668.3,-2588.8
O02282,2024-02-27,C0065,P023,2,69.97,0.0,139.94,-1626.24
O02283,2024-04-25,C0198,P003,7,1064.41,0.15,6333.24,5541.19
O02284,2025-05-23,C0729,P006,5,358.18,0.1,1611.81,1351.01
O02285,2024-08-05,C0276,P046,3,1026.09,0.15,2616.53,1621.85
O02286,2024-02-22,C0596,P050,2,301.39,0.15,512.36,271.76
O02287,2024-01-11,C0275,P026,7,39.15,0.0,274.05,-5949.02
O02288,2024-12-14,C0746,P057,6,743.47,0.05,4237.78,3227.74
O02289,2025-09-06,C0658,P056,1,649.23,0.0,649.23,177.17
O02290,2024-09-04,C0376,P040,5,56.66,0.1,254.97,-1136.28
O02291,2024-02-16,C0548,P035,1,615.36,0.0,615.36,375.0
O02292,2024-06-15,C0331,P058,3,1114.65,0.0,3343.95,3276.24
O02293,2024-12-31,C0756,P037,4,1029.46,0.0,4117.84,3082.88
O02294,2024-05-17,C0287,P057,2,743.47,0.1,1338.25,1001.57
O02295,2025-12-16,C0670,P059,4,66.68,0.0,266.72,-715.16
O02296,2025-07-12,C0494,P012,4,312.99,0.05,1189.36,1100.32
O02297,2024-09-08,C0515,P040,5,56.66,0.15,240.8,-1150.45
O02298,2025-11-26,C0282,P044,6,431.66,0.1,2330.96,374.12
O02299,2024-08-25,C0667,P050,2,301.39,0.0,602.78,362.18
O02300,2024-04-12,C0598,P021,6,949.32,0.0,5695.92,4115.04
O02301,2025-11-16,C0653,P052,2,1125.55,0.15,1913.44,457.08
O02302,2025-12-02,C0642,P030,1,81.03,0.05,76.98,-49.54
O02303,2024-08-16,C0127,P024,4,665.45,0.0,2661.8,1037.84
O02304,2025-03-10,C0701,P010,3,460.99,0.15,1175.52,-494.88
O02305,2024-05-06,C0674,P020,2,921.34,0.0,1842.68,752.24
O02306,2025-04-14,C0195,P059,3,66.68,0.0,200.04,-536.37
O02307,2025-05-19,C0786,P043,7,330.9,0.0,2316.3,-1957.76
O02308,2025-06-02,C0422,P044,5,431.66,0.0,2158.3,527.6
O02309,2025-02-19,C0258,P054,6,1191.51,0.0,7149.06,3278.52
O02310,2025-05-29,C0179,P017,2,517.11,0.1,930.8,297.0
O02311,2025-02-09,C0292,P040,1,56.66,0.0,56.66,-221.59
O02312,2025-08-22,C0031,P023,3,69.97,0.1,188.92,-2460.35
O02313,2024-05-11,C0553,P051,6,174.29,0.1,941.17,-3108.41
O02314,2024-12-19,C0567,P026,7,39.15,0.15,232.94,-5990.13
O02315,2024-10-31,C0535,P052,1,1125.55,0.0,1125.55,397.37
O02316,2025-01-24,C0440,P045,4,570.48,0.1,2053.73,-537.91
O02317,2024-04-13,C0291,P047,3,272.32,0.0,816.96,-740.16
O02318,2024-08-24,C0580,P056,6,649.23,0.1,3505.84,673.48
O02319,2025-11-28,C0698,P048,2,424.33,0.0,848.66,-773.5
O02320,2024-03-17,C0071,P020,4,921.34,0.1,3316.82,1135.94
O02321,2025-04-09,C0307,P032,6,127.03,0.0,762.18,-1989.54
O02322,2025-04-30,C0797,P029,4,580.35,0.05,2205.33,-1316.51
O02323,2024-12-12,C0690,P004,6,187.13,0.0,1122.78,-1549.92
O02324,2024-01-25,C0796,P036,5,548.94,0.0,2744.7,-1130.2
O02325,2024-01-26,C0147,P027,5,1014.33,0.05,4818.07,2754.42
O02326,2024-07-20,C0372,P024,2,665.45,0.0,1330.9,518.92
O02327,2024-03-15,C0105,P007,7,540.47,0.1,3404.96,2464.09
O02328,2024-03-09,C0693,P031,2,333.66,0.1,600.59,-1102.25
O02329,2024-04-27,C0416,P035,7,615.36,0.05,4092.14,2409.62
O02330,2024-05-19,C0195,P007,7,540.47,0.1,3404.96,2464.09
O02331,2025-09-04,C0073,P039,4,240.05,0.1,864.18,-2652.26
O02332,2025-04-11,C0591,P011,7,148.23,0.15,881.97,-3245.86
O02333,2024-01-23,C0650,P009,6,57.81,0.0,346.86,-1206.42
O02334,2025-04-04,C0704,P025,6,416.82,0.05,2375.87,1532.27
O02335,2024-04-09,C0778,P024,1,665.45,0.1,598.91,192.92
O02336,2024-11-03,C0652,P055,1,212.17,0.0,212.17,-101.8
O02337,2024-01-28,C0630,P005,1,831.29,0.0,831.29,685.4
O02338,2024-03-06,C0650,P021,1,949.32,0.0,949.32,685.84
O02339,2024-04-06,C0799,P045,6,570.48,0.05,3251.74,-635.72
O02340,2024-11-12,C0371,P015,2,720.35,0.0,1440.7,476.52
O02341,2024-12-04,C0607,P059,1,66.68,0.1,60.01,-185.46
O02342,2024-09-14,C0656,P045,7,570.48,0.05,3793.69,-741.68
O02343,2025-03-29,C0094,P057,2,743.47,0.1,1338.25,1001.57
O02344,2025-06-10,C0553,P057,6,743.47,0.0,4460.82,3450.78
O02345,2025-06-16,C0272,P007,7,540.47,0.1,3404.96,2464.09
O02346,2025-02-27,C0106,P028,4,586.16,0.1,2110.18,917.1
O02347,2025-02-02,C0137,P045,7,570.48,0.0,3993.36,-542.01
O02348,2024-12-25,C0092,P001,7,546.74,0.0,3827.18,-1493.03
O02349,2024-06-22,C0719,P028,2,586.16,0.0,1172.32,575.78
O02350,2024-12-21,C0618,P042,2,233.96,0.15,397.73,-832.73
O02351,2024-01-08,C0082,P048,3,424.33,0.0,1272.99,-1160.25
O02352,2025-12-07,C0501,P025,4,416.82,0.0,1667.28,1104.88
O02353,2024-09-27,C0529,P052,6,1125.55,0.0,6753.3,2384.22
O02354,2025-07-06,C0416,P041,2,256.22,0.0,512.44,-205.04
O02355,2025-11-30,C0485,P003,2,1064.41,0.0,2128.82,1902.52
O02356,2024-12-29,C0726,P017,3,517.11,0.1,1396.2,445.5
O02357,2025-09-21,C0416,P057,2,743.47,0.05,1412.59,1075.91
O02358,2024-12-16,C0528,P001,7,546.74,0.1,3444.46,-1875.75
O02359,2024-04-06,C0457,P007,3,540.47,0.0,1621.41,1218.18
O02360,2024-01-20,C0317,P021,7,949.32,0.05,6312.98,4468.62
O02361,2024-04-09,C0713,P060,1,303.49,0.1,273.14,166.8
O02362,2025-11-19,C0332,P043,1,330.9,0.1,297.81,-312.77
O02363,2024-12-13,C0640,P009,6,57.81,0.15,294.83,-1258.45
O02364,2024-08-21,C0485,P024,2,665.45,0.0,1330.9,518.92
O02365,2024-11-22,C0548,P057,1,743.47,0.05,706.3,537.96
O02366,2024-07-06,C0609,P014,5,465.85,0.1,2096.33,-1559.52
O02367,2025-09-28,C0589,P035,2,615.36,0.0,1230.72,750.0
O02368,2025-12-31,C0452,P028,1,586.16,0.1,527.54,229.27
O02369,2024-03-03,C0493,P046,3,1026.09,0.0,3078.27,2083.59
O02370,2025-06-09,C0408,P046,4,1026.09,0.0,4104.36,2778.12
O02371,2024-09-02,C0272,P050,4,301.39,0.1,1085.0,603.8
O02372,2024-02-04,C0582,P008,5,635.81,0.1,2861.14,967.29
O02373,2025-11-05,C0704,P028,1,586.16,0.15,498.24,199.97
O02374,2024-02-15,C0565,P042,3,233.96,0.15,596.6,-1249.09
O02375,2024-05-30,C0618,P026,3,39.15,0.0,117.45,-2549.58
O02376,2024-01-19,C0665,P041,3,256.22,0.05,730.23,-345.99
O02377,2024-12-10,C0294,P039,4,240.05,0.2,768.16,-2748.28
O02378,2025-03-14,C0051,P023,2,69.97,0.0,139.94,-1626.24
O02379,2024-08-22,C0271,P007,5,540.47,0.05,2567.23,1895.18
O02380,2024-02-22,C0604,P059,7,66.68,0.15,396.75,-1321.54
O02381,2024-03-25,C0653,P050,5,301.39,0.0,1506.95,905.45
O02382,2025-11-13,C0412,P054,3,1191.51,0.15,3038.35,1103.08
O02383,2025-08-12,C0623,P018,4,943.73,0.05,3586.17,3189.13
O02384,2025-11-15,C0060,P019,5,46.28,0.15,196.69,-4047.01
O02385,2025-01-23,C0516,P020,6,921.34,0.05,5251.64,1980.32
O02386,2025-02-03,C0544,P002,3,787.94,0.1,2127.44,-447.01
O02387,2025-07-28,C0407,P011,1,148.23,0.1,133.41,-456.28
O02388,2025-03-26,C0574,P019,5,46.28,0.0,231.4,-4012.3
O02389,2024-11-15,C0394,P060,5,303.49,0.05,1441.58,909.88
O02390,2024-08-01,C0419,P013,1,485.0,0.15,412.25,-4.08
O02391,2024-12-20,C0484,P031,5,333.66,0.2,1334.64,-2922.46
O02392,2024-02-16,C0636,P033,1,1117.52,0.2,894.02,506.97
O02393,2024-05-20,C0199,P022,5,1116.41,0.05,5302.95,2438.95
O02394,2025-06-23,C0241,P056,6,649.23,0.05,3700.61,868.25
O02395,2025-09-26,C0336,P006,1,358.18,0.05,340.27,288.11
O02396,2024-03-15,C0162,P053,6,858.22,0.05,4891.85,1592.99
O02397,2024-03-11,C0268,P045,1,570.48,0.05,541.96,-105.95
O02398,2024-03-03,C0281,P019,2,46.28,0.0,92.56,-1604.92
O02399,2025-08-01,C0252,P047,5,272.32,0.0,1361.6,-1233.6
O02400,2024-08-15,C0329,P026,3,39.15,0.05,111.58,-2555.45
O02401,2024-08-26,C0404,P059,7,66.68,0.0,466.76,-1251.53
O02402,2024-01-10,C0557,P003,7,1064.41,0.0,7450.87,6658.82
O02403,2025-12-11,C0243,P002,7,787.94,0.0,5515.58,-491.47
O02404,2024-11-13,C0677,P033,1,1117.52,0.1,1005.77,618.72
O02405,2025-08-05,C0384,P056,2,649.23,0.2,1038.77,94.65
O02406,2025-06-01,C0577,P004,2,187.13,0.05,355.55,-535.35
O02407,2024-04-13,C0092,P047,5,272.32,0.15,1157.36,-1437.84
O02408,2025-08-08,C0140,P057,4,743.47,0.15,2527.8,1854.44
O02409,2025-02-06,C0363,P030,6,81.03,0.0,486.18,-272.94
O02410,2025-03-17,C0293,P053,2,858.22,0.0,1716.44,616.82
O02411,2024-05-26,C0397,P046,2,1026.09,0.0,2052.18,1389.06
O02412,2025-09-11,C0127,P013,5,485.0,0.0,2425.0,343.35
O02413,2025-11-12,C0379,P052,5,1125.55,0.05,5346.36,1705.46
O02414,2024-10-24,C0550,P042,5,233.96,0.0,1169.8,-1906.35
O02415,2024-03-08,C0583,P001,3,546.74,0.15,1394.19,-885.9
O02416,2025-09-12,C0199,P035,4,615.36,0.05,2338.37,1376.93
O02417,2025-10-10,C0276,P040,7,56.66,0.0,396.62,-1551.13
O02418,2025-01-05,C0421,P049,5,603.63,0.2,2414.52,2191.07
O02419,2025-02-27,C0415,P047,7,272.32,0.2,1524.99,-2108.29
O02420,2024-06-12,C0634,P029,4,580.35,0.1,2089.26,-1432.58
O02421,2024-02-19,C0313,P018,1,943.73,0.1,849.36,750.1
O02422,2025-11-21,C0537,P012,6,312.99,0.2,1502.35,1368.79
O02423,2024-12-19,C0708,P006,4,358.18,0.05,1361.08,1152.44
O02424,2024-07-20,C0239,P039,1,240.05,0.15,204.04,-675.07
O02425,2025-05-21,C0659,P058,1,1114.65,0.0,1114.65,1092.08
O02426,2024-01-20,C0267,P005,3,831.29,0.05,2369.18,1931.51
O02427,2024-02-28,C0268,P043,2,330.9,0.05,628.71,-592.45
O02428,2024-06-26,C0523,P036,5,548.94,0.0,2744.7,-1130.2
O02429,2024-11-25,C0498,P011,5,148.23,0.0,741.15,-2207.3
O02430,2024-09-25,C0440,P013,3,485.0,0.0,1455.0,206.01
O02431,2024-05-16,C0185,P018,1,943.73,0.0,943.73,844.47
O02432,2024-09-13,C0078,P042,1,233.96,0.0,233.96,-381.27
O02433,2024-09-01,C0728,P018,7,943.73,0.0,6606.11,5911.29
O02434,2025-01-18,C0700,P050,3,301.39,0.1,813.75,452.85
O02435,2025-02-15,C0710,P023,1,69.97,0.05,66.47,-816.62
O02436,2025-10-07,C0411,P007,5,540.47,0.1,2432.12,1760.07
O02437,2025-08-12,C0708,P006,7,358.18,0.0,2507.26,2142.14
O02438,2024-08-01,C0379,P025,1,416.82,0.1,375.14,234.54
O02439,2025-10-21,C0061,P025,7,416.82,0.0,2917.74,1933.54
O02440,2025-01-15,C0159,P045,6,570.48,0.0,3422.88,-464.58
O02441,2024-05-17,C0219,P029,2,580.35,0.05,1102.66,-658.26
O02442,2024-09-05,C0302,P010,6,460.99,0.15,2351.05,-989.75
O02443,2025-06-26,C0752,P013,3,485.0,0.2,1164.0,-84.99
O02444,2025-08-23,C0267,P034,5,1165.94,0.1,5246.73,2960.98
O02445,2024-09-30,C0491,P021,1,949.32,0.1,854.39,590.91
O02446,2024-04-25,C0217,P041,2,256.22,0.05,486.82,-230.66
O02447,2024-05-20,C0515,P056,6,649.23,0.1,3505.84,673.48
O02448,2024-03-16,C0454,P022,6,1116.41,0.0,6698.46,3261.66
O02449,2025-05-25,C0121,P034,1,1165.94,0.0,1165.94,708.79
O02450,2025-01-02,C0370,P050,2,301.39,0.2,482.22,241.62
O02451,2024-11-25,C0085,P013,5,485.0,0.2,1940.0,-141.65
O02452,2025-05-06,C0712,P031,7,333.66,0.0,2335.62,-3624.32
O02453,2025-08-28,C0564,P019,5,46.28,0.0,231.4,-4012.3
O02454,2025-08-04,C0754,P038,5,646.25,0.0,3231.25,1446.25
O02455,2024-04-10,C0701,P045,3,570.48,0.05,1625.87,-317.86
O02456,2025-03-07,C0176,P009,1,57.81,0.0,57.81,-201.07
O02457,2025-10-07,C0566,P012,6,312.99,0.05,1784.04,1650.48
O02458,2025-07-19,C0081,P002,6,787.94,0.0,4727.64,-421.26
O02459,2024-08-28,C0769,P001,4,546.74,0.0,2186.96,-853.16
O02460,2024-10-14,C0629,P004,4,187.13,0.0,748.52,-1033.28
O02461,2025-10-12,C0545,P043,2,330.9,0.1,595.62,-625.54
O02462,2024-01-25,C0796,P055,4,212.17,0.0,848.68,-407.2
O02463,2025-01-19,C0678,P025,2,416.82,0.05,791.96,510.76
O02464,2024-03-25,C0691,P053,3,858.22,0.1,2317.19,667.76
O02465,2025-10-15,C0081,P044,1,431.66,0.1,388.49,62.35
O02466,2024-01-29,C0019,P049,5,603.63,0.0,3018.15,2794.7
O02467,2024-01-18,C0769,P045,2,570.48,0.1,1026.86,-268.96
O02468,2024-08-28,C0202,P012,6,312.99,0.0,1877.94,1744.38
O02469,2024-05-26,C0342,P032,4,127.03,0.05,482.71,-1351.77
O02470,2024-12-28,C0035,P032,7,127.03,0.05,844.75,-2365.59
O02471,2024-08-06,C0499,P039,2,240.05,0.15,408.08,-1350.14
O02472,2024-09-17,C0657,P048,2,424.33,0.2,678.93,-943.23
O02473,2025-02-16,C0674,P007,2,540.47,0.1,972.85,704.03
O02474,2025-02-13,C0466,P041,5,256.22,0.15,1088.94,-704.76
O02475,2025-11-14,C0530,P050,1,301.39,0.0,301.39,181.09
O02476,2024-12-17,C0411,P007,5,540.47,0.1,2432.12,1760.07
O02477,2025-02-16,C0357,P025,6,416.82,0.0,2500.92,1657.32
O02478,2025-05-10,C0444,P054,5,1191.51,0.0,5957.55,2732.1
O02479,2024-05-07,C0749,P002,1,787.94,0.05,748.54,-109.61
O02480,2025-05-02,C0202,P010,4,460.99,0.1,1659.56,-567.64
O02481,2025-09-22,C0377,P049,4,603.63,0.1,2173.07,1994.31
O02482,2024-08-20,C0482,P011,3,148.23,0.15,377.99,-1391.08
O02483,2024-05-10,C0457,P043,4,330.9,0.05,1257.42,-1184.9
O02484,2024-09-10,C0025,P055,6,212.17,0.15,1082.07,-801.75
O02485,2024-07-20,C0230,P030,6,81.03,0.15,413.25,-345.87
O02486,2025-03-03,C0517,P030,3,81.03,0.1,218.78,-160.78
O02487,2025-09-23,C0556,P026,3,39.15,0.0,117.45,-2549.58
O02488,2025-03-11,C0588,P023,2,69.97,0.05,132.94,-1633.24
O02489,2024-04-01,C0794,P023,3,69.97,0.1,188.92,-2460.35
O02490,2024-08-18,C0539,P034,4,1165.94,0.2,3731.01,1902.41
O02491,2025-05-18,C0464,P054,5,1191.51,0.0,5957.55,2732.1
O02492,2024-08-29,C0266,P059,2,66.68,0.0,133.36,-357.58
O02493,2025-03-04,C0297,P052,2,1125.55,0.0,2251.1,794.74
O02494,2025-05-22,C0662,P008,1,635.81,0.0,635.81,257.04
O02495,2024-08-28,C0375,P019,1,46.28,0.1,41.65,-807.09
O02496,2025-04-18,C0573,P046,1,1026.09,0.0,1026.09,694.53
O02497,2024-10-18,C0100,P033,2,1117.52,0.0,2235.04,1460.94
O02498,2024-04-08,C0103,P021,5,949.32,0.1,4271.94,2954.54
O02499,2024-09-29,C0173,P019,6,46.28,0.0,277.68,-4814.76
O02500,2024-11-18,C0157,P008,7,635.81,0.0,4450.67,1799.28
O02501,2024-01-02,C0486,P020,4,921.34,0.05,3501.09,1320.21
O02502,2025-10-14,C0510,P026,4,39.15,0.05,148.77,-3407.27
O02503,2025-01-20,C0447,P025,7,416.82,0.2,2334.19,1349.99
O02504,2024-01-27,C0232,P033,2,1117.52,0.1,2011.54,1237.44
O02505,2025-09-26,C0462,P017,5,517.11,0.2,2068.44,483.94
O02506,2025-09-17,C0096,P013,6,485.0,0.0,2910.0,412.02
O02507,2024-01-09,C0379,P054,4,1191.51,0.1,4289.44,1709.08
O02508,2024-04-29,C0124,P025,2,416.82,0.05,791.96,510.76
O02509,2024-09-22,C0062,P016,5,627.86,0.1,2825.37,2678.22
O02510,2025-01-05,C0133,P039,7,240.05,0.05,1596.33,-4557.44
O02511,2025-06-14,C0089,P033,2,1117.52,0.0,2235.04,1460.94
O02512,2024-11-06,C0383,P035,4,615.36,0.0,2461.44,1500.0
O02513,2025-03-23,C0437,P014,1,465.85,0.1,419.27,-311.9
O02514,2024-01-08,C0486,P044,2,431.66,0.1,776.99,124.71
O02515,2025-04-26,C0352,P012,6,312.99,0.0,1877.94,1744.38
O02516,2025-10-31,C0142,P051,4,174.29,0.05,662.3,-2037.42
O02517,2025-01-19,C0017,P026,2,39.15,0.1,70.47,-1707.55
O02518,2024-11-28,C0570,P025,3,416.82,0.05,1187.94,766.14
O02519,2024-08-05,C0787,P024,1,665.45,0.0,665.45,259.46
O02520,2025-11-28,C0225,P026,6,39.15,0.15,199.66,-5134.4
O02521,2024-01-25,C0164,P040,7,56.66,0.05,376.79,-1570.96
O02522,2024-07-28,C0250,P030,1,81.03,0.1,72.93,-53.59
O02523,2024-04-11,C0172,P008,2,635.81,0.1,1144.46,386.92
O02524,2025-09-25,C0179,P034,6,1165.94,0.1,6296.08,3553.18
O02525,2024-12-18,C0396,P017,7,517.11,0.0,3619.77,1401.47
O02526,2025-11-05,C0629,P007,6,540.47,0.15,2756.4,1949.94
O02527,2025-05-01,C0570,P051,6,174.29,0.0,1045.74,-3003.84
O02528,2025-02-11,C0768,P019,7,46.28,0.1,291.56,-5649.62
O02529,2025-01-13,C0286,P036,3,548.94,0.15,1399.8,-925.14
O02530,2024-05-28,C0394,P011,7,148.23,0.1,933.85,-3193.98
O02531,2025-02-14,C0305,P021,7,949.32,0.05,6312.98,4468.62
O02532,2025-05-15,C0034,P024,2,665.45,0.0,1330.9,518.92
O02533,2025-12-06,C0311,P009,1,57.81,0.0,57.81,-201.07
O02534,2025-02-05,C0209,P059,4,66.68,0.05,253.38,-728.5
O02535,2025-11-17,C0383,P019,6,46.28,0.0,277.68,-4814.76
O02536,2025-11-21,C0127,P035,6,615.36,0.0,3692.16,2250.0
O02537,2025-01-16,C0594,P034,1,1165.94,0.2,932.75,475.6
O02538,2024-11-17,C0675,P026,3,39.15,0.0,117.45,-2549.58
O02539,2024-04-14,C0769,P036,6,548.94,0.0,3293.64,-1356.24
O02540,2024-07-15,C0068,P034,1,1165.94,0.0,1165.94,708.79
O02541,2025-10-04,C0095,P005,6,831.29,0.05,4738.35,3863.01
O02542,2024-04-11,C0774,P041,3,256.22,0.05,730.23,-345.99
O02543,2024-10-17,C0679,P007,1,540.47,0.1,486.42,352.01
O02544,2025-05-25,C0471,P027,2,1014.33,0.05,1927.23,1101.77
O02545,2024-06-24,C0258,P022,6,1116.41,0.0,6698.46,3261.66
O02546,2025-12-13,C0415,P027,7,1014.33,0.05,6745.29,3856.18
O02547,2025-04-19,C0429,P005,1,831.29,0.0,831.29,685.4
O02548,2024-01-21,C0678,P043,4,330.9,0.1,1191.24,-1251.08
O02549,2024-06-29,C0424,P026,2,39.15,0.0,78.3,-1699.72
O02550,2025-06-25,C0023,P004,5,187.13,0.0,935.65,-1291.6
O02551,2025-09-22,C0560,P001,6,546.74,0.05,3116.42,-1443.76
O02552,2025-11-08,C0622,P033,7,1117.52,0.0,7822.64,5113.29
O02553,2025-09-14,C0239,P040,3,56.66,0.05,161.48,-673.27
O02554,2024-02-24,C0094,P033,3,1117.52,0.05,3184.93,2023.78
O02555,2025-06-17,C0114,P044,3,431.66,0.2,1035.98,57.56
O02556,2024-03-21,C0673,P046,6,1026.09,0.0,6156.54,4167.18
O02557,2024-02-25,C0359,P053,4,858.22,0.05,3261.24,1062.0
O02558,2025-05-20,C0424,P059,1,66.68,0.1,60.01,-185.46
O02559,2024-12-15,C0769,P054,7,1191.51,0.0,8340.57,3824.94
O02560,2025-04-18,C0049,P048,1,424.33,0.05,403.11,-407.97
O02561,2025-09-14,C0165,P026,7,39.15,0.15,232.94,-5990.13
O02562,2024-02-20,C0667,P031,2,333.66,0.1,600.59,-1102.25
O02563,2025-01-20,C0433,P037,4,1029.46,0.15,3500.16,2465.2
O02564,2025-09-01,C0022,P011,3,148.23,0.1,400.22,-1368.85
O02565,2024-11-17,C0563,P041,5,256.22,0.0,1281.1,-512.6
O02566,2025-01-17,C0111,P036,3,548.94,0.15,1399.8,-925.14
O02567,2024-12-29,C0626,P032,3,127.03,0.0,381.09,-994.77
O02568,2025-10-25,C0639,P051,4,174.29,0.05,662.3,-2037.42
O02569,2024-02-06,C0660,P042,7,233.96,0.1,1473.95,-2832.66
O02570,2025-10-03,C0372,P056,2,649.23,0.15,1103.69,159.57
O02571,2025-08-19,C0215,P059,2,66.68,0.15,113.36,-377.58
O02572,2025-08-16,C0706,P050,1,301.39,0.0,301.39,181.09
O02573,2024-10-28,C0448,P018,6,943.73,0.1,5096.14,4500.58
O02574,2025-01-12,C0509,P012,5,312.99,0.0,1564.95,1453.65
O02575,2024-09-26,C0110,P018,5,943.73,0.1,4246.78,3750.48
O02576,2024-07-03,C0499,P043,1,330.9,0.1,297.81,-312.77
O02577,2025-10-01,C0465,P052,6,1125.55,0.0,6753.3,2384.22
O02578,2025-01-04,C0234,P053,6,858.22,0.1,4634.39,1335.53
O02579,2025-06-12,C0614,P042,7,233.96,0.05,1555.83,-2750.78
O02580,2024-03-14,C0107,P041,7,256.22,0.05,1703.86,-807.32
O02581,2025-07-30,C0576,P058,2,1114.65,0.2,1783.44,1738.3
O02582,2025-04-26,C0769,P042,5,233.96,0.1,1052.82,-2023.33
O02583,2025-12-30,C0454,P009,3,57.81,0.05,164.76,-611.88
O02584,2024-04-07,C0084,P031,5,333.66,0.0,1668.3,-2588.8
O02585,2025-01-29,C0443,P022,3,1116.41,0.0,3349.23,1630.83
O02586,2025-01-08,C0424,P039,5,240.05,0.0,1200.25,-3195.3
O02587,2025-01-28,C0442,P039,7,240.05,0.0,1680.35,-4473.42
O02588,2024-02-09,C0219,P018,5,943.73,0.0,4718.65,4222.35
O02589,2024-12-11,C0501,P018,7,943.73,0.05,6275.8,5580.98
O02590,2024-08-06,C0212,P006,7,358.18,0.1,2256.53,1891.41
O02591,2025-03-27,C0447,P018,1,943.73,0.0,943.73,844.47
O02592,2024-06-18,C0476,P050,7,301.39,0.05,2004.24,1162.14
O02593,2024-11-14,C0517,P040,6,56.66,0.15,288.97,-1380.53
O02594,2025-03-29,C0639,P057,3,743.47,0.0,2230.41,1725.39
O02595,2024-02-16,C0707,P056,5,649.23,0.1,2921.54,561.24
O02596,2025-07-29,C0622,P052,5,1125.55,0.0,5627.75,1986.85
O02597,2025-06-07,C0637,P011,6,148.23,0.05,844.91,-2693.23
O02598,2024-02-11,C0696,P021,6,949.32,0.1,5126.33,3545.45
O02599,2024-02-17,C0194,P004,1,187.13,0.0,187.13,-258.32
O02600,2025-09-13,C0235,P006,1,358.18,0.0,358.18,306.02
O02601,2024-07-26,C0427,P014,2,465.85,0.15,791.94,-670.4
O02602,2025-09-21,C0373,P017,4,517.11,0.0,2068.44,800.84
O02603,2024-12-30,C0562,P001,6,546.74,0.1,2952.4,-1607.78
O02604,2024-09-07,C0008,P051,5,174.29,0.05,827.88,-2546.77
O02605,2024-07-18,C0112,P032,1,127.03,0.0,127.03,-331.59
O02606,2025-04-26,C0598,P040,6,56.66,0.1,305.96,-1363.54
O02607,2024-03-21,C0658,P040,4,56.66,0.05,215.31,-897.69
O02608,2024-10-21,C0242,P059,3,66.68,0.0,200.04,-536.37
O02609,2024-09-09,C0249,P009,6,57.81,0.15,294.83,-1258.45
O02610,2024-04-22,C0450,P021,3,949.32,0.05,2705.56,1915.12
O02611,2024-09-14,C0382,P019,5,46.28,0.1,208.26,-4035.44
O02612,2025-01-21,C0136,P034,2,1165.94,0.0,2331.88,1417.58
O02613,2025-05-10,C0401,P032,3,127.03,0.0,381.09,-994.77
O02614,2024-03-04,C0656,P048,4,424.33,0.1,1527.59,-1716.73
O02615,2025-09-29,C0584,P034,5,1165.94,0.1,5246.73,2960.98
O02616,2025-10-04,C0654,P015,7,720.35,0.0,5042.45,1667.82
O02617,2025-05-20,C0516,P034,3,1165.94,0.1,3148.04,1776.59
O02618,2025-11-06,C0702,P058,7,1114.65,0.05,7412.42,7254.43
O02619,2024-11-08,C0200,P035,6,615.36,0.0,3692.16,2250.0
O02620,2025-08-23,C0037,P036,3,548.94,0.1,1482.14,-842.8
O02621,2025-06-15,C0092,P011,1,148.23,0.05,140.82,-448.87
O02622,2025-02-15,C0794,P001,2,546.74,0.05,1038.81,-481.25
O02623,2024-05-11,C0513,P013,5,485.0,0.1,2182.5,100.85
O02624,2025-02-11,C0199,P002,6,787.94,0.05,4491.26,-657.64
O02625,2025-10-20,C0684,P028,5,586.16,0.15,2491.18,999.83
O02626,2025-12-20,C0248,P053,6,858.22,0.1,4634.39,1335.53
O02627,2024-11-23,C0478,P027,1,1014.33,0.0,1014.33,601.6
O02628,2024-06-30,C0200,P039,4,240.05,0.05,912.19,-2604.25
O02629,2025-06-30,C0076,P052,7,1125.55,0.2,6303.08,1205.82
O02630,2024-02-25,C0215,P046,3,1026.09,0.15,2616.53,1621.85
O02631,2024-04-20,C0183,P040,7,56.66,0.0,396.62,-1551.13
O02632,2025-02-14,C0443,P048,1,424.33,0.0,424.33,-386.75
O02633,2025-12-24,C0017,P017,7,517.11,0.0,3619.77,1401.47
O02634,2024-08-28,C0192,P026,6,39.15,0.15,199.66,-5134.4
O02635,2024-11-20,C0455,P024,5,665.45,0.15,2828.16,798.21
O02636,2024-08-23,C0316,P048,5,424.33,0.1,1909.48,-2145.92
O02637,2024-11-18,C0509,P025,7,416.82,0.0,2917.74,1933.54
O02638,2024-01-06,C0525,P057,3,743.47,0.15,1895.85,1390.83
O02639,2025-03-10,C0773,P012,2,312.99,0.0,625.98,581.46
O02640,2025-03-11,C0669,P011,7,148.23,0.0,1037.61,-3090.22
O02641,2024-08-18,C0183,P043,1,330.9,0.0,330.9,-279.68
O02642,2024-07-12,C0555,P046,5,1026.09,0.05,4873.93,3216.13
O02643,2025-07-10,C0502,P041,2,256.22,0.05,486.82,-230.66
O02644,2024-05-17,C0476,P019,7,46.28,0.0,323.96,-5617.22
O02645,2024-02-04,C0640,P001,7,546.74,0.0,3827.18,-1493.03
O02646,2024-01-30,C0119,P020,4,921.34,0.1,3316.82,1135.94
O02647,2025-10-06,C0301,P028,4,586.16,0.0,2344.64,1151.56
O02648,2024-09-23,C0653,P025,4,416.82,0.05,1583.92,1021.52
O02649,2024-03-15,C0714,P056,3,649.23,0.0,1947.69,531.51
O02650,2025-10-04,C0030,P052,7,1125.55,0.0,7878.85,2781.59
O02651,2024-04-18,C0378,P047,3,272.32,0.0,816.96,-740.16
O02652,2024-09-03,C0212,P002,7,787.94,0.1,4964.02,-1043.03
O02653,2024-01-16,C0135,P008,5,635.81,0.05,3020.1,1126.25
O02654,2025-05-11,C0046,P027,7,1014.33,0.0,7100.31,4211.2
O02655,2025-05-26,C0431,P038,5,646.25,0.1,2908.12,1123.12
O02656,2025-07-07,C0534,P041,6,256.22,0.0,1537.32,-615.12
O02657,2024-07-11,C0426,P018,4,943.73,0.1,3397.43,3000.39
O02658,2024-08-27,C0295,P007,4,540.47,0.0,2161.88,1624.24
O02659,2025-11-16,C0618,P020,2,921.34,0.15,1566.28,475.84
O02660,2025-08-23,C0522,P048,2,424.33,0.0,848.66,-773.5
O02661,2024-01-28,C0727,P060,1,303.49,0.05,288.32,181.98
O02662,2025-05-20,C0278,P057,3,743.47,0.05,2118.89,1613.87
O02663,2025-08-17,C0192,P036,7,548.94,0.05,3650.45,-1774.41
O02664,2025-02-12,C0365,P006,7,358.18,0.1,2256.53,1891.41
O02665,2025-04-12,C0406,P059,5,66.68,0.0,333.4,-893.95
O02666,2024-01-01,C0367,P010,3,460.99,0.0,1382.97,-287.43
O02667,2024-01-22,C0666,P017,4,517.11,0.15,1758.17,490.57
O02668,2024-01-26,C0037,P059,6,66.68,0.15,340.07,-1132.75
O02669,2024-04-26,C0423,P031,1,333.66,0.05,316.98,-534.44
O02670,2025-12-25,C0345,P012,7,312.99,0.05,2081.38,1925.56
O02671,2025-04-08,C0169,P031,7,333.66,0.1,2102.06,-3857.88
O02672,2025-07-25,C0513,P005,7,831.29,0.1,5237.13,4215.9
O02673,2024-08-04,C0642,P019,1,46.28,0.15,39.34,-809.4
O02674,2025-11-16,C0437,P058,7,1114.65,0.1,7022.3,6864.31
O02675,2024-05-25,C0068,P018,5,943.73,0.0,4718.65,4222.35
O02676,2025-10-21,C0061,P054,4,1191.51,0.05,4527.74,1947.38
O02677,2024-01-23,C0338,P033,2,1117.52,0.05,2123.29,1349.19
O02678,2024-01-15,C0535,P040,4,56.66,0.0,226.64,-886.36
O02679,2024-02-27,C0251,P043,3,330.9,0.1,893.43,-938.31
O02680,2025-08-01,C0248,P034,7,1165.94,0.05,7753.5,4553.45
O02681,2024-07-07,C0689,P003,3,1064.41,0.0,3193.23,2853.78
O02682,2024-11-25,C0012,P056,2,649.23,0.1,1168.61,224.49
O02683,2024-12-10,C0064,P029,7,580.35,0.0,4062.45,-2100.77
O02684,2025-07-31,C0125,P040,2,56.66,0.0,113.32,-443.18
O02685,2024-09-11,C0787,P034,7,1165.94,0.05,7753.5,4553.45
O02686,2024-01-05,C0399,P040,7,56.66,0.1,356.96,-1590.79
O02687,2024-10-09,C0127,P022,3,1116.41,0.05,3181.77,1463.37
O02688,2024-07-29,C0249,P051,5,174.29,0.0,871.45,-2503.2
O02689,2025-06-18,C0776,P014,6,465.85,0.05,2655.34,-1731.68
O02690,2025-07-03,C0556,P040,4,56.66,0.0,226.64,-886.36
O02691,2024-03-08,C0179,P035,5,615.36,0.15,2615.28,1413.48
O02692,2025-08-02,C0193,P031,1,333.66,0.0,333.66,-517.76
O02693,2024-02-21,C0060,P002,4,787.94,0.15,2679.0,-753.6
O02694,2025-03-29,C0619,P024,4,665.45,0.0,2661.8,1037.84
O02695,2024-10-11,C0110,P003,4,1064.41,0.0,4257.64,3805.04
O02696,2024-08-08,C0230,P031,7,333.66,0.05,2218.84,-3741.1
O02697,2024-12-19,C0279,P042,6,233.96,0.1,1263.38,-2428.0
O02698,2024-08-14,C0497,P032,5,127.03,0.15,539.88,-1753.22
O02699,2025-08-03,C0486,P046,3,1026.09,0.05,2924.36,1929.68
O02700,2025-12-07,C0640,P022,3,1116.41,0.0,3349.23,1630.83
O02701,2025-08-19,C0238,P019,1,46.28,0.0,46.28,-802.46
O02702,2024-11-17,C0309,P027,4,1014.33,0.05,3854.45,2203.53
O02703,2025-01-02,C0311,P014,2,465.85,0.0,931.7,-530.64
O02704,2024-11-22,C0038,P049,7,603.63,0.15,3591.6,3278.77
O02705,2025-08-03,C0591,P049,6,603.63,0.05,3440.69,3172.55
O02706,2025-02-07,C0429,P025,7,416.82,0.1,2625.97,1641.77
O02707,2024-12-08,C0381,P048,7,424.33,0.1,2673.28,-3004.28
O02708,2024-10-26,C0797,P002,3,787.94,0.0,2363.82,-210.63
O02709,2024-10-01,C0144,P010,3,460.99,0.0,1382.97,-287.43
O02710,2025-02-08,C0776,P017,5,517.11,0.15,2197.72,613.22
O02711,2025-05-18,C0545,P024,4,665.45,0.0,2661.8,1037.84
O02712,2024-11-12,C0177,P014,2,465.85,0.05,885.12,-577.22
O02713,2025-08-12,C0543,P031,5,333.66,0.15,1418.06,-2839.04
O02714,2025-08-27,C0605,P048,4,424.33,0.0,1697.32,-1547.0
O02715,2024-11-09,C0290,P028,7,586.16,0.15,3487.65,1399.76
O02716,2025-10-26,C0276,P027,2,1014.33,0.0,2028.66,1203.2
O02717,2024-05-06,C0669,P004,4,187.13,0.05,711.09,-1070.71
O02718,2025-11-12,C0129,P017,4,517.11,0.0,2068.44,800.84
O02719,2024-08-02,C0011,P049,7,603.63,0.05,4014.14,3701.31
O02720,2025-02-16,C0533,P049,5,603.63,0.0,3018.15,2794.7
O02721,2024-07-26,C0726,P007,1,540.47,0.0,540.47,406.06
O02722,2024-11-19,C0401,P002,3,787.94,0.0,2363.82,-210.63
O02723,2024-09-05,C0108,P050,7,301.39,0.0,2109.73,1267.63
O02724,2025-05-30,C0432,P011,2,148.23,0.05,281.64,-897.74
O02725,2024-02-29,C0202,P035,3,615.36,0.0,1846.08,1125.0
O02726,2025-09-04,C0662,P050,2,301.39,0.0,602.78,362.18
O02727,2025-10-22,C0490,P048,6,424.33,0.0,2545.98,-2320.5
O02728,2025-02-15,C0270,P034,1,1165.94,0.0,1165.94,708.79
O02729,2025-02-04,C0500,P023,3,69.97,0.0,209.91,-2439.36
O02730,2025-05-26,C0534,P047,5,272.32,0.0,1361.6,-1233.6
O02731,2024-05-25,C0543,P042,7,233.96,0.05,1555.83,-2750.78
O02732,2025-07-02,C0293,P051,2,174.29,0.1,313.72,-1036.14
O02733,2024-06-08,C0457,P031,3,333.66,0.1,900.88,-1653.38
O02734,2025-05-09,C0035,P057,1,743.47,0.0,743.47,575.13
O02735,2024-08-11,C0323,P047,4,272.32,0.15,925.89,-1150.27
O02736,2025-06-29,C0303,P004,7,187.13,0.05,1244.41,-1873.74
O02737,2025-08-01,C0428,P018,3,943.73,0.05,2689.63,2391.85
O02738,2024-06-01,C0761,P048,2,424.33,0.0,848.66,-773.5
O02739,2025-03-27,C0763,P007,3,540.47,0.0,1621.41,1218.18
O02740,2024-12-30,C0387,P043,7,330.9,0.05,2200.48,-2073.58
O02741,2024-08-02,C0517,P021,4,949.32,0.0,3797.28,2743.36
O02742,2025-03-06,C0087,P013,5,485.0,0.1,2182.5,100.85
O02743,2025-12-26,C0386,P033,6,1117.52,0.0,6705.12,4382.82
O02744,2024-01-02,C0551,P056,6,649.23,0.0,3895.38,1063.02
O02745,2025-11-30,C0547,P054,5,1191.51,0.0,5957.55,2732.1
O02746,2025-09-17,C0771,P025,4,416.82,0.0,1667.28,1104.88
O02747,2025-01-21,C0373,P001,4,546.74,0.0,2186.96,-853.16
O02748,2025-03-21,C0727,P054,2,1191.51,0.0,2383.02,1092.84
O02749,2024-09-26,C0783,P054,3,1191.51,0.05,3395.8,1460.53
O02750,2024-04-04,C0458,P037,6,1029.46,0.0,6176.76,4624.32
O02751,2025-02-21,C0074,P038,1,646.25,0.05,613.94,256.94
O02752,2025-08-19,C0302,P032,6,127.03,0.15,647.85,-2103.87
O02753,2024-06-17,C0612,P001,4,546.74,0.15,1858.92,-1181.2
O02754,2025-06-08,C0465,P010,3,460.99,0.05,1313.82,-356.58
O02755,2025-06-30,C0750,P009,1,57.81,0.0,57.81,-201.07
O02756,2025-07-08,C0653,P055,6,212.17,0.1,1145.72,-738.1
O02757,2024-09-05,C0051,P003,1,1064.41,0.15,904.75,791.6
O02758,2024-10-13,C0689,P034,4,1165.94,0.05,4430.57,2601.97
O02759,2024-10-31,C0286,P022,2,1116.41,0.0,2232.82,1087.22
O02760,2025-09-16,C0656,P001,7,546.74,0.1,3444.46,-1875.75
O02761,2025-10-20,C0407,P056,2,649.23,0.0,1298.46,354.34
O02762,2024-10-29,C0365,P002,6,787.94,0.1,4254.88,-894.02
O02763,2025-12-10,C0058,P052,5,1125.55,0.0,5627.75,1986.85
O02764,2025-02-21,C0096,P047,1,272.32,0.0,272.32,-246.72
O02765,2024-10-08,C0477,P048,6,424.33,0.1,2291.38,-2575.1
O02766,2024-01-01,C0456,P010,7,460.99,0.1,2904.24,-993.36
O02767,2025-03-22,C0444,P053,2,858.22,0.05,1630.62,531.0
O02768,2025-04-16,C0126,P036,7,548.94,0.1,3458.32,-1966.54
O02769,2025-12-08,C0408,P025,6,416.82,0.15,2125.78,1282.18
O02770,2025-06-08,C0049,P041,6,256.22,0.05,1460.45,-691.99
O02771,2024-01-22,C0116,P021,3,949.32,0.2,2278.37,1487.93
O02772,2025-02-18,C0399,P017,1,517.11,0.0,517.11,200.21
O02773,2025-06-26,C0494,P018,4,943.73,0.0,3774.92,3377.88
O02774,2024-12-28,C0525,P035,6,615.36,0.1,3322.94,1880.78
O02775,2024-11-09,C0786,P037,5,1029.46,0.0,5147.3,3853.6
O02776,2025-08-15,C0684,P015,5,720.35,0.15,3061.49,651.04
O02777,2025-03-22,C0304,P015,6,720.35,0.0,4322.1,1429.56
O02778,2025-05-13,C0627,P057,3,743.47,0.0,2230.41,1725.39
O02779,2024-12-05,C0077,P031,1,333.66,0.0,333.66,-517.76
O02780,2024-07-22,C0686,P052,7,1125.55,0.05,7484.91,2387.65
O02781,2025-01-14,C0310,P020,5,921.34,0.1,4146.03,1419.93
O02782,2025-12-02,C0609,P018,4,943.73,0.0,3774.92,3377.88
O02783,2025-03-16,C0777,P017,5,517.11,0.0,2585.55,1001.05
O02784,2025-06-01,C0563,P032,6,127.03,0.0,762.18,-1989.54
O02785,2024-03-31,C0737,P047,6,272.32,0.0,1633.92,-1480.32
O02786,2025-12-23,C0009,P031,5,333.66,0.05,1584.88,-2672.22
O02787,2024-06-27,C0137,P018,6,943.73,0.1,5096.14,4500.58
O02788,2025-12-10,C0501,P058,3,1114.65,0.0,3343.95,3276.24
O02789,2024-11-21,C0433,P035,5,615.36,0.0,3076.8,1875.0
O02790,2025-11-02,C0097,P024,7,665.45,0.05,4425.24,1583.31
O02791,2025-10-13,C0575,P001,2,546.74,0.0,1093.48,-426.58
O02792,2025-07-06,C0047,P034,4,1165.94,0.0,4663.76,2835.16
O02793,2025-10-31,C0793,P038,5,646.25,0.05,3069.69,1284.69
O02794,2025-03-21,C0126,P056,4,649.23,0.0,2596.92,708.68
O02795,2025-09-12,C0357,P014,7,465.85,0.0,3260.95,-1857.24
O02796,2024-05-05,C0659,P010,3,460.99,0.0,1382.97,-287.43
O02797,2024-02-21,C0412,P060,2,303.49,0.1,546.28,333.6
O02798,2025-02-01,C0596,P034,1,1165.94,0.0,1165.94,708.79
O02799,2025-08-14,C0563,P002,6,787.94,0.1,4254.88,-894.02
O02800,2025-07-13,C0760,P007,5,540.47,0.05,2567.23,1895.18
O02801,2025-01-20,C0372,P029,5,580.35,0.05,2756.66,-1645.64
O02802,2025-01-15,C0784,P038,4,646.25,0.1,2326.5,898.5
O02803,2025-03-21,C0414,P015,3,720.35,0.0,2161.05,714.78
O02804,2025-09-26,C0715,P022,7,1116.41,0.0,7814.87,3805.27
O02805,2025-09-07,C0587,P045,5,570.48,0.0,2852.4,-387.15
O02806,2024-03-21,C0107,P059,7,66.68,0.1,420.08,-1298.21
O02807,2025-03-11,C0515,P030,6,81.03,0.05,461.87,-297.25
O02808,2024-10-05,C0703,P025,6,416.82,0.1,2250.83,1407.23
O02809,2025-08-07,C0103,P022,4,1116.41,0.05,4242.36,1951.16
O02810,2025-01-04,C0671,P009,2,57.81,0.0,115.62,-402.14
O02811,2025-12-25,C0085,P004,5,187.13,0.0,935.65,-1291.6
O02812,2024-11-12,C0697,P051,6,174.29,0.0,1045.74,-3003.84
O02813,2025-05-11,C0632,P003,4,1064.41,0.1,3831.88,3379.28
O02814,2024-03-20,C0122,P050,1,301.39,0.0,301.39,181.09
O02815,2025-11-12,C0582,P015,7,720.35,0.15,4286.08,911.45
O02816,2024-04-22,C0094,P042,6,233.96,0.0,1403.76,-2287.62
O02817,2024-10-03,C0455,P058,3,1114.65,0.05,3176.75,3109.04
O02818,2025-09-04,C0740,P045,4,570.48,0.0,2281.92,-309.72
O02819,2025-12-08,C0165,P044,1,431.66,0.1,388.49,62.35
O02820,2024-12-20,C0140,P016,7,627.86,0.0,4395.02,4189.01
O02821,2024-12-20,C0339,P036,2,548.94,0.05,1042.99,-506.97
O02822,2024-02-05,C0295,P039,3,240.05,0.15,612.13,-2025.2
O02823,2025-12-16,C0039,P026,3,39.15,0.05,111.58,-2555.45
O02824,2024-01-13,C0365,P003,2,1064.41,0.0,2128.82,1902.52
O02825,2024-01-20,C0208,P055,5,212.17,0.1,954.76,-615.09
O02826,2024-12-12,C0100,P012,7,312.99,0.0,2190.93,2035.11
O02827,2024-01-03,C0221,P059,6,66.68,0.0,400.08,-1072.74
O02828,2024-04-30,C0017,P056,4,649.23,0.05,2467.07,578.83
O02829,2025-04-03,C0733,P002,1,787.94,0.1,709.15,-149.0
O02830,2025-05-30,C0796,P045,7,570.48,0.0,3993.36,-542.01
O02831,2024-08-05,C0295,P039,2,240.05,0.1,432.09,-1326.13
O02832,2025-08-04,C0702,P014,7,465.85,0.1,2934.86,-2183.33
O02833,2025-03-20,C0370,P049,3,603.63,0.05,1720.35,1586.28
O02834,2024-06-15,C0730,P007,4,540.47,0.0,2161.88,1624.24
O02835,2025-06-04,C0139,P015,4,720.35,0.1,2593.26,664.9
O02836,2025-03-08,C0228,P057,4,743.47,0.0,2973.88,2300.52
O02837,2025-08-16,C0592,P045,2,570.48,0.0,1140.96,-154.86
O02838,2024-04-22,C0177,P007,4,540.47,0.0,2161.88,1624.24
O02839,2024-06-17,C0659,P009,3,57.81,0.15,147.42,-629.22
O02840,2024-08-09,C0341,P016,6,627.86,0.0,3767.16,3590.58
O02841,2024-09-06,C0324,P005,4,831.29,0.0,3325.16,2741.6
O02842,2025-10-11,C0363,P011,7,148.23,0.0,1037.61,-3090.22
O02843,2025-06-19,C0639,P035,3,615.36,0.0,1846.08,1125.0
O02844,2025-02-01,C0005,P001,3,546.74,0.2,1312.18,-967.91
O02845,2025-01-30,C0601,P018,1,943.73,0.05,896.54,797.28
O02846,2025-10-09,C0624,P019,6,46.28,0.1,249.91,-4842.53
O02847,2024-11-22,C0657,P059,1,66.68,0.1,60.01,-185.46
O02848,2024-06-13,C0798,P059,2,66.68,0.0,133.36,-357.58
O02849,2024-04-10,C0626,P051,7,174.29,0.1,1098.03,-3626.48
O02850,2024-08-29,C0423,P021,5,949.32,0.2,3797.28,2479.88
O02851,2025-04-22,C0373,P032,4,127.03,0.1,457.31,-1377.17
O02852,2024-12-10,C0311,P031,6,333.66,0.1,1801.76,-3306.76
O02853,2024-11-04,C0662,P052,6,1125.55,0.0,6753.3,2384.22
O02854,2024-12-16,C0315,P045,7,570.48,0.1,3594.02,-941.35
O02855,2025-12-13,C0459,P055,5,212.17,0.0,1060.85,-509.0
O02856,2025-12-30,C0077,P034,4,1165.94,0.1,4197.38,2368.78
O02857,2024-04-27,C0254,P056,1,649.23,0.0,649.23,177.17
O02858,2024-03-24,C0213,P045,3,570.48,0.05,1625.87,-317.86
O02859,2024-06-27,C0349,P045,5,570.48,0.15,2424.54,-815.01
O02860,2025-09-14,C0402,P040,2,56.66,0.05,107.65,-448.85
O02861,2024-12-01,C0574,P021,5,949.32,0.0,4746.6,3429.2
O02862,2025-09-23,C0346,P037,1,1029.46,0.1,926.51,667.77
O02863,2025-04-17,C0121,P022,1,1116.41,0.15,948.95,376.15
O02864,2025-02-08,C0437,P039,3,240.05,0.05,684.14,-1953.19
O02865,2024-07-24,C0044,P016,2,627.86,0.15,1067.36,1008.5
O02866,2024-09-08,C0680,P048,7,424.33,0.1,2673.28,-3004.28
O02867,2024-04-17,C0617,P035,3,615.36,0.15,1569.17,848.09
O02868,2025-01-14,C0181,P043,3,330.9,0.0,992.7,-839.04
O02869,2024-07-23,C0211,P014,3,465.85,0.05,1327.67,-865.84
O02870,2024-08-01,C0023,P048,3,424.33,0.1,1145.69,-1287.55
O02871,2024-01-29,C0292,P049,7,603.63,0.15,3591.6,3278.77
O02872,2025-08-07,C0031,P009,6,57.81,0.0,346.86,-1206.42
O02873,2025-11-17,C0750,P022,2,1116.41,0.0,2232.82,1087.22
O02874,2024-12-30,C0108,P041,2,256.22,0.0,512.44,-205.04
O02875,2025-01-26,C0528,P053,1,858.22,0.1,772.4,222.59
O02876,2025-11-07,C0457,P045,2,570.48,0.15,969.82,-326.0
O02877,2025-01-08,C0190,P029,5,580.35,0.05,2756.66,-1645.64
O02878,2025-03-31,C0647,P018,7,943.73,0.0,6606.11,5911.29
O02879,2024-11-08,C0088,P055,4,212.17,0.0,848.68,-407.2
O02880,2025-01-10,C0710,P053,1,858.22,0.15,729.49,179.68
O02881,2025-01-16,C0593,P054,1,1191.51,0.0,1191.51,546.42
O02882,2025-06-03,C0509,P019,3,46.28,0.0,138.84,-2407.38
O02883,2025-03-17,C0704,P027,2,1014.33,0.0,2028.66,1203.2
O02884,2025-01-03,C0323,P015,5,720.35,0.1,3241.58,831.13
O02885,2024-02-25,C0226,P058,1,1114.65,0.05,1058.92,1036.35
O02886,2025-10-23,C0124,P053,2,858.22,0.0,1716.44,616.82
O02887,2025-10-11,C0740,P011,4,148.23,0.0,592.92,-1765.84
O02888,2024-05-14,C0322,P015,2,720.35,0.2,1152.56,188.38
O02889,2024-08-02,C0664,P034,3,1165.94,0.0,3497.82,2126.37
O02890,2025-12-12,C0266,P025,2,416.82,0.0,833.64,552.44
O02891,2024-08-22,C0764,P028,1,586.16,0.0,586.16,287.89
O02892,2025-08-16,C0697,P023,3,69.97,0.0,209.91,-2439.36
O02893,2025-07-28,C0247,P041,3,256.22,0.1,691.79,-384.43
O02894,2025-09-21,C0390,P054,7,1191.51,0.1,7506.51,2990.88
O02895,2024-01-12,C0636,P056,7,649.23,0.0,4544.61,1240.19
O02896,2024-12-19,C0181,P028,4,586.16,0.15,1992.94,799.86
O02897,2025-02-17,C0019,P050,3,301.39,0.0,904.17,543.27
O02898,2025-09-03,C0232,P042,3,233.96,0.15,596.6,-1249.09
O02899,2024-06-13,C0473,P012,5,312.99,0.0,1564.95,1453.65
O02900,2024-08-12,C0110,P048,3,424.33,0.0,1272.99,-1160.25
O02901,2024-05-11,C0267,P022,6,1116.41,0.15,5693.69,2256.89
O02902,2025-07-10,C0735,P038,7,646.25,0.15,3845.19,1346.19
O02903,2025-12-31,C0061,P044,3,431.66,0.1,1165.48,187.06
O02904,2024-04-12,C0041,P057,1,743.47,0.1,669.12,500.78
O02905,2024-06-19,C0340,P057,1,743.47,0.1,669.12,500.78
O02906,2024-08-12,C0011,P049,7,603.63,0.1,3802.87,3490.04
O02907,2025-10-11,C0023,P031,3,333.66,0.0,1000.98,-1553.28
O02908,2024-11-21,C0147,P025,3,416.82,0.05,1187.94,766.14
O02909,2024-07-25,C0082,P027,5,1014.33,0.1,4564.49,2500.84
O02910,2024-08-23,C0649,P058,7,1114.65,0.05,7412.42,7254.43
O02911,2025-03-13,C0099,P013,3,485.0,0.15,1236.75,-12.24
O02912,2024-10-09,C0419,P032,3,127.03,0.05,362.04,-1013.82
O02913,2024-04-12,C0565,P041,7,256.22,0.0,1793.54,-717.64
O02914,2025-08-22,C0501,P002,1,787.94,0.0,787.94,-70.21
O02915,2024-11-04,C0524,P039,6,240.05,0.1,1296.27,-3978.39
O02916,2024-07-06,C0287,P016,4,627.86,0.0,2511.44,2393.72
O02917,2025-06-16,C0712,P017,1,517.11,0.15,439.54,122.64
O02918,2025-06-28,C0055,P038,2,646.25,0.0,1292.5,578.5
O02919,2024-04-23,C0086,P001,5,546.74,0.0,2733.7,-1066.45
O02920,2024-02-23,C0685,P010,6,460.99,0.1,2489.35,-851.45
O02921,2024-02-03,C0055,P028,2,586.16,0.0,1172.32,575.78
O02922,2025-07-13,C0154,P036,5,548.94,0.1,2470.23,-1404.67
O02923,2025-04-02,C0139,P007,7,540.47,0.0,3783.29,2842.42
O02924,2025-08-01,C0027,P022,5,1116.41,0.05,5302.95,2438.95
O02925,2025-04-02,C0094,P019,5,46.28,0.05,219.83,-4023.87
O02926,2024-10-20,C0459,P033,2,1117.52,0.15,1899.78,1125.68
O02927,2025-03-06,C0529,P019,5,46.28,0.0,231.4,-4012.3
O02928,2025-06-12,C0067,P001,5,546.74,0.0,2733.7,-1066.45
O02929,2024-10-18,C0754,P032,1,127.03,0.1,114.33,-344.29
O02930,2025-10-30,C0077,P051,3,174.29,0.2,418.3,-1606.49
O02931,2025-10-19,C0550,P036,7,548.94,0.1,3458.32,-1966.54
O02932,2025-08-08,C0641,P022,7,1116.41,0.1,7033.38,3023.78
O02933,2025-12-26,C0417,P029,2,580.35,0.05,1102.66,-658.26
O02934,2024-10-12,C0394,P009,6,57.81,0.05,329.52,-1223.76
O02935,2024-03-24,C0088,P015,4,720.35,0.15,2449.19,520.83
O02936,2024-12-19,C0194,P027,5,1014.33,0.15,4310.9,2247.25
O02937,2025-06-29,C0681,P036,4,548.94,0.1,1976.18,-1123.74
O02938,2025-07-23,C0279,P030,7,81.03,0.1,510.49,-375.15
O02939,2024-10-11,C0028,P058,4,1114.65,0.15,3789.81,3699.53
O02940,2024-08-01,C0584,P039,5,240.05,0.0,1200.25,-3195.3
O02941,2024-11-21,C0547,P002,5,787.94,0.0,3939.7,-351.05
O02942,2025-08-10,C0054,P032,4,127.03,0.2,406.5,-1427.98
O02943,2024-02-14,C0041,P035,7,615.36,0.05,4092.14,2409.62
O02944,2024-08-27,C0094,P003,2,1064.41,0.0,2128.82,1902.52
O02945,2024-06-17,C0041,P024,7,665.45,0.05,4425.24,1583.31
O02946,2025-08-12,C0494,P053,5,858.22,0.05,4076.54,1327.49
O02947,2024-12-09,C0107,P022,7,1116.41,0.1,7033.38,3023.78
O02948,2024-03-04,C0486,P028,3,586.16,0.1,1582.63,687.82
O02949,2024-07-10,C0141,P014,4,465.85,0.0,1863.4,-1061.28
O02950,2024-02-02,C0778,P005,1,831.29,0.05,789.73,643.84
O02951,2024-12-13,C0581,P020,7,921.34,0.0,6449.38,2632.84
O02952,2025-12-30,C0300,P047,6,272.32,0.15,1388.83,-1725.41
O02953,2025-02-18,C0343,P059,3,66.68,0.0,200.04,-536.37
O02954,2025-09-27,C0053,P040,1,56.66,0.05,53.83,-224.42
O02955,2025-06-26,C0044,P050,5,301.39,0.05,1431.6,830.1
O02956,2025-10-07,C0431,P039,5,240.05,0.05,1140.24,-3255.31
O02957,2024-08-15,C0019,P040,4,56.66,0.05,215.31,-897.69
O02958,2025-11-26,C0511,P026,2,39.15,0.1,70.47,-1707.55
O02959,2024-06-23,C0306,P004,7,187.13,0.05,1244.41,-1873.74
O02960,2024-11-16,C0112,P025,4,416.82,0.0,1667.28,1104.88
O02961,2025-05-13,C0429,P052,6,1125.55,0.0,6753.3,2384.22
O02962,2024-07-28,C0443,P033,7,1117.52,0.05,7431.51,4722.16
O02963,2024-07-12,C0598,P046,4,1026.09,0.0,4104.36,2778.12
O02964,2024-04-05,C0159,P004,1,187.13,0.1,168.42,-277.03
O02965,2024-01-04,C0438,P013,7,485.0,0.0,3395.0,480.69
O02966,2025-01-01,C0676,P018,5,943.73,0.1,4246.78,3750.48
O02967,2025-12-22,C0216,P022,7,1116.41,0.0,7814.87,3805.27
O02968,2024-06-09,C0669,P060,5,303.49,0.1,1365.71,834.01
O02969,2024-11-17,C0579,P028,7,586.16,0.0,4103.12,2015.23
O02970,2025-11-14,C0344,P040,7,56.66,0.05,376.79,-1570.96
O02971,2025-07-18,C0707,P039,2,240.05,0.0,480.1,-1278.12
O02972,2024-01-03,C0774,P026,2,39.15,0.05,74.38,-1703.64
O02973,2024-12-31,C0190,P058,2,1114.65,0.0,2229.3,2184.16
O02974,2024-04-14,C0784,P014,6,465.85,0.1,2515.59,-1871.43
O02975,2024-06-29,C0002,P003,2,1064.41,0.05,2022.38,1796.08
O02976,2024-06-29,C0104,P045,4,570.48,0.2,1825.54,-766.1
O02977,2025-03-23,C0035,P040,6,56.66,0.1,305.96,-1363.54
O02978,2024-05-25,C0295,P016,4,627.86,0.05,2385.87,2268.15
O02979,2024-07-03,C0750,P053,1,858.22,0.1,772.4,222.59
O02980,2024-06-14,C0481,P010,3,460.99,0.0,1382.97,-287.43
O02981,2024-09-17,C0494,P016,1,627.86,0.05,596.47,567.04
O02982,2025-04-24,C0068,P010,3,460.99,0.0,1382.97,-287.43
O02983,2024-10-19,C0413,P012,6,312.99,0.1,1690.15,1556.59
O02984,2024-08-27,C0307,P044,4,431.66,0.0,1726.64,422.08
O02985,2025-01-13,C0384,P043,5,330.9,0.0,1654.5,-1398.4
O02986,2025-03-25,C0209,P039,1,240.05,0.1,216.04,-663.07
O02987,2024-01-12,C0162,P052,6,1125.55,0.05,6415.63,2046.55
O02988,2025-10-12,C0762,P005,3,831.29,0.0,2493.87,2056.2
O02989,2025-10-31,C0447,P038,3,646.25,0.05,1841.81,770.81
O02990,2025-03-16,C0330,P007,5,540.47,0.1,2432.12,1760.07
O02991,2025-02-24,C0060,P058,1,1114.65,0.0,1114.65,1092.08
O02992,2025-05-22,C0611,P039,4,240.05,0.0,960.2,-2556.24
O02993,2024-11-18,C0379,P046,3,1026.09,0.2,2462.62,1467.94
O02994,2024-09-24,C0310,P035,2,615.36,0.15,1046.11,565.39
O02995,2024-09-14,C0534,P024,7,665.45,0.0,4658.15,1816.22
O02996,2024-04-26,C0106,P042,3,233.96,0.05,666.79,-1178.9
O02997,2025-09-06,C0427,P051,1,174.29,0.0,174.29,-500.64
O02998,2024-08-22,C0691,P011,4,148.23,0.15,503.98,-1854.78
O02999,2024-07-26,C0372,P053,7,858.22,0.0,6007.54,2158.87
O03000,2025-12-05,C0001,P044,5,431.66,0.0,2158.3,527.6
O03001,2025-01-05,C0184,P006,5,358.18,0.0,1790.9,1530.1
O03002,2025-03-30,C0045,P057,7,743.47,0.05,4944.08,3765.7
O03003,2024-06-28,C0401,P011,1,148.23,0.0,148.23,-441.46
O03004,2024-07-21,C0292,P037,4,1029.46,0.1,3706.06,2671.1
O03005,2025-06-16,C0106,P008,3,635.81,0.05,1812.06,675.75
O03006,2024-11-25,C0550,P012,5,312.99,0.05,1486.7,1375.4
O03007,2024-04-18,C0142,P039,6,240.05,0.1,1296.27,-3978.39
O03008,2025-09-02,C0274,P041,1,256.22,0.0,256.22,-102.52
O03009,2024-10-21,C0791,P042,2,233.96,0.0,467.92,-762.54
O03010,2025-05-03,C0054,P021,7,949.32,0.0,6645.24,4800.88
O03011,2024-09-06,C0199,P050,4,301.39,0.1,1085.0,603.8
O03012,2025-02-13,C0255,P003,3,1064.41,0.0,3193.23,2853.78
O03013,2025-07-20,C0407,P052,2,1125.55,0.1,2025.99,569.63
O03014,2025-10-09,C0196,P019,3,46.28,0.05,131.9,-2414.32
O03015,2024-05-31,C0777,P038,1,646.25,0.05,613.94,256.94
O03016,2025-05-06,C0005,P055,2,212.17,0.05,403.12,-224.82
O03017,2025-10-30,C0759,P016,2,627.86,0.0,1255.72,1196.86
O03018,2025-04-14,C0428,P025,1,416.82,0.0,416.82,276.22
O03019,2024-04-14,C0031,P050,7,301.39,0.1,1898.76,1056.66
O03020,2024-05-18,C0094,P052,6,1125.55,0.0,6753.3,2384.22
O03021,2024-05-28,C0083,P015,7,720.35,0.05,4790.33,1415.7
O03022,2024-03-18,C0230,P031,2,333.66,0.15,567.22,-1135.62
O03023,2025-07-04,C0267,P020,3,921.34,0.0,2764.02,1128.36
O03024,2025-12-06,C0513,P032,2,127.03,0.0,254.06,-663.18
O03025,2025-01-12,C0249,P023,4,69.97,0.0,279.88,-3252.48
O03026,2025-03-13,C0581,P001,2,546.74,0.0,1093.48,-426.58
O03027,2025-07-19,C0236,P056,2,649.23,0.2,1038.77,94.65
O03028,2024-10-30,C0211,P039,7,240.05,0.2,1344.28,-4809.49
O03029,2024-12-11,C0221,P028,3,586.16,0.0,1758.48,863.67
O03030,2025-03-06,C0264,P007,6,540.47,0.15,2756.4,1949.94
O03031,2024-08-10,C0671,P005,2,831.29,0.0,1662.58,1370.8
O03032,2024-02-15,C0198,P029,7,580.35,0.2,3249.96,-2913.26
O03033,2025-02-19,C0219,P039,5,240.05,0.1,1080.23,-3315.32
O03034,2025-08-23,C0766,P016,7,627.86,0.0,4395.02,4189.01
O03035,2024-02-23,C0523,P045,4,570.48,0.05,2167.82,-423.82
O03036,2024-06-07,C0153,P024,7,665.45,0.1,4192.34,1350.41
O03037,2024-07-11,C0695,P001,3,546.74,0.0,1640.22,-639.87
O03038,2025-08-11,C0147,P033,4,1117.52,0.0,4470.08,2921.88
O03039,2025-01-03,C0130,P011,1,148.23,0.05,140.82,-448.87
O03040,2025-01-25,C0357,P001,2,546.74,0.0,1093.48,-426.58
O03041,2025-04-16,C0554,P008,6,635.81,0.0,3814.86,1542.24
O03042,2024-07-21,C0152,P018,3,943.73,0.0,2831.19,2533.41
O03043,2025-06-05,C0603,P031,1,333.66,0.1,300.29,-551.13
O03044,2024-01-23,C0126,P060,3,303.49,0.0,910.47,591.45
O03045,2024-03-24,C0626,P014,3,465.85,0.05,1327.67,-865.84
O03046,2025-08-19,C0077,P004,6,187.13,0.0,1122.78,-1549.92
O03047,2025-04-26,C0372,P012,1,312.99,0.0,312.99,290.73
O03048,2024-05-08,C0513,P020,1,921.34,0.1,829.21,283.99
O03049,2024-11-16,C0213,P013,6,485.0,0.0,2910.0,412.02
O03050,2024-02-07,C0490,P020,1,921.34,0.1,829.21,283.99
O03051,2025-05-06,C0551,P059,3,66.68,0.0,200.04,-536.37
O03052,2025-07-06,C0521,P023,5,69.97,0.1,314.86,-4100.59
O03053,2024-07-22,C0318,P039,4,240.05,0.0,960.2,-2556.24
O03054,2024-09-12,C0619,P042,1,233.96,0.1,210.56,-404.67
O03055,2024-06-22,C0586,P008,6,635.81,0.0,3814.86,1542.24
O03056,2024-10-11,C0262,P015,1,720.35,0.15,612.3,130.21
O03057,2024-07-18,C0587,P025,2,416.82,0.0,833.64,552.44
O03058,2024-06-29,C0735,P028,1,586.16,0.0,586.16,287.89
O03059,2024-11-10,C0654,P001,4,546.74,0.05,2077.61,-962.51
O03060,2025-09-20,C0587,P039,5,240.05,0.0,1200.25,-3195.3
O03061,2025-07-11,C0614,P019,5,46.28,0.05,219.83,-4023.87
O03062,2024-08-05,C0644,P020,1,921.34,0.1,829.21,283.99
O03063,2025-11-20,C0232,P037,3,1029.46,0.1,2779.54,2003.32
O03064,2024-06-02,C0577,P057,2,743.47,0.05,1412.59,1075.91
O03065,2025-10-27,C0160,P052,3,1125.55,0.2,2701.32,516.78
O03066,2024-08-14,C0287,P059,2,66.68,0.05,126.69,-364.25
O03067,2025-01-29,C0748,P025,6,416.82,0.0,2500.92,1657.32
O03068,2024-05-28,C0227,P008,6,635.81,0.1,3433.37,1160.75
O03069,2025-07-11,C0675,P013,6,485.0,0.0,2910.0,412.02
O03070,2024-08-20,C0339,P021,2,949.32,0.0,1898.64,1371.68
O03071,2025-09-29,C0168,P019,1,46.28,0.0,46.28,-802.46
O03072,2024-03-01,C0078,P013,1,485.0,0.0,485.0,68.67
O03073,2025-01-01,C0439,P010,6,460.99,0.0,2765.94,-574.86
O03074,2024-04-25,C0362,P012,7,312.99,0.0,2190.93,2035.11
O03075,2025-10-11,C0410,P040,2,56.66,0.05,107.65,-448.85
O03076,2024-10-31,C0035,P030,7,81.03,0.1,510.49,-375.15
O03077,2025-05-08,C0215,P003,4,1064.41,0.15,3618.99,3166.39
O03078,2025-10-04,C0004,P034,2,1165.94,0.0,2331.88,1417.58
O03079,2025-01-26,C0242,P051,3,174.29,0.0,522.87,-1501.92
O03080,2024-02-11,C0746,P026,2,39.15,0.05,74.38,-1703.64
O03081,2024-06-10,C0122,P020,6,921.34,0.0,5528.04,2256.72
O03082,2024-06-04,C0552,P017,2,517.11,0.0,1034.22,400.42
O03083,2025-10-30,C0005,P023,2,69.97,0.05,132.94,-1633.24
O03084,2025-10-26,C0450,P017,6,517.11,0.1,2792.39,890.99
O03085,2024-12-14,C0737,P056,3,649.23,0.0,1947.69,531.51
O03086,2025-10-12,C0273,P060,2,303.49,0.1,546.28,333.6
O03087,2024-06-28,C0158,P021,6,949.32,0.05,5411.12,3830.24
O03088,2025-05-11,C0457,P056,7,649.23,0.15,3862.92,558.5
O03089,2024-10-13,C0224,P052,4,1125.55,0.0,4502.2,1589.48
O03090,2024-06-24,C0714,P005,6,831.29,0.1,4488.97,3613.63
O03091,2024-07-01,C0680,P030,6,81.03,0.1,437.56,-321.56
O03092,2024-11-02,C0522,P040,5,56.66,0.0,283.3,-1107.95
O03093,2024-09-05,C0512,P026,6,39.15,0.05,223.15,-5110.91
O03094,2024-06-03,C0482,P028,1,586.16,0.1,527.54,229.27
O03095,2024-09-01,C0589,P030,1,81.03,0.0,81.03,-45.49
O03096,2024-04-03,C0369,P042,7,233.96,0.05,1555.83,-2750.78
O03097,2025-12-09,C0776,P018,1,943.73,0.0,943.73,844.47
O03098,2024-10-04,C0277,P036,6,548.94,0.1,2964.28,-1685.6
O03099,2024-03-19,C0008,P015,3,720.35,0.0,2161.05,714.78
O03100,2025-02-24,C0559,P054,6,1191.51,0.05,6791.61,2921.07
O03101,2025-10-07,C0530,P006,5,358.18,0.0,1790.9,1530.1
O03102,2024-09-20,C0785,P005,1,831.29,0.05,789.73,643.84
O03103,2025-09-09,C0317,P003,3,1064.41,0.1,2873.91,2534.46
O03104,2025-03-22,C0340,P021,5,949.32,0.05,4509.27,3191.87
O03105,2025-06-24,C0450,P037,7,1029.46,0.05,6845.91,5034.73
O03106,2024-08-04,C0314,P060,6,303.49,0.0,1820.94,1182.9
O03107,2024-01-27,C0628,P028,7,586.16,0.0,4103.12,2015.23
O03108,2024-09-09,C0343,P011,7,148.23,0.1,933.85,-3193.98
O03109,2025-11-06,C0627,P023,7,69.97,0.0,489.79,-5691.84
O03110,2025-07-31,C0341,P008,5,635.81,0.1,2861.14,967.29
O03111,2025-07-27,C0181,P029,3,580.35,0.1,1566.95,-1074.43
O03112,2025-10-04,C0793,P044,4,431.66,0.15,1467.64,163.08
O03113,2024-09-29,C0422,P003,6,1064.41,0.0,6386.46,5707.56
O03114,2024-08-23,C0566,P047,3,272.32,0.05,776.11,-781.01
O03115,2025-11-07,C0474,P014,6,465.85,0.0,2795.1,-1591.92
O03116,2025-02-21,C0288,P041,5,256.22,0.15,1088.94,-704.76
O03117,2024-08-05,C0778,P049,2,603.63,0.1,1086.53,997.15
O03118,2024-07-22,C0298,P047,7,272.32,0.05,1810.93,-1822.35
O03119,2025-10-03,C0795,P041,6,256.22,0.1,1383.59,-768.85
O03120,2024-02-08,C0345,P042,5,233.96,0.0,1169.8,-1906.35
O03121,2024-02-15,C0019,P012,2,312.99,0.05,594.68,550.16
O03122,2025-06-23,C0030,P009,2,57.81,0.1,104.06,-413.7
O03123,2024-01-01,C0779,P023,6,69.97,0.0,419.82,-4878.72
O03124,2024-05-05,C0423,P037,1,1029.46,0.2,823.57,564.83
O03125,2025-12-25,C0311,P038,4,646.25,0.15,2197.25,769.25
O03126,2024-11-07,C0650,P047,5,272.32,0.2,1089.28,-1505.92
O03127,2025-06-15,C0494,P019,2,46.28,0.1,83.3,-1614.18
O03128,2024-12-22,C0529,P052,7,1125.55,0.0,7878.85,2781.59
O03129,2024-03-07,C0549,P027,4,1014.33,0.05,3854.45,2203.53
O03130,2024-05-14,C0159,P015,1,720.35,0.0,720.35,238.26
O03131,2025-07-10,C0071,P045,3,570.48,0.1,1540.3,-403.43
O03132,2024-03-10,C0583,P008,3,635.81,0.0,1907.43,771.12
O03133,2025-03-10,C0018,P025,2,416.82,0.15,708.59,427.39
O03134,2024-09-11,C0576,P047,7,272.32,0.0,1906.24,-1727.04
O03135,2024-09-27,C0104,P047,3,272.32,0.0,816.96,-740.16
O03136,2025-11-27,C0211,P016,4,627.86,0.0,2511.44,2393.72
O03137,2025-03-18,C0567,P010,4,460.99,0.1,1659.56,-567.64
O03138,2025-03-25,C0499,P002,2,787.94,0.0,1575.88,-140.42
O03139,2024-09-13,C0626,P006,4,358.18,0.0,1432.72,1224.08
O03140,2024-10-05,C0489,P050,3,301.39,0.0,904.17,543.27
O03141,2025-05-16,C0039,P048,1,424.33,0.0,424.33,-386.75
O03142,2024-01-29,C0672,P031,3,333.66,0.15,850.83,-1703.43
O03143,2024-06-22,C0173,P035,5,615.36,0.05,2922.96,1721.16
O03144,2025-03-14,C0109,P020,1,921.34,0.0,921.34,376.12
O03145,2025-03-31,C0703,P012,6,312.99,0.0,1877.94,1744.38
O03146,2024-03-08,C0156,P001,5,546.74,0.0,2733.7,-1066.45
O03147,2025-07-29,C0429,P041,3,256.22,0.0,768.66,-307.56
O03148,2025-01-31,C0389,P003,5,1064.41,0.0,5322.05,4756.3
O03149,2024-06-22,C0616,P007,3,540.47,0.0,1621.41,1218.18
O03150,2025-07-03,C0036,P048,5,424.33,0.0,2121.65,-1933.75
O03151,2025-12-25,C0086,P035,2,615.36,0.0,1230.72,750.0
O03152,2024-11-05,C0333,P030,5,81.03,0.1,364.64,-267.96
O03153,2024-07-26,C0379,P014,1,465.85,0.0,465.85,-265.32
O03154,2024-08-06,C0631,P009,1,57.81,0.1,52.03,-206.85
O03155,2025-03-09,C0485,P028,2,586.16,0.05,1113.7,517.16
O03156,2024-02-04,C0119,P022,2,1116.41,0.15,1897.9,752.3
O03157,2024-12-19,C0784,P033,4,1117.52,0.0,4470.08,2921.88
O03158,2024-01-19,C0368,P010,2,460.99,0.1,829.78,-283.82
O03159,2024-01-29,C0772,P014,2,465.85,0.15,791.94,-670.4
O03160,2024-11-10,C0792,P007,1,540.47,0.2,432.38,297.97
O03161,2025-06-28,C0042,P026,7,39.15,0.1,246.64,-5976.43
O03162,2025-10-07,C0405,P017,6,517.11,0.0,3102.66,1201.26
O03163,2024-03-05,C0338,P014,2,465.85,0.15,791.94,-670.4
O03164,2024-06-27,C0399,P033,1,1117.52,0.1,1005.77,618.72
O03165,2024-11-04,C0248,P030,6,81.03,0.0,486.18,-272.94
O03166,2025-02-23,C0448,P013,5,485.0,0.0,2425.0,343.35
O03167,2025-12-22,C0394,P042,7,233.96,0.15,1392.06,-2914.55
O03168,2025-05-15,C0149,P021,2,949.32,0.0,1898.64,1371.68
O03169,2025-01-28,C0231,P021,3,949.32,0.1,2563.16,1772.72
O03170,2024-02-14,C0118,P029,1,580.35,0.0,580.35,-300.11
O03171,2024-02-29,C0675,P009,3,57.81,0.1,156.09,-620.55
O03172,2024-04-21,C0542,P026,2,39.15,0.0,78.3,-1699.72
O03173,2025-04-28,C0311,P035,1,615.36,0.1,553.82,313.46
O03174,2024-08-30,C0317,P008,4,635.81,0.05,2416.08,901.0
O03175,2024-06-25,C0064,P034,7,1165.94,0.15,6937.34,3737.29
O03176,2025-05-04,C0232,P003,5,1064.41,0.0,5322.05,4756.3
O03177,2025-08-19,C0740,P037,6,1029.46,0.0,6176.76,4624.32
O03178,2024-11-16,C0026,P003,6,1064.41,0.0,6386.46,5707.56
O03179,2025-10-06,C0117,P011,7,148.23,0.0,1037.61,-3090.22
O03180,2025-06-20,C0677,P022,1,1116.41,0.2,893.13,320.33
O03181,2025-06-07,C0417,P037,2,1029.46,0.0,2058.92,1541.44
O03182,2025-09-26,C0026,P044,5,431.66,0.0,2158.3,527.6
O03183,2024-05-14,C0392,P029,6,580.35,0.1,3133.89,-2148.87
O03184,2025-07-08,C0600,P008,6,635.81,0.0,3814.86,1542.24
O03185,2025-12-01,C0277,P024,6,665.45,0.0,3992.7,1556.76
O03186,2025-12-26,C0306,P048,3,424.33,0.1,1145.69,-1287.55
O03187,2025-02-26,C0506,P006,3,358.18,0.0,1074.54,918.06
O03188,2025-07-05,C0479,P043,1,330.9,0.1,297.81,-312.77
O03189,2025-10-11,C0723,P024,3,665.45,0.05,1896.53,678.56
O03190,2025-09-14,C0199,P001,2,546.74,0.0,1093.48,-426.58
O03191,2025-10-18,C0221,P042,7,233.96,0.05,1555.83,-2750.78
O03192,2025-08-31,C0125,P002,1,787.94,0.15,669.75,-188.4
O03193,2024-10-05,C0532,P023,3,69.97,0.0,209.91,-2439.36
O03194,2025-06-17,C0427,P012,7,312.99,0.1,1971.84,1816.02
O03195,2024-10-27,C0278,P036,7,548.94,0.0,3842.58,-1582.28
O03196,2025-08-09,C0557,P004,3,187.13,0.05,533.32,-803.03
O03197,2025-08-15,C0302,P006,4,358.18,0.1,1289.45,1080.81
O03198,2025-11-14,C0157,P032,4,127.03,0.0,508.12,-1326.36
O03199,2025-03-06,C0432,P060,6,303.49,0.05,1729.89,1091.85
O03200,2024-12-13,C0350,P003,6,1064.41,0.0,6386.46,5707.56
O03201,2024-05-01,C0325,P028,4,586.16,0.1,2110.18,917.1
O03202,2025-04-11,C0356,P049,3,603.63,0.05,1720.35,1586.28
O03203,2025-02-18,C0732,P018,3,943.73,0.0,2831.19,2533.41
O03204,2025-01-11,C0173,P030,5,81.03,0.0,405.15,-227.45
O03205,2025-05-09,C0221,P051,6,174.29,0.15,888.88,-3160.7
O03206,2025-09-14,C0453,P044,1,431.66,0.0,431.66,105.52
O03207,2024-04-18,C0038,P018,6,943.73,0.0,5662.38,5066.82
O03208,2024-11-11,C0117,P046,4,1026.09,0.0,4104.36,2778.12
O03209,2025-06-12,C0454,P041,2,256.22,0.05,486.82,-230.66
O03210,2025-08-22,C0408,P031,1,333.66,0.0,333.66,-517.76
O03211,2025-07-23,C0523,P027,3,1014.33,0.1,2738.69,1500.5
O03212,2025-08-07,C0091,P056,2,649.23,0.1,1168.61,224.49
O03213,2025-09-17,C0684,P053,1,858.22,0.0,858.22,308.41
O03214,2025-12-04,C0389,P060,3,303.49,0.05,864.95,545.93
O03215,2025-03-20,C0125,P041,6,256.22,0.0,1537.32,-615.12
O03216,2024-06-30,C0250,P022,6,1116.41,0.0,6698.46,3261.66
O03217,2025-02-15,C0182,P007,2,540.47,0.05,1026.89,758.07
O03218,2025-06-02,C0362,P008,5,635.81,0.0,3179.05,1285.2
O03219,2024-03-14,C0376,P058,4,1114.65,0.15,3789.81,3699.53
O03220,2025-07-07,C0347,P022,6,1116.41,0.05,6363.54,2926.74
O03221,2025-02-01,C0369,P007,2,540.47,0.0,1080.94,812.12
O03222,2025-11-15,C0727,P014,1,465.85,0.2,372.68,-358.49
O03223,2024-06-03,C0768,P002,3,787.94,0.05,2245.63,-328.82
O03224,2025-10-24,C0392,P032,7,127.03,0.0,889.21,-2321.13
O03225,2024-11-23,C0771,P036,4,548.94,0.05,2085.97,-1013.95
O03226,2025-02-23,C0655,P023,1,69.97,0.2,55.98,-827.11
O03227,2025-04-27,C0656,P045,7,570.48,0.0,3993.36,-542.01
O03228,2025-02-27,C0181,P029,6,580.35,0.0,3482.1,-1800.66
O03229,2025-10-22,C0351,P058,4,1114.65,0.05,4235.67,4145.39
O03230,2024-05-02,C0282,P046,6,1026.09,0.0,6156.54,4167.18
O03231,2025-06-17,C0078,P005,2,831.29,0.0,1662.58,1370.8
O03232,2025-12-13,C0061,P017,5,517.11,0.05,2456.27,871.77
O03233,2024-06-09,C0498,P046,7,1026.09,0.15,6105.24,3784.32
O03234,2024-07-05,C0337,P033,4,1117.52,0.1,4023.07,2474.87
O03235,2024-12-13,C0661,P046,1,1026.09,0.0,1026.09,694.53
O03236,2025-06-13,C0535,P021,6,949.32,0.0,5695.92,4115.04
O03237,2025-12-02,C0069,P003,6,1064.41,0.0,6386.46,5707.56
O03238,2025-08-04,C0671,P048,6,424.33,0.0,2545.98,-2320.5
O03239,2025-08-03,C0397,P048,5,424.33,0.1,1909.48,-2145.92
O03240,2024-11-18,C0453,P039,1,240.05,0.0,240.05,-639.06
O03241,2025-04-16,C0773,P025,1,416.82,0.1,375.14,234.54
O03242,2024-06-03,C0513,P001,6,546.74,0.05,3116.42,-1443.76
O03243,2024-12-04,C0018,P044,6,431.66,0.1,2330.96,374.12
O03244,2024-05-18,C0142,P040,1,56.66,0.15,48.16,-230.09
O03245,2024-01-20,C0342,P041,5,256.22,0.1,1152.99,-640.71
O03246,2025-09-18,C0030,P011,4,148.23,0.15,503.98,-1854.78
O03247,2025-08-11,C0134,P044,3,431.66,0.1,1165.48,187.06
O03248,2025-01-08,C0634,P044,5,431.66,0.05,2050.39,419.69
O03249,2024-01-11,C0115,P052,7,1125.55,0.0,7878.85,2781.59
O03250,2024-03-06,C0134,P035,6,615.36,0.0,3692.16,2250.0
O03251,2024-03-22,C0404,P044,2,431.66,0.15,733.82,81.54
O03252,2025-06-08,C0073,P025,4,416.82,0.0,1667.28,1104.88
O03253,2024-05-28,C0205,P042,7,233.96,0.15,1392.06,-2914.55
O03254,2024-07-01,C0751,P042,2,233.96,0.0,467.92,-762.54
O03255,2025-09-21,C0506,P047,6,272.32,0.1,1470.53,-1643.71
O03256,2025-10-02,C0771,P052,4,1125.55,0.0,4502.2,1589.48
O03257,2025-07-11,C0284,P001,4,546.74,0.2,1749.57,-1290.55
O03258,2024-08-14,C0494,P047,2,272.32,0.0,544.64,-493.44
O03259,2025-02-27,C0191,P048,7,424.33,0.0,2970.31,-2707.25
O03260,2024-05-26,C0303,P033,4,1117.52,0.15,3799.57,2251.37
O03261,2025-09-19,C0140,P032,5,127.03,0.0,635.15,-1657.95
O03262,2024-03-03,C0667,P044,4,431.66,0.0,1726.64,422.08
O03263,2025-06-28,C0148,P028,1,586.16,0.15,498.24,199.97
O03264,2025-01-08,C0164,P025,6,416.82,0.1,2250.83,1407.23
O03265,2025-07-07,C0372,P049,3,603.63,0.0,1810.89,1676.82
O03266,2024-11-25,C0344,P048,2,424.33,0.05,806.23,-815.93
O03267,2024-04-25,C0252,P013,6,485.0,0.0,2910.0,412.02
O03268,2025-07-03,C0286,P050,2,301.39,0.0,602.78,362.18
O03269,2025-04-06,C0237,P020,5,921.34,0.05,4376.36,1650.26
O03270,2024-12-05,C0731,P009,4,57.81,0.0,231.24,-804.28
O03271,2024-09-29,C0465,P053,6,858.22,0.05,4891.85,1592.99
O03272,2024-09-08,C0736,P015,1,720.35,0.0,720.35,238.26
O03273,2024-12-17,C0790,P013,6,485.0,0.15,2473.5,-24.48
O03274,2024-07-10,C0521,P017,2,517.11,0.05,982.51,348.71
O03275,2024-07-25,C0661,P030,7,81.03,0.0,567.21,-318.43
O03276,2024-07-22,C0089,P010,3,460.99,0.15,1175.52,-494.88
O03277,2024-01-10,C0760,P010,1,460.99,0.1,414.89,-141.91
O03278,2025-11-09,C0386,P024,4,665.45,0.0,2661.8,1037.84
O03279,2024-06-21,C0571,P014,1,465.85,0.2,372.68,-358.49
O03280,2024-04-30,C0197,P012,2,312.99,0.0,625.98,581.46
O03281,2024-04-20,C0077,P055,6,212.17,0.0,1273.02,-610.8
O03282,2025-12-23,C0708,P036,4,548.94,0.0,2195.76,-904.16
O03283,2024-12-14,C0360,P001,5,546.74,0.0,2733.7,-1066.45
O03284,2024-08-26,C0111,P007,7,540.47,0.1,3404.96,2464.09
O03285,2024-10-22,C0527,P049,4,603.63,0.05,2293.79,2115.03
O03286,2024-03-05,C0044,P017,4,517.11,0.15,1758.17,490.57
O03287,2024-08-17,C0361,P010,1,460.99,0.0,460.99,-95.81
O03288,2024-06-30,C0564,P040,3,56.66,0.0,169.98,-664.77
O03289,2025-08-10,C0577,P051,6,174.29,0.0,1045.74,-3003.84
O03290,2024-02-12,C0363,P024,1,665.45,0.0,665.45,259.46
O03291,2024-11-07,C0296,P045,3,570.48,0.15,1454.72,-489.01
O03292,2025-07-31,C0671,P026,1,39.15,0.1,35.24,-853.77
O03293,2025-09-01,C0148,P007,7,540.47,0.1,3404.96,2464.09
O03294,2025-01-09,C0060,P048,4,424.33,0.1,1527.59,-1716.73
O03295,2024-06-11,C0126,P056,5,649.23,0.0,3246.15,885.85
O03296,2024-09-03,C0641,P060,5,303.49,0.0,1517.45,985.75
O03297,2024-06-11,C0376,P007,2,540.47,0.0,1080.94,812.12
O03298,2025-04-28,C0030,P034,1,1165.94,0.1,1049.35,592.2
O03299,2024-08-01,C0136,P038,3,646.25,0.0,1938.75,867.75
O03300,2025-04-06,C0023,P005,2,831.29,0.0,1662.58,1370.8
O03301,2025-04-24,C0652,P058,3,1114.65,0.1,3009.56,2941.85
O03302,2025-11-18,C0370,P007,3,540.47,0.0,1621.41,1218.18
O03303,2024-09-27,C0055,P017,6,517.11,0.05,2947.53,1046.13
O03304,2025-12-03,C0178,P059,3,66.68,0.0,200.04,-536.37
O03305,2024-10-19,C0494,P034,2,1165.94,0.05,2215.29,1300.99
O03306,2025-05-12,C0475,P041,7,256.22,0.0,1793.54,-717.64
O03307,2025-04-28,C0656,P030,1,81.03,0.15,68.88,-57.64
O03308,2025-08-20,C0021,P046,2,1026.09,0.1,1846.96,1183.84
O03309,2024-12-08,C0056,P005,3,831.29,0.0,2493.87,2056.2
O03310,2025-08-02,C0029,P041,1,256.22,0.1,230.6,-128.14
O03311,2024-09-16,C0316,P004,7,187.13,0.1,1178.92,-1939.23
O03312,2024-12-25,C0582,P011,3,148.23,0.1,400.22,-1368.85
O03313,2024-12-31,C0531,P031,6,333.66,0.15,1701.67,-3406.85
O03314,2025-05-29,C0169,P027,1,1014.33,0.1,912.9,500.17
O03315,2025-03-28,C0526,P010,4,460.99,0.0,1843.96,-383.24
O03316,2024-02-27,C0526,P048,1,424.33,0.0,424.33,-386.75
O03317,2025-08-14,C0154,P019,2,46.28,0.0,92.56,-1604.92
O03318,2025-07-08,C0600,P052,3,1125.55,0.05,3207.82,1023.28
O03319,2024-03-17,C0338,P001,7,546.74,0.2,3061.74,-2258.47
O03320,2025-12-04,C0048,P015,3,720.35,0.05,2053.0,606.73
O03321,2025-04-27,C0313,P018,6,943.73,0.0,5662.38,5066.82
O03322,2024-03-03,C0616,P036,1,548.94,0.15,466.6,-308.38
O03323,2024-12-25,C0557,P025,2,416.82,0.1,750.28,469.08
O03324,2025-09-03,C0215,P010,5,460.99,0.0,2304.95,-479.05
O03325,2024-07-23,C0606,P035,4,615.36,0.15,2092.22,1130.78
O03326,2025-11-13,C0312,P058,4,1114.65,0.0,4458.6,4368.32
O03327,2024-11-01,C0369,P009,5,57.81,0.05,274.6,-1019.8
O03328,2024-06-14,C0070,P016,1,627.86,0.05,596.47,567.04
O03329,2024-09-17,C0798,P029,5,580.35,0.15,2466.49,-1935.81
O03330,2025-01-18,C0671,P044,7,431.66,0.0,3021.62,738.64
O03331,2025-05-18,C0156,P009,6,57.81,0.0,346.86,-1206.42
O03332,2025-11-09,C0449,P014,2,465.85,0.1,838.53,-623.81
O03333,2024-05-22,C0625,P015,3,720.35,0.15,1836.89,390.62
O03334,2025-12-02,C0404,P037,7,1029.46,0.0,7206.22,5395.04
O03335,2025-01-20,C0169,P005,6,831.29,0.0,4987.74,4112.4
O03336,2024-04-03,C0775,P040,7,56.66,0.15,337.13,-1610.62
O03337,2025-11-08,C0216,P026,7,39.15,0.1,246.64,-5976.43
O03338,2024-09-12,C0268,P020,4,921.34,0.0,3685.36,1504.48
O03339,2025-03-29,C0298,P052,1,1125.55,0.0,1125.55,397.37
O03340,2025-05-25,C0713,P050,2,301.39,0.05,572.64,332.04
O03341,2024-01-10,C0401,P049,3,603.63,0.1,1629.8,1495.73
O03342,2024-06-10,C0576,P054,6,1191.51,0.05,6791.61,2921.07
O03343,2025-05-16,C0721,P015,2,720.35,0.1,1296.63,332.45
O03344,2024-08-25,C0743,P052,3,1125.55,0.0,3376.65,1192.11
O03345,2024-01-07,C0686,P011,6,148.23,0.1,800.44,-2737.7
O03346,2024-01-18,C0727,P020,2,921.34,0.0,1842.68,752.24
O03347,2025-08-27,C0759,P034,5,1165.94,0.15,4955.25,2669.5
O03348,2024-04-22,C0793,P045,4,570.48,0.0,2281.92,-309.72
O03349,2024-03-14,C0515,P035,7,615.36,0.0,4307.52,2625.0
O03350,2025-02-15,C0106,P034,4,1165.94,0.0,4663.76,2835.16
O03351,2024-03-27,C0091,P023,4,69.97,0.0,279.88,-3252.48
O03352,2025-04-22,C0637,P036,6,548.94,0.0,3293.64,-1356.24
O03353,2025-02-01,C0253,P029,7,580.35,0.1,3656.21,-2507.01
O03354,2025-04-19,C0644,P029,6,580.35,0.15,2959.79,-2322.97
O03355,2024-12-25,C0748,P036,5,548.94,0.05,2607.46,-1267.44
O03356,2025-07-22,C0516,P037,7,1029.46,0.05,6845.91,5034.73
O03357,2025-04-16,C0612,P020,7,921.34,0.0,6449.38,2632.84
O03358,2024-10-30,C0224,P009,6,57.81,0.1,312.17,-1241.11
O03359,2024-01-12,C0348,P018,3,943.73,0.0,2831.19,2533.41
O03360,2024-07-18,C0773,P025,5,416.82,0.0,2084.1,1381.1
O03361,2024-04-06,C0654,P010,2,460.99,0.0,921.98,-191.62
O03362,2024-01-12,C0164,P011,4,148.23,0.0,592.92,-1765.84
O03363,2024-07-18,C0750,P058,4,1114.65,0.05,4235.67,4145.39
O03364,2024-05-31,C0400,P017,7,517.11,0.0,3619.77,1401.47
O03365,2024-02-26,C0676,P045,4,570.48,0.0,2281.92,-309.72
O03366,2024-08-16,C0418,P008,7,635.81,0.1,4005.6,1354.21
O03367,2025-01-05,C0484,P059,6,66.68,0.0,400.08,-1072.74
O03368,2024-05-10,C0130,P013,6,485.0,0.05,2764.5,266.52
O03369,2024-07-18,C0271,P024,2,665.45,0.0,1330.9,518.92
O03370,2024-01-15,C0579,P047,6,272.32,0.15,1388.83,-1725.41
O03371,2024-02-06,C0674,P013,2,485.0,0.1,873.0,40.34
O03372,2024-04-25,C0072,P033,5,1117.52,0.0,5587.6,3652.35
O03373,2024-11-27,C0062,P048,4,424.33,0.15,1442.72,-1801.6
O03374,2025-05-01,C0555,P002,2,787.94,0.0,1575.88,-140.42
O03375,2025-07-30,C0358,P002,7,787.94,0.0,5515.58,-491.47
O03376,2025-04-05,C0679,P048,7,424.33,0.1,2673.28,-3004.28
O03377,2025-03-26,C0055,P016,5,627.86,0.1,2825.37,2678.22
O03378,2025-11-14,C0280,P055,1,212.17,0.0,212.17,-101.8
O03379,2024-07-05,C0029,P056,2,649.23,0.0,1298.46,354.34
O03380,2025-08-06,C0568,P053,2,858.22,0.0,1716.44,616.82
O03381,2025-11-15,C0687,P060,7,303.49,0.05,2018.21,1273.83
O03382,2025-02-19,C0126,P050,3,301.39,0.2,723.34,362.44
O03383,2025-09-06,C0260,P024,1,665.45,0.0,665.45,259.46
O03384,2024-04-10,C0677,P060,5,303.49,0.2,1213.96,682.26
O03385,2025-10-04,C0034,P021,7,949.32,0.0,6645.24,4800.88
O03386,2025-02-16,C0762,P036,4,548.94,0.1,1976.18,-1123.74
O03387,2024-06-10,C0710,P001,4,546.74,0.15,1858.92,-1181.2
O03388,2024-02-15,C0123,P058,2,1114.65,0.1,2006.37,1961.23
O03389,2025-06-10,C0112,P036,7,548.94,0.0,3842.58,-1582.28
O03390,2024-11-10,C0554,P057,1,743.47,0.0,743.47,575.13
O03391,2024-08-14,C0009,P022,7,1116.41,0.0,7814.87,3805.27
O03392,2024-10-12,C0405,P019,2,46.28,0.05,87.93,-1609.55
O03393,2025-12-25,C0053,P032,1,127.03,0.2,101.62,-357.0
O03394,2024-11-08,C0426,P052,3,1125.55,0.0,3376.65,1192.11
O03395,2024-02-27,C0281,P033,1,1117.52,0.0,1117.52,730.47
O03396,2024-07-23,C0566,P048,1,424.33,0.0,424.33,-386.75
O03397,2024-04-16,C0705,P013,2,485.0,0.05,921.5,88.84
O03398,2025-05-16,C0391,P047,5,272.32,0.05,1293.52,-1301.68
O03399,2025-08-08,C0514,P044,6,431.66,0.0,2589.96,633.12
O03400,2025-09-06,C0481,P054,2,1191.51,0.1,2144.72,854.54
O03401,2025-04-07,C0788,P004,5,187.13,0.0,935.65,-1291.6
O03402,2025-07-15,C0185,P024,3,665.45,0.05,1896.53,678.56
O03403,2024-11-01,C0192,P006,4,358.18,0.0,1432.72,1224.08
O03404,2025-04-03,C0303,P025,3,416.82,0.0,1250.46,828.66
O03405,2024-03-19,C0590,P046,7,1026.09,0.05,6823.5,4502.58
O03406,2025-01-28,C0693,P039,4,240.05,0.1,864.18,-2652.26
O03407,2025-02-11,C0223,P046,4,1026.09,0.0,4104.36,2778.12
O03408,2024-01-23,C0088,P045,7,570.48,0.1,3594.02,-941.35
O03409,2025-02-04,C0487,P060,5,303.49,0.05,1441.58,909.88
O03410,2025-06-12,C0479,P053,2,858.22,0.0,1716.44,616.82
O03411,2024-09-25,C0300,P036,2,548.94,0.2,878.3,-671.66
O03412,2025-02-02,C0148,P053,3,858.22,0.15,2188.46,539.03
O03413,2024-07-28,C0680,P003,1,1064.41,0.0,1064.41,951.26
O03414,2024-07-16,C0678,P044,5,431.66,0.15,1834.56,203.86
O03415,2024-04-04,C0599,P032,4,127.03,0.1,457.31,-1377.17
O03416,2024-08-27,C0464,P058,1,1114.65,0.0,1114.65,1092.08
O03417,2025-08-10,C0210,P031,3,333.66,0.05,950.93,-1603.33
O03418,2025-11-14,C0323,P011,6,148.23,0.0,889.38,-2648.76
O03419,2025-04-09,C0055,P044,7,431.66,0.05,2870.54,587.56
O03420,2025-04-01,C0200,P058,7,1114.65,0.15,6632.17,6474.18
O03421,2025-03-24,C0361,P001,7,546.74,0.0,3827.18,-1493.03
O03422,2024-12-13,C0350,P004,5,187.13,0.05,888.87,-1338.38
O03423,2024-11-05,C0065,P040,7,56.66,0.0,396.62,-1551.13
O03424,2025-03-29,C0767,P034,7,1165.94,0.05,7753.5,4553.45
O03425,2025-07-27,C0215,P033,5,1117.52,0.1,5028.84,3093.59
O03426,2024-10-29,C0408,P006,3,358.18,0.0,1074.54,918.06
O03427,2025-02-17,C0373,P035,7,615.36,0.05,4092.14,2409.62
O03428,2024-12-09,C0376,P035,3,615.36,0.0,1846.08,1125.0
O03429,2024-07-27,C0677,P051,2,174.29,0.1,313.72,-1036.14
O03430,2024-07-31,C0598,P024,1,665.45,0.1,598.91,192.92
O03431,2024-02-27,C0695,P021,4,949.32,0.1,3417.55,2363.63
O03432,2024-11-17,C0304,P005,1,831.29,0.0,831.29,685.4
O03433,2025-06-04,C0213,P035,1,615.36,0.05,584.59,344.23
O03434,2025-05-16,C0342,P039,2,240.05,0.1,432.09,-1326.13
O03435,2025-12-21,C0450,P017,4,517.11,0.1,1861.6,594.0
O03436,2024-01-30,C0270,P044,4,431.66,0.05,1640.31,335.75
O03437,2025-07-10,C0369,P057,4,743.47,0.15,2527.8,1854.44
O03438,2025-08-04,C0121,P011,4,148.23,0.0,592.92,-1765.84
O03439,2024-11-15,C0468,P035,7,615.36,0.0,4307.52,2625.0
O03440,2024-07-25,C0572,P042,2,233.96,0.2,374.34,-856.12
O03441,2024-09-18,C0422,P002,4,787.94,0.0,3151.76,-280.84
O03442,2025-05-13,C0699,P011,5,148.23,0.15,629.98,-2318.47
O03443,2025-09-22,C0797,P024,2,665.45,0.05,1264.36,452.38
O03444,2025-04-14,C0725,P009,2,57.81,0.15,98.28,-419.48
O03445,2025-01-10,C0075,P022,1,1116.41,0.05,1060.59,487.79
O03446,2025-04-22,C0705,P009,3,57.81,0.1,156.09,-620.55
O03447,2024-02-21,C0267,P054,2,1191.51,0.1,2144.72,854.54
O03448,2025-03-20,C0362,P036,2,548.94,0.05,1042.99,-506.97
O03449,2024-01-31,C0330,P020,2,921.34,0.0,1842.68,752.24
O03450,2025-12-02,C0228,P047,5,272.32,0.0,1361.6,-1233.6
O03451,2025-10-12,C0702,P002,6,787.94,0.0,4727.64,-421.26
O03452,2025-01-06,C0511,P036,4,548.94,0.2,1756.61,-1343.31
O03453,2024-09-30,C0774,P042,1,233.96,0.0,233.96,-381.27
O03454,2025-06-19,C0764,P049,6,603.63,0.1,3259.6,2991.46
O03455,2025-04-11,C0336,P014,2,465.85,0.05,885.12,-577.22
O03456,2025-05-30,C0582,P036,1,548.94,0.0,548.94,-226.04
O03457,2025-01-11,C0402,P047,4,272.32,0.2,871.42,-1204.74
O03458,2024-06-21,C0396,P048,3,424.33,0.0,1272.99,-1160.25
O03459,2024-02-23,C0592,P011,3,148.23,0.05,422.46,-1346.61
O03460,2024-07-26,C0552,P059,7,66.68,0.05,443.42,-1274.87
O03461,2025-01-21,C0730,P017,1,517.11,0.0,517.11,200.21
O03462,2024-11-05,C0619,P024,1,665.45,0.0,665.45,259.46
O03463,2025-01-05,C0498,P012,5,312.99,0.1,1408.46,1297.16
O03464,2024-07-21,C0736,P009,3,57.81,0.0,173.43,-603.21
O03465,2025-11-16,C0082,P016,6,627.86,0.1,3390.44,3213.86
O03466,2024-09-25,C0611,P009,1,57.81,0.05,54.92,-203.96
O03467,2025-09-10,C0314,P044,3,431.66,0.0,1294.98,316.56
O03468,2024-10-12,C0347,P036,2,548.94,0.0,1097.88,-452.08
O03469,2024-11-20,C0626,P024,1,665.45,0.0,665.45,259.46
O03470,2025-03-17,C0219,P033,4,1117.52,0.1,4023.07,2474.87
O03471,2024-07-11,C0707,P037,6,1029.46,0.05,5867.92,4315.48
O03472,2024-06-09,C0400,P012,2,312.99,0.0,625.98,581.46
O03473,2024-10-04,C0280,P018,6,943.73,0.05,5379.26,4783.7
O03474,2025-08-10,C0263,P053,4,858.22,0.05,3261.24,1062.0
O03475,2024-04-15,C0337,P001,4,546.74,0.05,2077.61,-962.51
O03476,2024-11-15,C0755,P058,7,1114.65,0.0,7802.55,7644.56
O03477,2025-05-06,C0083,P058,3,1114.65,0.0,3343.95,3276.24
O03478,2025-05-31,C0407,P016,2,627.86,0.0,1255.72,1196.86
O03479,2024-11-13,C0669,P020,6,921.34,0.1,4975.24,1703.92
O03480,2024-02-29,C0378,P013,1,485.0,0.1,436.5,20.17
O03481,2024-01-12,C0453,P034,7,1165.94,0.0,8161.58,4961.53
O03482,2024-12-09,C0279,P013,6,485.0,0.0,2910.0,412.02
O03483,2025-08-15,C0109,P048,7,424.33,0.1,2673.28,-3004.28
O03484,2024-01-21,C0512,P024,4,665.45,0.0,2661.8,1037.84
O03485,2025-10-10,C0736,P059,5,66.68,0.05,316.73,-910.62
O03486,2025-05-09,C0417,P052,7,1125.55,0.0,7878.85,2781.59
O03487,2024-01-06,C0346,P025,1,416.82,0.0,416.82,276.22
O03488,2024-09-08,C0104,P036,3,548.94,0.05,1564.48,-760.46
O03489,2024-06-10,C0756,P002,4,787.94,0.0,3151.76,-280.84
O03490,2025-11-24,C0696,P005,5,831.29,0.05,3948.63,3219.18
O03491,2025-02-09,C0722,P031,5,333.66,0.0,1668.3,-2588.8
O03492,2024-08-24,C0288,P029,7,580.35,0.0,4062.45,-2100.77
O03493,2024-07-22,C0501,P024,4,665.45,0.05,2528.71,904.75
O03494,2025-02-16,C0347,P006,2,358.18,0.0,716.36,612.04
O03495,2024-01-04,C0188,P051,2,174.29,0.05,331.15,-1018.71
O03496,2024-07-07,C0165,P025,6,416.82,0.1,2250.83,1407.23
O03497,2024-04-30,C0308,P029,4,580.35,0.2,1857.12,-1664.72
O03498,2025-03-29,C0443,P025,5,416.82,0.0,2084.1,1381.1
O03499,2025-05-04,C0098,P030,4,81.03,0.0,324.12,-181.96
O03500,2024-12-07,C0562,P039,6,240.05,0.0,1440.3,-3834.36
O03501,2024-04-12,C0367,P046,2,1026.09,0.15,1744.35,1081.23
O03502,2024-09-27,C0705,P033,2,1117.52,0.0,2235.04,1460.94
O03503,2025-09-08,C0224,P010,6,460.99,0.0,2765.94,-574.86
O03504,2024-05-28,C0042,P053,4,858.22,0.1,3089.59,890.35
O03505,2024-04-29,C0250,P018,6,943.73,0.0,5662.38,5066.82
O03506,2024-03-22,C0779,P001,1,546.74,0.05,519.4,-240.63
O03507,2025-08-20,C0258,P003,2,1064.41,0.05,2022.38,1796.08
O03508,2024-03-28,C0564,P047,7,272.32,0.05,1810.93,-1822.35
O03509,2025-03-01,C0675,P024,6,665.45,0.1,3593.43,1157.49
O03510,2025-12-31,C0228,P002,1,787.94,0.0,787.94,-70.21
O03511,2025-04-14,C0515,P049,6,603.63,0.05,3440.69,3172.55
O03512,2024-10-28,C0164,P019,1,46.28,0.05,43.97,-804.77
O03513,2024-05-31,C0290,P059,1,66.68,0.0,66.68,-178.79
O03514,2024-01-02,C0237,P053,7,858.22,0.15,5106.41,1257.74
O03515,2024-04-23,C0538,P003,1,1064.41,0.1,957.97,844.82
O03516,2025-11-27,C0701,P042,3,233.96,0.15,596.6,-1249.09
O03517,2024-04-14,C0202,P037,1,1029.46,0.1,926.51,667.77
O03518,2024-01-15,C0234,P011,5,148.23,0.0,741.15,-2207.3
O03519,2025-08-19,C0657,P021,1,949.32,0.0,949.32,685.84
O03520,2024-11-01,C0371,P030,3,81.03,0.0,243.09,-136.47
O03521,2024-09-17,C0411,P009,3,57.81,0.0,173.43,-603.21
O03522,2025-06-08,C0565,P044,5,431.66,0.0,2158.3,527.6
O03523,2025-01-17,C0111,P017,4,517.11,0.0,2068.44,800.84
O03524,2025-10-30,C0698,P057,2,743.47,0.0,1486.94,1150.26
O03525,2024-12-07,C0293,P049,4,603.63,0.1,2173.07,1994.31
O03526,2025-06-05,C0527,P039,4,240.05,0.0,960.2,-2556.24
O03527,2025-10-04,C0346,P008,3,635.81,0.05,1812.06,675.75
O03528,2024-12-04,C0603,P002,4,787.94,0.1,2836.58,-596.02
O03529,2024-07-26,C0490,P009,3,57.81,0.05,164.76,-611.88
O03530,2025-12-13,C0139,P030,3,81.03,0.0,243.09,-136.47
O03531,2024-06-14,C0151,P047,6,272.32,0.05,1552.22,-1562.02
O03532,2024-01-29,C0702,P010,2,460.99,0.1,829.78,-283.82
O03533,2025-02-26,C0416,P043,3,330.9,0.15,843.8,-987.94
O03534,2025-12-22,C0221,P003,1,1064.41,0.0,1064.41,951.26
O03535,2024-03-04,C0115,P016,5,627.86,0.0,3139.3,2992.15
O03536,2025-09-12,C0103,P036,5,548.94,0.05,2607.46,-1267.44
O03537,2025-08-30,C0736,P050,5,301.39,0.0,1506.95,905.45
O03538,2025-11-10,C0781,P047,2,272.32,0.1,490.18,-547.9
O03539,2024-11-04,C0315,P032,4,127.03,0.1,457.31,-1377.17
O03540,2024-07-05,C0162,P003,3,1064.41,0.1,2873.91,2534.46
O03541,2025-01-09,C0336,P018,6,943.73,0.2,4529.9,3934.34
O03542,2024-04-14,C0110,P048,3,424.33,0.05,1209.34,-1223.9
O03543,2025-09-08,C0440,P005,3,831.29,0.15,2119.79,1682.12
O03544,2025-04-29,C0501,P043,4,330.9,0.05,1257.42,-1184.9
O03545,2024-12-19,C0789,P043,6,330.9,0.0,1985.4,-1678.08
O03546,2025-01-12,C0256,P046,5,1026.09,0.1,4617.4,2959.6
O03547,2025-06-04,C0159,P014,6,465.85,0.1,2515.59,-1871.43
O03548,2025-01-17,C0107,P015,3,720.35,0.2,1728.84,282.57
O03549,2025-09-05,C0302,P012,6,312.99,0.0,1877.94,1744.38
O03550,2025-11-06,C0481,P024,7,665.45,0.0,4658.15,1816.22
O03551,2025-11-25,C0054,P032,4,127.03,0.1,457.31,-1377.17
O03552,2025-03-29,C0608,P008,5,635.81,0.0,3179.05,1285.2
O03553,2025-06-26,C0369,P035,7,615.36,0.05,4092.14,2409.62
O03554,2024-08-15,C0635,P015,6,720.35,0.05,4106.0,1213.46
O03555,2024-01-28,C0371,P034,2,1165.94,0.0,2331.88,1417.58
O03556,2024-10-19,C0125,P019,6,46.28,0.0,277.68,-4814.76
O03557,2025-09-29,C0018,P058,4,1114.65,0.1,4012.74,3922.46
O03558,2024-04-07,C0446,P020,2,921.34,0.0,1842.68,752.24
O03559,2025-02-02,C0432,P053,3,858.22,0.1,2317.19,667.76
O03560,2024-05-20,C0651,P011,7,148.23,0.1,933.85,-3193.98
O03561,2024-11-09,C0702,P006,7,358.18,0.05,2381.9,2016.78
O03562,2024-04-14,C0129,P012,6,312.99,0.0,1877.94,1744.38
O03563,2025-06-21,C0252,P026,7,39.15,0.0,274.05,-5949.02
O03564,2025-08-15,C0167,P055,5,212.17,0.1,954.76,-615.09
O03565,2025-07-08,C0086,P011,6,148.23,0.0,889.38,-2648.76
O03566,2025-05-30,C0002,P048,2,424.33,0.0,848.66,-773.5
O03567,2024-06-20,C0066,P042,3,233.96,0.15,596.6,-1249.09
O03568,2025-01-22,C0420,P021,2,949.32,0.0,1898.64,1371.68
O03569,2024-03-17,C0122,P021,7,949.32,0.0,6645.24,4800.88
O03570,2024-09-30,C0156,P057,5,743.47,0.2,2973.88,2132.18
O03571,2025-01-04,C0095,P043,7,330.9,0.0,2316.3,-1957.76
O03572,2025-05-03,C0580,P015,3,720.35,0.0,2161.05,714.78
O03573,2024-03-11,C0509,P055,3,212.17,0.0,636.51,-305.4
O03574,2025-08-17,C0770,P025,5,416.82,0.1,1875.69,1172.69
O03575,2024-12-01,C0090,P005,4,831.29,0.15,2826.39,2242.83
O03576,2025-10-06,C0168,P049,3,603.63,0.1,1629.8,1495.73
O03577,2025-01-20,C0365,P053,3,858.22,0.2,2059.73,410.3
O03578,2025-02-03,C0520,P027,4,1014.33,0.0,4057.32,2406.4
O03579,2025-05-21,C0105,P043,1,330.9,0.05,314.35,-296.23
O03580,2025-08-22,C0170,P015,2,720.35,0.0,1440.7,476.52
O03581,2024-04-25,C0338,P052,1,1125.55,0.15,956.72,228.54
O03582,2025-01-08,C0015,P023,2,69.97,0.15,118.95,-1647.23
O03583,2024-01-22,C0317,P017,2,517.11,0.0,1034.22,400.42
O03584,2024-12-12,C0607,P031,1,333.66,0.1,300.29,-551.13
O03585,2025-08-17,C0422,P017,1,517.11,0.05,491.25,174.35
O03586,2025-09-24,C0348,P038,6,646.25,0.0,3877.5,1735.5
O03587,2024-07-26,C0391,P045,2,570.48,0.05,1083.91,-211.91
O03588,2024-10-09,C0758,P025,4,416.82,0.2,1333.82,771.42
O03589,2025-02-07,C0417,P048,1,424.33,0.0,424.33,-386.75
O03590,2024-10-16,C0428,P026,7,39.15,0.0,274.05,-5949.02
O03591,2024-05-10,C0745,P059,2,66.68,0.2,106.69,-384.25
O03592,2024-08-10,C0126,P016,6,627.86,0.0,3767.16,3590.58
O03593,2024-10-22,C0077,P043,5,330.9,0.0,1654.5,-1398.4
O03594,2025-01-14,C0360,P033,6,1117.52,0.1,6034.61,3712.31
O03595,2025-11-04,C0255,P057,5,743.47,0.05,3531.48,2689.78
O03596,2025-02-02,C0163,P014,4,465.85,0.0,1863.4,-1061.28
O03597,2024-10-09,C0096,P012,6,312.99,0.0,1877.94,1744.38
O03598,2025-04-27,C0703,P053,6,858.22,0.1,4634.39,1335.53
O03599,2025-07-19,C0492,P055,3,212.17,0.05,604.68,-337.23
O03600,2024-11-10,C0553,P045,7,570.48,0.1,3594.02,-941.35
O03601,2024-12-23,C0095,P029,7,580.35,0.15,3453.08,-2710.14
O03602,2024-06-08,C0273,P025,6,416.82,0.0,2500.92,1657.32
O03603,2025-09-24,C0497,P040,7,56.66,0.15,337.13,-1610.62
O03604,2025-09-25,C0423,P045,1,570.48,0.1,513.43,-134.48
O03605,2024-05-07,C0556,P017,4,517.11,0.15,1758.17,490.57
O03606,2024-09-09,C0536,P001,5,546.74,0.0,2733.7,-1066.45
O03607,2024-07-17,C0331,P005,7,831.29,0.0,5819.03,4797.8
O03608,2025-11-05,C0627,P021,1,949.32,0.1,854.39,590.91
O03609,2024-02-17,C0208,P041,6,256.22,0.15,1306.72,-845.72
O03610,2024-05-31,C0065,P027,1,1014.33,0.2,811.46,398.73
O03611,2024-08-18,C0731,P038,3,646.25,0.0,1938.75,867.75
O03612,2025-02-13,C0019,P029,5,580.35,0.05,2756.66,-1645.64
O03613,2024-07-01,C0227,P016,3,627.86,0.0,1883.58,1795.29
O03614,2025-01-27,C0092,P045,6,570.48,0.1,3080.59,-806.87
O03615,2025-06-30,C0186,P044,7,431.66,0.1,2719.46,436.48
O03616,2025-08-28,C0316,P058,2,1114.65,0.1,2006.37,1961.23
O03617,2024-03-13,C0104,P050,2,301.39,0.0,602.78,362.18
O03618,2024-04-11,C0374,P023,1,69.97,0.2,55.98,-827.11
O03619,2024-03-10,C0742,P043,5,330.9,0.0,1654.5,-1398.4
O03620,2025-10-27,C0110,P022,7,1116.41,0.05,7424.13,3414.53
O03621,2025-04-21,C0742,P053,5,858.22,0.05,4076.54,1327.49
O03622,2025-01-23,C0329,P037,1,1029.46,0.05,977.99,719.25
O03623,2025-08-01,C0474,P051,2,174.29,0.1,313.72,-1036.14
O03624,2025-03-04,C0354,P017,1,517.11,0.05,491.25,174.35
O03625,2024-06-21,C0254,P001,4,546.74,0.0,2186.96,-853.16
O03626,2025-01-07,C0088,P009,6,57.81,0.0,346.86,-1206.42
O03627,2025-05-29,C0475,P032,2,127.03,0.05,241.36,-675.88
O03628,2024-01-27,C0734,P058,6,1114.65,0.1,6019.11,5883.69
O03629,2025-03-19,C0417,P038,2,646.25,0.05,1227.88,513.88
O03630,2024-12-29,C0480,P049,4,603.63,0.0,2414.52,2235.76
O03631,2024-02-20,C0515,P029,5,580.35,0.0,2901.75,-1500.55
O03632,2024-07-11,C0311,P058,4,1114.65,0.1,4012.74,3922.46
O03633,2024-11-23,C0097,P057,4,743.47,0.05,2825.19,2151.83
O03634,2024-09-07,C0406,P014,3,465.85,0.05,1327.67,-865.84
O03635,2024-07-31,C0696,P052,4,1125.55,0.05,4277.09,1364.37
O03636,2025-04-19,C0252,P002,2,787.94,0.0,1575.88,-140.42
O03637,2024-10-22,C0698,P036,3,548.94,0.0,1646.82,-678.12
O03638,2024-12-29,C0684,P027,6,1014.33,0.0,6085.98,3609.6
O03639,2025-08-06,C0196,P019,7,46.28,0.1,291.56,-5649.62
O03640,2024-03-09,C0461,P057,6,743.47,0.0,4460.82,3450.78
O03641,2024-09-20,C0599,P040,3,56.66,0.0,169.98,-664.77
O03642,2024-02-23,C0396,P009,3,57.81,0.2,138.74,-637.9
O03643,2025-11-08,C0560,P009,1,57.81,0.0,57.81,-201.07
O03644,2024-05-15,C0729,P008,2,635.81,0.05,1208.04,450.5
O03645,2025-08-22,C0502,P019,5,46.28,0.0,231.4,-4012.3
O03646,2024-05-19,C0671,P005,2,831.29,0.0,1662.58,1370.8
O03647,2024-08-24,C0641,P016,6,627.86,0.0,3767.16,3590.58
O03648,2025-03-20,C0651,P046,1,1026.09,0.15,872.18,540.62
O03649,2025-08-30,C0682,P053,3,858.22,0.05,2445.93,796.5
O03650,2024-05-09,C0181,P048,2,424.33,0.1,763.79,-858.37
O03651,2024-06-04,C0015,P030,4,81.03,0.2,259.3,-246.78
O03652,2025-10-06,C0123,P042,1,233.96,0.0,233.96,-381.27
O03653,2024-08-23,C0200,P057,3,743.47,0.1,2007.37,1502.35
O03654,2024-06-02,C0553,P004,6,187.13,0.0,1122.78,-1549.92
O03655,2025-06-27,C0408,P055,6,212.17,0.05,1209.37,-674.45
O03656,2024-03-07,C0375,P044,2,431.66,0.1,776.99,124.71
O03657,2025-09-25,C0008,P024,4,665.45,0.0,2661.8,1037.84
O03658,2025-10-02,C0547,P027,5,1014.33,0.2,4057.32,1993.67
O03659,2025-09-18,C0292,P027,4,1014.33,0.05,3854.45,2203.53
O03660,2024-08-03,C0609,P010,4,460.99,0.0,1843.96,-383.24
O03661,2024-03-24,C0091,P014,3,465.85,0.0,1397.55,-795.96
O03662,2024-11-06,C0237,P018,6,943.73,0.05,5379.26,4783.7
O03663,2024-09-01,C0044,P001,5,546.74,0.05,2597.02,-1203.13
O03664,2025-12-02,C0228,P031,7,333.66,0.0,2335.62,-3624.32
O03665,2025-04-06,C0739,P029,6,580.35,0.05,3308.0,-1974.76
O03666,2025-11-21,C0393,P020,3,921.34,0.0,2764.02,1128.36
O03667,2025-07-02,C0352,P011,3,148.23,0.2,355.75,-1413.32
O03668,2025-06-06,C0219,P059,1,66.68,0.0,66.68,-178.79
O03669,2024-03-22,C0212,P041,5,256.22,0.05,1217.04,-576.66
O03670,2024-02-20,C0534,P029,6,580.35,0.1,3133.89,-2148.87
O03671,2024-02-03,C0789,P044,3,431.66,0.1,1165.48,187.06
O03672,2025-03-09,C0598,P023,1,69.97,0.15,59.47,-823.62
O03673,2024-05-27,C0590,P013,6,485.0,0.15,2473.5,-24.48
O03674,2025-12-24,C0378,P041,2,256.22,0.0,512.44,-205.04
O03675,2024-04-06,C0079,P047,5,272.32,0.0,1361.6,-1233.6
O03676,2025-11-23,C0580,P040,1,56.66,0.1,50.99,-227.26
O03677,2025-05-03,C0647,P034,1,1165.94,0.0,1165.94,708.79
O03678,2024-03-18,C0409,P001,7,546.74,0.1,3444.46,-1875.75
O03679,2024-02-12,C0074,P039,5,240.05,0.0,1200.25,-3195.3
O03680,2024-10-16,C0571,P038,1,646.25,0.15,549.31,192.31
O03681,2024-09-04,C0737,P025,1,416.82,0.1,375.14,234.54
O03682,2024-08-18,C0180,P015,4,720.35,0.05,2737.33,808.97
O03683,2025-01-21,C0128,P059,5,66.68,0.0,333.4,-893.95
O03684,2024-04-04,C0592,P023,3,69.97,0.2,167.93,-2481.34
O03685,2024-04-04,C0266,P017,7,517.11,0.1,3257.79,1039.49
O03686,2025-05-22,C0573,P043,5,330.9,0.1,1489.05,-1563.85
O03687,2025-12-24,C0563,P029,5,580.35,0.1,2611.58,-1790.72
O03688,2024-07-19,C0214,P034,3,1165.94,0.0,3497.82,2126.37
O03689,2025-11-12,C0034,P039,5,240.05,0.0,1200.25,-3195.3
O03690,2024-09-09,C0445,P023,7,69.97,0.0,489.79,-5691.84
O03691,2024-09-02,C0327,P010,1,460.99,0.1,414.89,-141.91
O03692,2024-03-07,C0685,P011,6,148.23,0.05,844.91,-2693.23
O03693,2024-11-05,C0287,P057,7,743.47,0.0,5204.29,4025.91
O03694,2024-12-30,C0200,P031,4,333.66,0.2,1067.71,-2337.97
O03695,2025-04-30,C0689,P026,6,39.15,0.0,234.9,-5099.16
O03696,2024-04-25,C0589,P020,3,921.34,0.1,2487.62,851.96
O03697,2024-05-17,C0495,P044,2,431.66,0.05,820.15,167.87
O03698,2024-11-11,C0764,P055,6,212.17,0.0,1273.02,-610.8
O03699,2024-02-20,C0627,P047,3,272.32,0.0,816.96,-740.16
O03700,2024-04-14,C0693,P033,6,1117.52,0.1,6034.61,3712.31
O03701,2025-04-04,C0640,P029,3,580.35,0.1,1566.95,-1074.43
O03702,2025-11-28,C0322,P052,3,1125.55,0.0,3376.65,1192.11
O03703,2025-02-22,C0050,P052,5,1125.55,0.05,5346.36,1705.46
O03704,2024-04-15,C0486,P024,3,665.45,0.05,1896.53,678.56
O03705,2025-12-25,C0612,P058,6,1114.65,0.0,6687.9,6552.48
O03706,2025-01-16,C0794,P050,1,301.39,0.05,286.32,166.02
O03707,2025-06-08,C0546,P051,1,174.29,0.0,174.29,-500.64
O03708,2024-05-23,C0455,P004,1,187.13,0.15,159.06,-286.39
O03709,2025-02-26,C0461,P008,2,635.81,0.1,1144.46,386.92
O03710,2024-02-25,C0093,P018,1,943.73,0.0,943.73,844.47
O03711,2025-04-02,C0006,P046,3,1026.09,0.1,2770.44,1775.76
O03712,2024-05-27,C0037,P005,1,831.29,0.0,831.29,685.4
O03713,2025-10-26,C0724,P005,6,831.29,0.15,4239.58,3364.24
O03714,2024-02-10,C0633,P002,2,787.94,0.05,1497.09,-219.21
O03715,2025-04-22,C0209,P012,7,312.99,0.0,2190.93,2035.11
O03716,2024-04-11,C0339,P056,6,649.23,0.1,3505.84,673.48
O03717,2025-05-17,C0387,P044,5,431.66,0.0,2158.3,527.6
O03718,2024-12-26,C0198,P044,6,431.66,0.15,2201.47,244.63
O03719,2025-12-08,C0339,P018,6,943.73,0.15,4813.02,4217.46
O03720,2025-04-21,C0279,P038,6,646.25,0.1,3489.75,1347.75
O03721,2024-09-28,C0556,P047,4,272.32,0.05,1034.82,-1041.34
O03722,2024-03-04,C0606,P032,5,127.03,0.05,603.39,-1689.71
O03723,2025-03-11,C0079,P052,4,1125.55,0.0,4502.2,1589.48
O03724,2024-11-18,C0373,P035,5,615.36,0.0,3076.8,1875.0
O03725,2024-02-08,C0793,P020,3,921.34,0.15,2349.42,713.76
O03726,2025-02-28,C0695,P039,1,240.05,0.0,240.05,-639.06
O03727,2024-06-02,C0636,P057,7,743.47,0.0,5204.29,4025.91
O03728,2024-06-20,C0588,P050,5,301.39,0.0,1506.95,905.45
O03729,2024-01-07,C0004,P030,5,81.03,0.2,324.12,-308.48
O03730,2024-09-28,C0780,P036,2,548.94,0.15,933.2,-616.76
O03731,2024-06-08,C0589,P059,6,66.68,0.0,400.08,-1072.74
O03732,2024-02-22,C0711,P045,4,570.48,0.0,2281.92,-309.72
O03733,2024-11-13,C0728,P031,1,333.66,0.1,300.29,-551.13
O03734,2024-06-09,C0204,P017,7,517.11,0.0,3619.77,1401.47
O03735,2024-04-08,C0012,P055,7,212.17,0.2,1188.15,-1009.64
O03736,2024-12-07,C0528,P059,7,66.68,0.15,396.75,-1321.54
O03737,2024-02-16,C0368,P005,4,831.29,0.1,2992.64,2409.08
O03738,2025-12-25,C0017,P002,2,787.94,0.0,1575.88,-140.42
O03739,2024-12-10,C0217,P007,1,540.47,0.1,486.42,352.01
O03740,2025-12-29,C0793,P024,6,665.45,0.2,3194.16,758.22
O03741,2025-10-06,C0291,P010,7,460.99,0.0,3226.93,-670.67
O03742,2025-12-17,C0209,P053,1,858.22,0.15,729.49,179.68
O03743,2025-01-31,C0524,P055,5,212.17,0.0,1060.85,-509.0
O03744,2024-11-05,C0532,P011,1,148.23,0.2,118.58,-471.11
O03745,2025-06-10,C0266,P050,6,301.39,0.1,1627.51,905.71
O03746,2024-02-28,C0680,P009,1,57.81,0.0,57.81,-201.07
O03747,2025-09-06,C0465,P048,7,424.33,0.05,2821.79,-2855.77
O03748,2024-08-24,C0129,P022,2,1116.41,0.0,2232.82,1087.22
O03749,2024-01-06,C0260,P003,3,1064.41,0.0,3193.23,2853.78
O03750,2024-06-22,C0679,P026,5,39.15,0.15,166.39,-4278.66
O03751,2024-06-26,C0072,P050,6,301.39,0.0,1808.34,1086.54
O03752,2024-01-11,C0010,P057,3,743.47,0.2,1784.33,1279.31
O03753,2025-05-03,C0526,P008,7,635.81,0.0,4450.67,1799.28
O03754,2024-03-10,C0354,P051,1,174.29,0.1,156.86,-518.07
O03755,2025-09-10,C0203,P018,4,943.73,0.2,3019.94,2622.9
O03756,2024-11-27,C0378,P028,7,586.16,0.1,3692.81,1604.92
O03757,2025-06-09,C0147,P007,2,540.47,0.15,918.8,649.98
O03758,2024-09-05,C0300,P059,4,66.68,0.2,213.38,-768.5
O03759,2024-04-06,C0188,P048,4,424.33,0.05,1612.45,-1631.87
O03760,2024-05-11,C0470,P039,3,240.05,0.1,648.14,-1989.19
O03761,2025-04-17,C0539,P044,6,431.66,0.0,2589.96,633.12
O03762,2025-06-07,C0732,P053,4,858.22,0.0,3432.88,1233.64
O03763,2024-07-14,C0055,P009,5,57.81,0.0,289.05,-1005.35
O03764,2024-09-18,C0262,P015,4,720.35,0.1,2593.26,664.9
O03765,2025-11-21,C0212,P003,7,1064.41,0.1,6705.78,5913.73
O03766,2025-09-14,C0464,P030,4,81.03,0.05,307.91,-198.17
O03767,2024-10-28,C0427,P030,6,81.03,0.15,413.25,-345.87
O03768,2024-06-25,C0702,P002,5,787.94,0.0,3939.7,-351.05
O03769,2024-08-08,C0736,P040,6,56.66,0.2,271.97,-1397.53
O03770,2025-01-28,C0619,P001,7,546.74,0.0,3827.18,-1493.03
O03771,2025-02-18,C0160,P048,2,424.33,0.0,848.66,-773.5
O03772,2024-05-14,C0033,P043,3,330.9,0.05,943.06,-888.68
O03773,2024-02-18,C0720,P049,3,603.63,0.0,1810.89,1676.82
O03774,2024-12-28,C0755,P008,4,635.81,0.1,2288.92,773.84
O03775,2025-08-05,C0201,P053,4,858.22,0.1,3089.59,890.35
O03776,2024-04-21,C0038,P033,1,1117.52,0.1,1005.77,618.72
O03777,2024-10-25,C0545,P052,7,1125.55,0.0,7878.85,2781.59
O03778,2024-04-28,C0472,P042,7,233.96,0.0,1637.72,-2668.89
O03779,2024-06-26,C0712,P040,5,56.66,0.0,283.3,-1107.95
O03780,2025-03-23,C0461,P002,3,787.94,0.05,2245.63,-328.82
O03781,2024-07-28,C0609,P042,6,233.96,0.0,1403.76,-2287.62
O03782,2024-07-11,C0630,P027,2,1014.33,0.0,2028.66,1203.2
O03783,2025-12-28,C0008,P051,3,174.29,0.1,470.58,-1554.21
O03784,2024-05-06,C0119,P042,7,233.96,0.15,1392.06,-2914.55
O03785,2024-05-18,C0625,P005,7,831.29,0.1,5237.13,4215.9
O03786,2025-11-10,C0144,P054,5,1191.51,0.0,5957.55,2732.1
O03787,2025-02-06,C0165,P004,2,187.13,0.05,355.55,-535.35
O03788,2024-02-01,C0602,P018,1,943.73,0.0,943.73,844.47
O03789,2024-11-06,C0164,P014,7,465.85,0.0,3260.95,-1857.24
O03790,2025-02-17,C0120,P059,2,66.68,0.0,133.36,-357.58
O03791,2024-07-04,C0011,P010,5,460.99,0.15,1959.21,-824.79
O03792,2025-02-04,C0376,P051,3,174.29,0.05,496.73,-1528.06
O03793,2025-04-19,C0510,P014,4,465.85,0.0,1863.4,-1061.28
O03794,2024-07-02,C0586,P040,7,56.66,0.05,376.79,-1570.96
O03795,2025-08-16,C0725,P006,5,358.18,0.2,1432.72,1171.92
O03796,2024-11-26,C0521,P024,4,665.45,0.0,2661.8,1037.84
O03797,2025-12-05,C0606,P038,3,646.25,0.1,1744.88,673.88
O03798,2024-03-05,C0169,P043,2,330.9,0.0,661.8,-559.36
O03799,2024-08-25,C0273,P053,4,858.22,0.0,3432.88,1233.64
O03800,2025-06-11,C0244,P049,4,603.63,0.15,2052.34,1873.58
O03801,2025-10-16,C0053,P032,1,127.03,0.0,127.03,-331.59
O03802,2024-06-11,C0776,P019,3,46.28,0.1,124.96,-2421.26
O03803,2025-12-17,C0194,P016,5,627.86,0.0,3139.3,2992.15
O03804,2024-05-21,C0359,P060,1,303.49,0.05,288.32,181.98
O03805,2024-10-31,C0286,P037,7,1029.46,0.05,6845.91,5034.73
O03806,2024-08-18,C0036,P055,7,212.17,0.15,1262.41,-935.38
O03807,2024-11-06,C0723,P027,5,1014.33,0.1,4564.49,2500.84
O03808,2025-10-21,C0176,P030,1,81.03,0.1,72.93,-53.59
O03809,2025-06-19,C0081,P050,4,301.39,0.0,1205.56,724.36
O03810,2025-08-05,C0274,P044,7,431.66,0.0,3021.62,738.64
O03811,2024-07-04,C0116,P013,1,485.0,0.05,460.75,44.42
O03812,2025-11-23,C0800,P032,6,127.03,0.05,724.07,-2027.65
O03813,2024-11-14,C0152,P013,6,485.0,0.0,2910.0,412.02
O03814,2025-04-21,C0243,P046,1,1026.09,0.2,820.87,489.31
O03815,2025-05-25,C0217,P002,2,787.94,0.0,1575.88,-140.42
O03816,2025-04-29,C0022,P050,6,301.39,0.0,1808.34,1086.54
O03817,2025-03-15,C0011,P056,7,649.23,0.15,3862.92,558.5
O03818,2024-12-16,C0411,P002,6,787.94,0.05,4491.26,-657.64
O03819,2025-04-18,C0187,P038,4,646.25,0.1,2326.5,898.5
O03820,2025-10-23,C0067,P005,5,831.29,0.0,4156.45,3427.0
O03821,2024-10-11,C0234,P022,4,1116.41,0.0,4465.64,2174.44
O03822,2025-01-08,C0220,P021,5,949.32,0.05,4509.27,3191.87
O03823,2024-05-11,C0340,P032,6,127.03,0.0,762.18,-1989.54
O03824,2024-09-16,C0794,P056,1,649.23,0.1,584.31,112.25
O03825,2025-07-18,C0246,P028,2,586.16,0.0,1172.32,575.78
O03826,2025-04-13,C0564,P024,1,665.45,0.0,665.45,259.46
O03827,2024-06-03,C0615,P006,6,358.18,0.0,2149.08,1836.12
O03828,2025-02-03,C0041,P054,6,1191.51,0.0,7149.06,3278.52
O03829,2025-08-16,C0402,P019,1,46.28,0.0,46.28,-802.46
O03830,2024-03-31,C0359,P028,1,586.16,0.1,527.54,229.27
O03831,2024-02-15,C0407,P006,2,358.18,0.05,680.54,576.22
O03832,2024-10-14,C0138,P018,2,943.73,0.0,1887.46,1688.94
O03833,2025-04-24,C0373,P034,4,1165.94,0.05,4430.57,2601.97
O03834,2024-08-17,C0099,P055,4,212.17,0.0,848.68,-407.2
O03835,2025-08-23,C0757,P020,3,921.34,0.0,2764.02,1128.36
O03836,2025-09-11,C0470,P034,2,1165.94,0.15,1982.1,1067.8
O03837,2025-01-24,C0028,P053,5,858.22,0.1,3861.99,1112.94
O03838,2024-10-03,C0405,P022,6,1116.41,0.1,6028.61,2591.81
O03839,2024-01-31,C0742,P018,5,943.73,0.0,4718.65,4222.35
O03840,2025-08-23,C0595,P003,6,1064.41,0.0,6386.46,5707.56
O03841,2025-10-16,C0219,P055,7,212.17,0.1,1336.67,-861.12
O03842,2024-11-19,C0714,P007,6,540.47,0.05,3080.68,2274.22
O03843,2025-01-12,C0149,P013,5,485.0,0.05,2303.75,222.1
O03844,2025-07-04,C0198,P009,1,57.81,0.2,46.25,-212.63
O03845,2025-05-23,C0124,P043,3,330.9,0.0,992.7,-839.04
O03846,2024-04-08,C0739,P022,3,1116.41,0.1,3014.31,1295.91
O03847,2025-05-06,C0574,P043,5,330.9,0.05,1571.78,-1481.12
O03848,2025-11-06,C0415,P037,6,1029.46,0.0,6176.76,4624.32
O03849,2025-07-02,C0535,P001,5,546.74,0.0,2733.7,-1066.45
O03850,2024-12-17,C0208,P019,3,46.28,0.05,131.9,-2414.32
O03851,2025-01-17,C0057,P001,6,546.74,0.0,3280.44,-1279.74
O03852,2024-07-08,C0677,P004,5,187.13,0.1,842.08,-1385.17
O03853,2025-04-28,C0772,P029,6,580.35,0.1,3133.89,-2148.87
O03854,2024-06-25,C0029,P016,5,627.86,0.05,2982.34,2835.19
O03855,2024-09-06,C0042,P006,5,358.18,0.05,1701.36,1440.56
O03856,2024-07-12,C0448,P025,3,416.82,0.05,1187.94,766.14
O03857,2024-09-02,C0035,P028,3,586.16,0.05,1670.56,775.75
O03858,2024-09-25,C0578,P060,2,303.49,0.15,515.93,303.25
O03859,2024-03-01,C0757,P040,2,56.66,0.0,113.32,-443.18
O03860,2025-06-08,C0224,P024,5,665.45,0.2,2661.8,631.85
O03861,2024-11-18,C0236,P029,3,580.35,0.0,1741.05,-900.33
O03862,2025-11-25,C0691,P006,1,358.18,0.0,358.18,306.02
O03863,2024-05-12,C0285,P024,1,665.45,0.1,598.91,192.92
O03864,2025-05-04,C0193,P035,7,615.36,0.0,4307.52,2625.0
O03865,2024-05-10,C0068,P002,4,787.94,0.0,3151.76,-280.84
O03866,2025-02-03,C0672,P056,5,649.23,0.0,3246.15,885.85
O03867,2024-12-24,C0741,P031,7,333.66,0.1,2102.06,-3857.88
O03868,2024-11-23,C0063,P048,1,424.33,0.05,403.11,-407.97
O03869,2025-04-23,C0643,P017,7,517.11,0.0,3619.77,1401.47
O03870,2025-08-28,C0128,P051,5,174.29,0.05,827.88,-2546.77
O03871,2024-08-19,C0112,P023,5,69.97,0.0,349.85,-4065.6
O03872,2025-09-13,C0305,P056,4,649.23,0.2,2077.54,189.3
O03873,2024-05-15,C0350,P032,5,127.03,0.0,635.15,-1657.95
O03874,2024-08-02,C0684,P039,2,240.05,0.05,456.1,-1302.12
O03875,2024-08-15,C0560,P013,3,485.0,0.05,1382.25,133.26
O03876,2025-11-27,C0116,P060,7,303.49,0.05,2018.21,1273.83
O03877,2024-03-27,C0468,P012,2,312.99,0.2,500.78,456.26
O03878,2024-10-15,C0701,P002,6,787.94,0.0,4727.64,-421.26
O03879,2024-11-06,C0530,P027,7,1014.33,0.1,6390.28,3501.17
O03880,2025-08-07,C0184,P051,5,174.29,0.0,871.45,-2503.2
O03881,2024-12-21,C0104,P056,3,649.23,0.1,1752.92,336.74
O03882,2025-12-07,C0363,P052,6,1125.55,0.0,6753.3,2384.22
O03883,2025-06-25,C0378,P034,6,1165.94,0.0,6995.64,4252.74
O03884,2025-05-29,C0283,P056,4,649.23,0.0,2596.92,708.68
O03885,2025-07-04,C0088,P030,1,81.03,0.0,81.03,-45.49
O03886,2024-04-28,C0095,P029,4,580.35,0.2,1857.12,-1664.72
O03887,2024-11-24,C0424,P011,4,148.23,0.1,533.63,-1825.13
O03888,2025-03-04,C0756,P048,2,424.33,0.0,848.66,-773.5
O03889,2024-06-01,C0479,P019,3,46.28,0.05,131.9,-2414.32
O03890,2024-03-27,C0351,P012,2,312.99,0.1,563.38,518.86
O03891,2024-04-09,C0746,P023,5,69.97,0.0,349.85,-4065.6
O03892,2025-07-30,C0553,P037,4,1029.46,0.0,4117.84,3082.88
O03893,2025-04-25,C0575,P017,6,517.11,0.1,2792.39,890.99
O03894,2024-07-24,C0461,P022,4,1116.41,0.0,4465.64,2174.44
O03895,2025-06-22,C0611,P020,5,921.34,0.05,4376.36,1650.26
O03896,2025-05-23,C0402,P036,6,548.94,0.0,3293.64,-1356.24
O03897,2025-08-19,C0498,P043,2,330.9,0.0,661.8,-559.36
O03898,2025-10-27,C0494,P041,4,256.22,0.1,922.39,-512.57
O03899,2025-10-06,C0603,P009,6,57.81,0.1,312.17,-1241.11
O03900,2024-05-12,C0719,P021,5,949.32,0.2,3797.28,2479.88
O03901,2025-07-16,C0236,P039,2,240.05,0.0,480.1,-1278.12
O03902,2024-10-14,C0560,P013,6,485.0,0.1,2619.0,121.02
O03903,2024-10-21,C0026,P005,2,831.29,0.15,1413.19,1121.41
O03904,2025-04-18,C0426,P020,7,921.34,0.05,6126.91,2310.37
O03905,2025-03-16,C0719,P041,5,256.22,0.2,1024.88,-768.82
O03906,2024-11-02,C0517,P040,3,56.66,0.2,135.98,-698.77
O03907,2025-12-31,C0215,P008,2,635.81,0.1,1144.46,386.92
O03908,2024-05-07,C0486,P041,7,256.22,0.2,1434.83,-1076.35
O03909,2024-03-11,C0287,P012,4,312.99,0.05,1189.36,1100.32
O03910,2024-01-22,C0347,P045,6,570.48,0.05,3251.74,-635.72
O03911,2025-08-18,C0183,P034,6,1165.94,0.15,5946.29,3203.39
O03912,2024-10-24,C0500,P008,1,635.81,0.1,572.23,193.46
O03913,2024-11-15,C0159,P022,5,1116.41,0.0,5582.05,2718.05
O03914,2025-04-19,C0355,P050,3,301.39,0.0,904.17,543.27
O03915,2024-11-14,C0752,P026,7,39.15,0.0,274.05,-5949.02
O03916,2025-02-23,C0607,P042,2,233.96,0.15,397.73,-832.73
O03917,2024-02-12,C0332,P045,1,570.48,0.0,570.48,-77.43
O03918,2024-04-24,C0776,P002,5,787.94,0.0,3939.7,-351.05
O03919,2025-11-12,C0012,P056,4,649.23,0.05,2467.07,578.83
O03920,2024-11-25,C0768,P021,4,949.32,0.0,3797.28,2743.36
O03921,2024-05-02,C0282,P048,2,424.33,0.2,678.93,-943.23
O03922,2024-09-27,C0657,P029,4,580.35,0.05,2205.33,-1316.51
O03923,2024-09-01,C0759,P035,7,615.36,0.0,4307.52,2625.0
O03924,2024-07-19,C0482,P022,6,1116.41,0.0,6698.46,3261.66
O03925,2024-08-02,C0489,P052,7,1125.55,0.1,7090.96,1993.7
O03926,2025-06-17,C0600,P008,3,635.81,0.05,1812.06,675.75
O03927,2024-03-19,C0192,P054,7,1191.51,0.05,7923.54,3407.91
O03928,2024-08-14,C0143,P013,3,485.0,0.0,1455.0,206.01
O03929,2024-12-08,C0275,P053,7,858.22,0.15,5106.41,1257.74
O03930,2025-01-29,C0384,P002,7,787.94,0.1,4964.02,-1043.03
O03931,2025-10-05,C0595,P001,2,546.74,0.1,984.13,-535.93
O03932,2025-11-05,C0206,P006,7,358.18,0.0,2507.26,2142.14
O03933,2024-08-05,C0452,P033,5,1117.52,0.2,4470.08,2534.83
O03934,2025-01-29,C0003,P016,6,627.86,0.1,3390.44,3213.86
O03935,2024-01-17,C0025,P036,5,548.94,0.0,2744.7,-1130.2
O03936,2025-03-27,C0774,P050,2,301.39,0.2,482.22,241.62
O03937,2024-04-21,C0681,P002,7,787.94,0.15,4688.24,-1318.81
O03938,2024-02-23,C0692,P032,1,127.03,0.1,114.33,-344.29
O03939,2025-05-06,C0263,P045,6,570.48,0.1,3080.59,-806.87
O03940,2024-05-10,C0411,P026,2,39.15,0.0,78.3,-1699.72
O03941,2024-12-14,C0540,P056,6,649.23,0.05,3700.61,868.25
O03942,2024-03-14,C0204,P040,3,56.66,0.0,169.98,-664.77
O03943,2025-06-29,C0596,P003,2,1064.41,0.05,2022.38,1796.08
O03944,2025-07-13,C0555,P033,2,1117.52,0.0,2235.04,1460.94
O03945,2025-02-24,C0326,P024,3,665.45,0.0,1996.35,778.38
O03946,2025-09-03,C0348,P008,7,635.81,0.15,3783.07,1131.68
O03947,2024-11-15,C0246,P058,6,1114.65,0.0,6687.9,6552.48
O03948,2024-05-16,C0643,P014,5,465.85,0.1,2096.33,-1559.52
O03949,2024-04-20,C0790,P006,5,358.18,0.0,1790.9,1530.1
O03950,2024-06-09,C0800,P014,3,465.85,0.0,1397.55,-795.96
O03951,2024-05-26,C0618,P050,7,301.39,0.0,2109.73,1267.63
O03952,2024-08-24,C0280,P036,2,548.94,0.0,1097.88,-452.08
O03953,2024-06-05,C0625,P050,7,301.39,0.05,2004.24,1162.14
O03954,2025-03-08,C0196,P028,3,586.16,0.0,1758.48,863.67
O03955,2024-04-18,C0718,P008,3,635.81,0.1,1716.69,580.38
O03956,2025-03-30,C0214,P024,4,665.45,0.05,2528.71,904.75
O03957,2024-09-01,C0323,P012,6,312.99,0.0,1877.94,1744.38
O03958,2025-05-17,C0075,P034,5,1165.94,0.0,5829.7,3543.95
O03959,2025-01-09,C0066,P017,6,517.11,0.0,3102.66,1201.26
O03960,2025-10-23,C0316,P059,1,66.68,0.0,66.68,-178.79
O03961,2024-11-17,C0441,P023,2,69.97,0.0,139.94,-1626.24
O03962,2024-08-03,C0014,P019,6,46.28,0.1,249.91,-4842.53
O03963,2025-03-06,C0677,P060,7,303.49,0.1,1911.99,1167.61
O03964,2025-04-26,C0092,P032,1,127.03,0.15,107.98,-350.64
O03965,2024-11-17,C0799,P011,7,148.23,0.1,933.85,-3193.98
O03966,2025-02-13,C0218,P029,2,580.35,0.05,1102.66,-658.26
O03967,2024-12-10,C0304,P016,7,627.86,0.0,4395.02,4189.01
O03968,2024-08-11,C0128,P043,7,330.9,0.0,2316.3,-1957.76
O03969,2024-08-17,C0660,P035,5,615.36,0.05,2922.96,1721.16
O03970,2025-10-25,C0586,P044,2,431.66,0.0,863.32,211.04
O03971,2025-05-08,C0063,P057,6,743.47,0.0,4460.82,3450.78
O03972,2024-03-10,C0085,P044,1,431.66,0.2,345.33,19.19
O03973,2025-12-04,C0488,P021,3,949.32,0.0,2847.96,2057.52
O03974,2025-06-04,C0693,P013,5,485.0,0.0,2425.0,343.35
O03975,2024-02-06,C0088,P032,1,127.03,0.15,107.98,-350.64
O03976,2025-06-16,C0177,P027,3,1014.33,0.0,3042.99,1804.8
O03977,2025-03-07,C0437,P019,6,46.28,0.0,277.68,-4814.76
O03978,2025-10-31,C0087,P049,1,603.63,0.0,603.63,558.94
O03979,2024-12-23,C0244,P055,3,212.17,0.0,636.51,-305.4
O03980,2025-01-14,C0009,P023,1,69.97,0.2,55.98,-827.11
O03981,2024-08-18,C0400,P041,5,256.22,0.1,1152.99,-640.71
O03982,2024-08-23,C0573,P060,1,303.49,0.05,288.32,181.98
O03983,2025-03-27,C0330,P001,2,546.74,0.0,1093.48,-426.58
O03984,2025-08-28,C0206,P022,4,1116.41,0.0,4465.64,2174.44
O03985,2025-10-13,C0340,P045,2,570.48,0.05,1083.91,-211.91
O03986,2025-07-17,C0408,P030,2,81.03,0.0,162.06,-90.98
O03987,2025-03-21,C0133,P048,6,424.33,0.0,2545.98,-2320.5
O03988,2024-12-31,C0090,P029,6,580.35,0.1,3133.89,-2148.87
O03989,2024-09-05,C0146,P004,1,187.13,0.15,159.06,-286.39
O03990,2025-07-15,C0789,P027,7,1014.33,0.15,6035.26,3146.15
O03991,2024-08-20,C0579,P025,4,416.82,0.1,1500.55,938.15
O03992,2024-07-14,C0101,P051,2,174.29,0.05,331.15,-1018.71
O03993,2025-09-26,C0242,P009,7,57.81,0.1,364.2,-1447.96
O03994,2025-03-06,C0330,P010,3,460.99,0.15,1175.52,-494.88
O03995,2024-09-15,C0145,P009,3,57.81,0.0,173.43,-603.21
O03996,2025-09-24,C0682,P035,2,615.36,0.0,1230.72,750.0
O03997,2025-12-04,C0753,P060,7,303.49,0.0,2124.43,1380.05
O03998,2024-08-20,C0196,P038,3,646.25,0.2,1551.0,480.0
O03999,2025-01-16,C0014,P049,5,603.63,0.15,2565.43,2341.98
O04000,2024-12-19,C0214,P052,2,1125.55,0.1,2025.99,569.63
O04001,2025-05-27,C0467,P037,7,1029.46,0.0,7206.22,5395.04
O04002,2025-11-26,C0647,P037,6,1029.46,0.2,4941.41,3388.97
O04003,2025-02-04,C0272,P015,4,720.35,0.0,2881.4,953.04
O04004,2025-08-06,C0219,P058,3,1114.65,0.0,3343.95,3276.24
O04005,2025-03-11,C0200,P048,5,424.33,0.05,2015.57,-2039.83
O04006,2025-10-10,C0003,P053,4,858.22,0.1,3089.59,890.35
O04007,2024-10-22,C0012,P060,7,303.49,0.15,1805.77,1061.39
O04008,2024-10-08,C0343,P021,5,949.32,0.0,4746.6,3429.2
O04009,2024-11-04,C0495,P009,1,57.81,0.0,57.81,-201.07
O04010,2025-12-29,C0011,P052,6,1125.55,0.05,6415.63,2046.55
O04011,2025-03-22,C0161,P029,2,580.35,0.0,1160.7,-600.22
O04012,2024-04-21,C0728,P058,3,1114.65,0.15,2842.36,2774.65
O04013,2024-01-30,C0793,P042,4,233.96,0.0,935.84,-1525.08
O04014,2025-01-14,C0514,P016,2,627.86,0.0,1255.72,1196.86
O04015,2025-08-11,C0418,P022,7,1116.41,0.0,7814.87,3805.27
O04016,2024-12-16,C0467,P037,7,1029.46,0.1,6485.6,4674.42
O04017,2025-02-13,C0297,P024,2,665.45,0.15,1131.27,319.29
O04018,2025-08-06,C0162,P017,3,517.11,0.0,1551.33,600.63
O04019,2025-01-12,C0301,P013,3,485.0,0.0,1455.0,206.01
O04020,2025-10-26,C0560,P039,5,240.05,0.15,1020.21,-3375.34
O04021,2025-04-11,C0531,P003,5,1064.41,0.05,5055.95,4490.2
O04022,2025-06-18,C0542,P006,5,358.18,0.0,1790.9,1530.1
O04023,2025-07-25,C0487,P003,1,1064.41,0.0,1064.41,951.26
O04024,2025-04-03,C0049,P045,4,570.48,0.2,1825.54,-766.1
O04025,2024-02-06,C0502,P002,2,787.94,0.1,1418.29,-298.01
O04026,2024-11-08,C0705,P026,2,39.15,0.0,78.3,-1699.72
O04027,2024-04-13,C0520,P008,6,635.81,0.0,3814.86,1542.24
O04028,2025-01-08,C0464,P036,1,548.94,0.0,548.94,-226.04
O04029,2024-04-14,C0180,P003,1,1064.41,0.0,1064.41,951.26
O04030,2025-01-07,C0634,P002,4,787.94,0.0,3151.76,-280.84
O04031,2024-09-08,C0362,P025,6,416.82,0.0,2500.92,1657.32
O04032,2024-01-15,C0211,P042,4,233.96,0.0,935.84,-1525.08
O04033,2024-04-01,C0392,P007,2,540.47,0.0,1080.94,812.12
O04034,2025-01-02,C0098,P030,6,81.03,0.05,461.87,-297.25
O04035,2024-02-27,C0742,P049,3,603.63,0.05,1720.35,1586.28
O04036,2025-09-17,C0562,P038,5,646.25,0.1,2908.12,1123.12
O04037,2025-07-08,C0262,P046,2,1026.09,0.0,2052.18,1389.06
O04038,2025-06-02,C0636,P019,7,46.28,0.15,275.37,-5665.81
O04039,2024-05-05,C0044,P057,2,743.47,0.15,1263.9,927.22
O04040,2025-08-04,C0309,P009,7,57.81,0.2,323.74,-1488.42
O04041,2025-04-08,C0522,P037,3,1029.46,0.0,3088.38,2312.16
O04042,2024-10-12,C0019,P027,6,1014.33,0.0,6085.98,3609.6
O04043,2024-01-01,C0567,P002,4,787.94,0.05,2994.17,-438.43
O04044,2025-01-21,C0655,P057,1,743.47,0.0,743.47,575.13
O04045,2025-08-04,C0476,P043,1,330.9,0.0,330.9,-279.68
O04046,2024-01-25,C0165,P014,3,465.85,0.0,1397.55,-795.96
O04047,2024-02-08,C0600,P004,2,187.13,0.05,355.55,-535.35
O04048,2024-10-06,C0272,P041,5,256.22,0.1,1152.99,-640.71
O04049,2025-01-08,C0589,P033,1,1117.52,0.0,1117.52,730.47
O04050,2024-12-12,C0503,P003,5,1064.41,0.15,4523.74,3957.99
O04051,2024-11-07,C0075,P060,2,303.49,0.1,546.28,333.6
O04052,2024-07-05,C0080,P044,2,431.66,0.0,863.32,211.04
O04053,2024-02-13,C0013,P028,3,586.16,0.0,1758.48,863.67
O04054,2024-01-23,C0058,P015,5,720.35,0.0,3601.75,1191.3
O04055,2024-03-13,C0240,P017,3,517.11,0.15,1318.63,367.93
O04056,2025-05-19,C0021,P028,3,586.16,0.1,1582.63,687.82
O04057,2025-07-28,C0751,P004,3,187.13,0.1,505.25,-831.1
O04058,2024-11-14,C0734,P023,3,69.97,0.1,188.92,-2460.35
O04059,2024-02-26,C0139,P014,3,465.85,0.0,1397.55,-795.96
O04060,2024-10-30,C0250,P007,6,540.47,0.15,2756.4,1949.94
O04061,2025-12-21,C0594,P008,5,635.81,0.15,2702.19,808.34
O04062,2024-07-01,C0529,P021,3,949.32,0.1,2563.16,1772.72
O04063,2024-12-25,C0466,P023,6,69.97,0.05,398.83,-4899.71
O04064,2025-01-28,C0792,P022,4,1116.41,0.0,4465.64,2174.44
O04065,2024-08-29,C0504,P042,7,233.96,0.0,1637.72,-2668.89
O04066,2024-11-16,C0536,P032,4,127.03,0.0,508.12,-1326.36
O04067,2024-12-10,C0402,P012,2,312.99,0.05,594.68,550.16
O04068,2024-12-12,C0421,P059,4,66.68,0.1,240.05,-741.83
O04069,2025-06-08,C0233,P044,6,431.66,0.15,2201.47,244.63
O04070,2025-02-28,C0417,P029,2,580.35,0.0,1160.7,-600.22
O04071,2024-02-09,C0735,P003,2,1064.41,0.0,2128.82,1902.52
O04072,2024-01-05,C0302,P055,5,212.17,0.0,1060.85,-509.0
O04073,2024-10-27,C0107,P045,7,570.48,0.2,3194.69,-1340.68
O04074,2025-10-25,C0480,P028,3,586.16,0.1,1582.63,687.82
O04075,2024-01-27,C0629,P010,4,460.99,0.05,1751.76,-475.44
O04076,2024-02-21,C0768,P007,5,540.47,0.05,2567.23,1895.18
O04077,2025-05-11,C0434,P018,5,943.73,0.05,4482.72,3986.42
O04078,2024-11-25,C0631,P014,2,465.85,0.0,931.7,-530.64
O04079,2024-06-17,C0201,P013,3,485.0,0.0,1455.0,206.01
O04080,2024-05-31,C0340,P025,7,416.82,0.0,2917.74,1933.54
O04081,2025-05-01,C0336,P003,7,1064.41,0.0,7450.87,6658.82
O04082,2025-01-17,C0266,P020,6,921.34,0.05,5251.64,1980.32
O04083,2025-04-11,C0573,P053,1,858.22,0.0,858.22,308.41
O04084,2024-07-23,C0707,P052,3,1125.55,0.1,3038.98,854.44
O04085,2025-01-19,C0262,P001,1,546.74,0.05,519.4,-240.63
O04086,2025-09-20,C0109,P041,3,256.22,0.05,730.23,-345.99
O04087,2024-08-19,C0661,P060,7,303.49,0.2,1699.54,955.16
O04088,2024-10-16,C0680,P035,3,615.36,0.0,1846.08,1125.0
O04089,2024-04-29,C0748,P024,2,665.45,0.05,1264.36,452.38
O04090,2025-04-11,C0205,P030,6,81.03,0.0,486.18,-272.94
O04091,2024-01-24,C0576,P013,6,485.0,0.1,2619.0,121.02
O04092,2024-06-30,C0573,P024,5,665.45,0.05,3160.89,1130.94
O04093,2025-06-05,C0633,P057,6,743.47,0.0,4460.82,3450.78
O04094,2024-01-15,C0645,P037,5,1029.46,0.0,5147.3,3853.6
O04095,2025-12-24,C0763,P026,5,39.15,0.1,176.18,-4268.87
O04096,2024-10-22,C0382,P008,7,635.81,0.1,4005.6,1354.21
O04097,2024-10-18,C0061,P055,3,212.17,0.1,572.86,-369.05
O04098,2025-01-27,C0154,P010,4,460.99,0.0,1843.96,-383.24
O04099,2025-04-12,C0710,P044,4,431.66,0.05,1640.31,335.75
O04100,2024-12-01,C0676,P019,5,46.28,0.05,219.83,-4023.87
O04101,2025-10-08,C0009,P017,4,517.11,0.0,2068.44,800.84
O04102,2025-12-04,C0295,P011,4,148.23,0.05,563.27,-1795.49
O04103,2024-05-26,C0197,P023,2,69.97,0.05,132.94,-1633.24
O04104,2025-05-31,C0257,P041,5,256.22,0.1,1152.99,-640.71
O04105,2024-08-07,C0512,P025,1,416.82,0.0,416.82,276.22
O04106,2025-12-28,C0409,P002,4,787.94,0.0,3151.76,-280.84
O04107,2024-07-04,C0385,P016,3,627.86,0.2,1506.86,1418.57
O04108,2024-08-03,C0349,P010,6,460.99,0.15,2351.05,-989.75
O04109,2025-06-06,C0514,P025,4,416.82,0.0,1667.28,1104.88
O04110,2025-07-30,C0547,P055,1,212.17,0.15,180.34,-133.63
O04111,2024-04-03,C0035,P058,4,1114.65,0.0,4458.6,4368.32
O04112,2025-02-10,C0110,P060,2,303.49,0.15,515.93,303.25
O04113,2024-09-09,C0273,P007,3,540.47,0.0,1621.41,1218.18
O04114,2025-03-23,C0349,P030,3,81.03,0.0,243.09,-136.47
O04115,2025-02-10,C0797,P003,2,1064.41,0.2,1703.06,1476.76
O04116,2025-12-21,C0714,P030,7,81.03,0.0,567.21,-318.43
O04117,2025-11-13,C0520,P035,2,615.36,0.1,1107.65,626.93
O04118,2025-04-23,C0029,P047,4,272.32,0.05,1034.82,-1041.34
O04119,2025-05-11,C0081,P021,6,949.32,0.0,5695.92,4115.04
O04120,2025-10-19,C0366,P003,3,1064.41,0.2,2554.58,2215.13
O04121,2024-05-14,C0470,P028,7,586.16,0.05,3897.96,1810.07
O04122,2025-06-14,C0529,P026,3,39.15,0.15,99.83,-2567.2
O04123,2025-07-18,C0114,P038,7,646.25,0.15,3845.19,1346.19
O04124,2024-04-03,C0711,P006,4,358.18,0.0,1432.72,1224.08
O04125,2025-10-06,C0395,P037,1,1029.46,0.0,1029.46,770.72
O04126,2025-05-26,C0476,P025,7,416.82,0.0,2917.74,1933.54
O04127,2024-09-10,C0032,P045,7,570.48,0.05,3793.69,-741.68
O04128,2024-12-20,C0660,P060,7,303.49,0.0,2124.43,1380.05
O04129,2024-12-23,C0435,P014,1,465.85,0.0,465.85,-265.32
O04130,2025-11-02,C0179,P046,6,1026.09,0.1,5540.89,3551.53
O04131,2025-12-09,C0256,P008,3,635.81,0.0,1907.43,771.12
O04132,2025-08-12,C0283,P060,6,303.49,0.1,1638.85,1000.81
O04133,2025-04-21,C0022,P029,7,580.35,0.05,3859.33,-2303.89
O04134,2024-03-17,C0754,P045,2,570.48,0.0,1140.96,-154.86
O04135,2025-10-30,C0643,P047,3,272.32,0.0,816.96,-740.16
O04136,2024-04-07,C0709,P037,2,1029.46,0.0,2058.92,1541.44
O04137,2024-05-01,C0283,P024,3,665.45,0.05,1896.53,678.56
O04138,2024-02-20,C0447,P046,5,1026.09,0.0,5130.45,3472.65
O04139,2025-11-23,C0367,P029,3,580.35,0.1,1566.95,-1074.43
O04140,2024-12-26,C0381,P040,5,56.66,0.1,254.97,-1136.28
O04141,2024-06-21,C0472,P037,5,1029.46,0.0,5147.3,3853.6
O04142,2024-02-29,C0361,P028,2,586.16,0.15,996.47,399.93
O04143,2024-10-28,C0619,P008,1,635.81,0.2,508.65,129.88
O04144,2025-06-13,C0048,P018,6,943.73,0.0,5662.38,5066.82
O04145,2025-12-28,C0155,P057,2,743.47,0.2,1189.55,852.87
O04146,2025-02-07,C0714,P032,2,127.03,0.0,254.06,-663.18
O04147,2025-03-19,C0706,P039,5,240.05,0.1,1080.23,-3315.32
O04148,2025-09-03,C0655,P016,2,627.86,0.0,1255.72,1196.86
O04149,2025-10-21,C0296,P043,2,330.9,0.1,595.62,-625.54
O04150,2024-07-23,C0366,P030,3,81.03,0.1,218.78,-160.78
O04151,2025-12-26,C0021,P014,4,465.85,0.2,1490.72,-1433.96
O04152,2025-01-14,C0224,P009,6,57.81,0.2,277.49,-1275.79
O04153,2025-11-10,C0582,P024,7,665.45,0.0,4658.15,1816.22
O04154,2024-03-26,C0275,P034,6,1165.94,0.1,6296.08,3553.18
O04155,2024-03-12,C0385,P017,7,517.11,0.0,3619.77,1401.47
O04156,2025-10-08,C0099,P015,4,720.35,0.0,2881.4,953.04
O04157,2025-05-06,C0398,P017,3,517.11,0.0,1551.33,600.63
O04158,2024-05-07,C0578,P018,6,943.73,0.15,4813.02,4217.46
O04159,2025-10-16,C0458,P045,3,570.48,0.1,1540.3,-403.43
O04160,2024-03-15,C0446,P030,6,81.03,0.0,486.18,-272.94
O04161,2025-05-13,C0732,P029,7,580.35,0.2,3249.96,-2913.26
O04162,2024-05-29,C0188,P010,3,460.99,0.1,1244.67,-425.73
O04163,2024-02-21,C0240,P033,5,1117.52,0.0,5587.6,3652.35
O04164,2025-08-12,C0499,P058,6,1114.65,0.05,6353.5,6218.08
O04165,2025-09-11,C0385,P045,6,570.48,0.1,3080.59,-806.87
O04166,2024-03-18,C0784,P027,2,1014.33,0.1,1825.79,1000.33
O04167,2024-03-09,C0048,P019,7,46.28,0.05,307.76,-5633.42
O04168,2025-03-25,C0098,P022,4,1116.41,0.05,4242.36,1951.16
O04169,2024-01-21,C0274,P002,1,787.94,0.0,787.94,-70.21
O04170,2025-06-29,C0367,P002,1,787.94,0.05,748.54,-109.61
O04171,2025-10-31,C0713,P047,6,272.32,0.0,1633.92,-1480.32
O04172,2025-07-03,C0396,P051,3,174.29,0.0,522.87,-1501.92
O04173,2024-06-17,C0350,P059,1,66.68,0.0,66.68,-178.79
O04174,2024-05-18,C0134,P038,4,646.25,0.05,2455.75,1027.75
O04175,2025-05-12,C0348,P056,5,649.23,0.0,3246.15,885.85
O04176,2024-02-15,C0426,P025,1,416.82,0.0,416.82,276.22
O04177,2025-01-28,C0468,P016,3,627.86,0.0,1883.58,1795.29
O04178,2024-11-24,C0485,P015,4,720.35,0.2,2305.12,376.76
O04179,2025-06-28,C0344,P015,6,720.35,0.0,4322.1,1429.56
O04180,2024-05-28,C0126,P045,5,570.48,0.0,2852.4,-387.15
O04181,2025-07-11,C0123,P001,1,546.74,0.0,546.74,-213.29
O04182,2025-05-26,C0124,P057,5,743.47,0.1,3345.62,2503.92
O04183,2024-06-23,C0495,P047,7,272.32,0.0,1906.24,-1727.04
O04184,2024-09-17,C0686,P023,1,69.97,0.0,69.97,-813.12
O04185,2024-02-18,C0707,P043,7,330.9,0.15,1968.85,-2305.21
O04186,2024-11-24,C0250,P009,1,57.81,0.1,52.03,-206.85
O04187,2024-07-09,C0064,P026,5,39.15,0.05,185.96,-4259.09
O04188,2024-03-23,C0505,P007,3,540.47,0.05,1540.34,1137.11
O04189,2025-02-13,C0031,P007,6,540.47,0.2,2594.26,1787.8
O04190,2025-02-18,C0502,P001,6,546.74,0.2,2624.35,-1935.83
O04191,2024-03-03,C0307,P048,6,424.33,0.1,2291.38,-2575.1
O04192,2024-05-15,C0672,P045,7,570.48,0.1,3594.02,-941.35
O04193,2024-03-01,C0501,P054,6,1191.51,0.15,6076.7,2206.16
O04194,2025-05-11,C0592,P059,3,66.68,0.2,160.03,-576.38
O04195,2024-09-04,C0325,P058,4,1114.65,0.0,4458.6,4368.32
O04196,2024-02-22,C0673,P060,6,303.49,0.2,1456.75,818.71
O04197,2024-05-20,C0421,P001,2,546.74,0.1,984.13,-535.93
O04198,2025-12-14,C0501,P048,5,424.33,0.05,2015.57,-2039.83
O04199,2024-07-05,C0289,P044,4,431.66,0.0,1726.64,422.08
O04200,2025-05-15,C0360,P010,7,460.99,0.0,3226.93,-670.67
O04201,2024-12-08,C0673,P009,1,57.81,0.1,52.03,-206.85
O04202,2024-05-12,C0315,P059,1,66.68,0.1,60.01,-185.46
O04203,2024-08-12,C0018,P053,1,858.22,0.0,858.22,308.41
O04204,2024-01-11,C0304,P020,4,921.34,0.05,3501.09,1320.21
O04205,2025-06-30,C0314,P005,4,831.29,0.0,3325.16,2741.6
O04206,2024-09-01,C0335,P021,5,949.32,0.05,4509.27,3191.87
O04207,2024-12-30,C0057,P001,2,546.74,0.05,1038.81,-481.25
O04208,2024-04-21,C0104,P042,3,233.96,0.05,666.79,-1178.9
O04209,2025-08-25,C0260,P023,3,69.97,0.0,209.91,-2439.36
O04210,2024-06-08,C0340,P003,1,1064.41,0.0,1064.41,951.26
O04211,2025-02-17,C0024,P059,6,66.68,0.0,400.08,-1072.74
O04212,2025-09-29,C0312,P050,1,301.39,0.05,286.32,166.02
O04213,2025-06-05,C0257,P055,5,212.17,0.15,901.72,-668.13
O04214,2025-03-16,C0028,P060,4,303.49,0.1,1092.56,667.2
O04215,2025-10-11,C0201,P001,7,546.74,0.1,3444.46,-1875.75
O04216,2024-05-08,C0221,P047,5,272.32,0.0,1361.6,-1233.6
O04217,2025-12-05,C0115,P048,4,424.33,0.0,1697.32,-1547.0
O04218,2025-02-10,C0602,P047,5,272.32,0.15,1157.36,-1437.84
O04219,2024-10-26,C0058,P016,1,627.86,0.05,596.47,567.04
O04220,2024-07-05,C0463,P024,2,665.45,0.0,1330.9,518.92
O04221,2025-06-28,C0533,P056,4,649.23,0.05,2467.07,578.83
O04222,2025-12-14,C0645,P004,7,187.13,0.1,1178.92,-1939.23
O04223,2025-05-19,C0437,P039,6,240.05,0.0,1440.3,-3834.36
O04224,2024-01-24,C0435,P048,3,424.33,0.0,1272.99,-1160.25
O04225,2024-12-08,C0609,P048,2,424.33,0.05,806.23,-815.93
O04226,2025-06-19,C0684,P036,7,548.94,0.0,3842.58,-1582.28
O04227,2024-10-17,C0169,P047,4,272.32,0.0,1089.28,-986.88
O04228,2025-07-19,C0637,P055,1,212.17,0.1,190.95,-123.02
O04229,2025-06-01,C0370,P046,2,1026.09,0.2,1641.74,978.62
O04230,2024-02-19,C0079,P007,6,540.47,0.0,3242.82,2436.36
O04231,2025-02-11,C0490,P015,7,720.35,0.0,5042.45,1667.82
O04232,2024-05-05,C0782,P019,7,46.28,0.05,307.76,-5633.42
O04233,2024-12-21,C0113,P021,1,949.32,0.0,949.32,685.84
O04234,2024-10-07,C0012,P022,6,1116.41,0.15,5693.69,2256.89
O04235,2025-08-12,C0734,P014,1,465.85,0.1,419.27,-311.9
O04236,2025-09-26,C0478,P041,6,256.22,0.0,1537.32,-615.12
O04237,2024-12-03,C0176,P007,7,540.47,0.1,3404.96,2464.09
O04238,2025-01-27,C0635,P048,3,424.33,0.0,1272.99,-1160.25
O04239,2025-04-02,C0315,P040,2,56.66,0.05,107.65,-448.85
O04240,2025-04-24,C0266,P058,5,1114.65,0.15,4737.26,4624.41
O04241,2025-04-09,C0232,P001,1,546.74,0.0,546.74,-213.29
O04242,2025-07-26,C0479,P018,5,943.73,0.0,4718.65,4222.35
O04243,2025-12-18,C0108,P054,3,1191.51,0.15,3038.35,1103.08
O04244,2025-08-28,C0290,P030,3,81.03,0.05,230.94,-148.62
O04245,2024-04-08,C0245,P034,6,1165.94,0.0,6995.64,4252.74
O04246,2024-12-14,C0049,P002,7,787.94,0.0,5515.58,-491.47
O04247,2024-12-03,C0611,P046,3,1026.09,0.0,3078.27,2083.59
O04248,2025-01-06,C0007,P016,3,627.86,0.05,1789.4,1701.11
O04249,2025-01-21,C0768,P058,6,1114.65,0.0,6687.9,6552.48
O04250,2025-06-08,C0076,P023,3,69.97,0.0,209.91,-2439.36
O04251,2024-11-03,C0287,P012,2,312.99,0.0,625.98,581.46
O04252,2024-07-11,C0079,P036,7,548.94,0.05,3650.45,-1774.41
O04253,2024-11-30,C0294,P029,7,580.35,0.15,3453.08,-2710.14
O04254,2025-09-16,C0489,P029,3,580.35,0.05,1654.0,-987.38
O04255,2024-08-15,C0070,P057,2,743.47,0.05,1412.59,1075.91
O04256,2024-01-16,C0421,P022,2,1116.41,0.1,2009.54,863.94
O04257,2025-12-14,C0618,P024,5,665.45,0.0,3327.25,1297.3
O04258,2024-05-23,C0365,P038,3,646.25,0.0,1938.75,867.75
O04259,2025-03-16,C0090,P011,5,148.23,0.0,741.15,-2207.3
O04260,2025-08-07,C0554,P050,6,301.39,0.0,1808.34,1086.54
O04261,2024-07-19,C0150,P014,1,465.85,0.2,372.68,-358.49
O04262,2024-09-05,C0014,P015,7,720.35,0.0,5042.45,1667.82
O04263,2024-07-24,C0350,P001,1,546.74,0.15,464.73,-295.3
O04264,2024-04-19,C0217,P021,1,949.32,0.0,949.32,685.84
O04265,2024-04-21,C0023,P035,6,615.36,0.05,3507.55,2065.39
O04266,2024-05-16,C0622,P043,5,330.9,0.0,1654.5,-1398.4
O04267,2024-11-30,C0480,P054,7,1191.51,0.0,8340.57,3824.94
O04268,2025-01-22,C0728,P047,4,272.32,0.0,1089.28,-986.88
O04269,2024-01-12,C0385,P020,3,921.34,0.1,2487.62,851.96
O04270,2025-09-10,C0351,P050,5,301.39,0.05,1431.6,830.1
O04271,2025-05-09,C0675,P012,6,312.99,0.1,1690.15,1556.59
O04272,2024-02-21,C0066,P013,5,485.0,0.15,2061.25,-20.4
O04273,2025-09-08,C0290,P022,3,1116.41,0.05,3181.77,1463.37
O04274,2024-01-23,C0639,P033,7,1117.52,0.2,6258.11,3548.76
O04275,2025-02-13,C0235,P013,3,485.0,0.0,1455.0,206.01
O04276,2024-12-06,C0709,P055,3,212.17,0.0,636.51,-305.4
O04277,2025-01-02,C0228,P017,2,517.11,0.0,1034.22,400.42
O04278,2025-11-29,C0331,P024,3,665.45,0.05,1896.53,678.56
O04279,2025-11-08,C0718,P037,2,1029.46,0.05,1955.97,1438.49
O04280,2024-07-22,C0195,P026,5,39.15,0.05,185.96,-4259.09
O04281,2025-02-27,C0775,P025,6,416.82,0.15,2125.78,1282.18
O04282,2025-12-02,C0036,P060,4,303.49,0.0,1213.96,788.6
O04283,2025-06-16,C0213,P027,7,1014.33,0.1,6390.28,3501.17
O04284,2025-10-10,C0473,P007,4,540.47,0.05,2053.79,1516.15
O04285,2024-11-13,C0476,P044,4,431.66,0.05,1640.31,335.75
O04286,2024-07-25,C0728,P043,1,330.9,0.0,330.9,-279.68
O04287,2025-01-08,C0768,P014,7,465.85,0.0,3260.95,-1857.24
O04288,2025-08-20,C0543,P052,2,1125.55,0.0,2251.1,794.74
O04289,2025-11-09,C0528,P024,2,665.45,0.1,1197.81,385.83
O04290,2025-05-16,C0254,P010,7,460.99,0.05,3065.58,-832.02
O04291,2025-05-31,C0645,P011,4,148.23,0.0,592.92,-1765.84
O04292,2025-01-09,C0515,P043,1,330.9,0.1,297.81,-312.77
O04293,2024-08-21,C0020,P013,4,485.0,0.1,1746.0,80.68
O04294,2024-11-05,C0666,P029,5,580.35,0.15,2466.49,-1935.81
O04295,2024-12-29,C0288,P045,1,570.48,0.05,541.96,-105.95
O04296,2025-08-19,C0381,P052,6,1125.55,0.1,6077.97,1708.89
O04297,2025-02-09,C0389,P030,5,81.03,0.05,384.89,-247.71
O04298,2025-08-02,C0656,P055,1,212.17,0.1,190.95,-123.02
O04299,2024-01-21,C0215,P019,5,46.28,0.0,231.4,-4012.3
O04300,2025-07-07,C0314,P053,2,858.22,0.0,1716.44,616.82
O04301,2025-01-05,C0032,P016,6,627.86,0.2,3013.73,2837.15
O04302,2025-12-30,C0279,P004,3,187.13,0.1,505.25,-831.1
O04303,2024-12-10,C0071,P044,2,431.66,0.05,820.15,167.87
O04304,2024-12-15,C0467,P046,4,1026.09,0.05,3899.14,2572.9
O04305,2024-04-03,C0715,P056,4,649.23,0.1,2337.23,448.99
O04306,2025-08-12,C0372,P056,3,649.23,0.0,1947.69,531.51
O04307,2025-05-27,C0730,P007,7,540.47,0.0,3783.29,2842.42
O04308,2025-09-22,C0782,P038,5,646.25,0.0,3231.25,1446.25
O04309,2024-03-08,C0044,P043,4,330.9,0.0,1323.6,-1118.72
O04310,2024-06-03,C0414,P037,2,1029.46,0.0,2058.92,1541.44
O04311,2025-10-03,C0423,P002,4,787.94,0.1,2836.58,-596.02
O04312,2024-01-31,C0309,P003,1,1064.41,0.0,1064.41,951.26
O04313,2025-01-06,C0665,P041,7,256.22,0.1,1614.19,-896.99
O04314,2024-10-22,C0316,P052,1,1125.55,0.15,956.72,228.54
O04315,2025-11-17,C0045,P011,5,148.23,0.0,741.15,-2207.3
O04316,2025-09-18,C0439,P003,3,1064.41,0.1,2873.91,2534.46
O04317,2025-10-17,C0162,P025,6,416.82,0.05,2375.87,1532.27
O04318,2024-07-30,C0284,P019,3,46.28,0.15,118.01,-2428.21
O04319,2025-03-05,C0402,P059,1,66.68,0.05,63.35,-182.12
O04320,2025-05-26,C0579,P056,7,649.23,0.0,4544.61,1240.19
O04321,2025-12-08,C0223,P034,6,1165.94,0.0,6995.64,4252.74
O04322,2024-01-06,C0305,P057,1,743.47,0.15,631.95,463.61
O04323,2025-12-15,C0055,P014,1,465.85,0.0,465.85,-265.32
O04324,2024-09-16,C0308,P060,4,303.49,0.1,1092.56,667.2
O04325,2024-04-03,C0465,P027,7,1014.33,0.0,7100.31,4211.2
O04326,2025-03-25,C0494,P029,5,580.35,0.05,2756.66,-1645.64
O04327,2025-07-25,C0235,P004,1,187.13,0.05,177.77,-267.68
O04328,2024-04-04,C0049,P011,5,148.23,0.0,741.15,-2207.3
O04329,2024-01-30,C0462,P012,3,312.99,0.0,938.97,872.19
O04330,2025-10-17,C0525,P030,5,81.03,0.0,405.15,-227.45
O04331,2025-11-13,C0069,P012,3,312.99,0.1,845.07,778.29
O04332,2024-04-24,C0404,P007,1,540.47,0.1,486.42,352.01
O04333,2025-10-22,C0077,P037,1,1029.46,0.0,1029.46,770.72
O04334,2025-10-27,C0363,P053,5,858.22,0.05,4076.54,1327.49
O04335,2025-12-30,C0513,P005,5,831.29,0.0,4156.45,3427.0
O04336,2024-06-07,C0576,P034,3,1165.94,0.1,3148.04,1776.59
O04337,2025-02-27,C0572,P058,1,1114.65,0.1,1003.18,980.61
O04338,2025-12-27,C0607,P025,6,416.82,0.15,2125.78,1282.18
O04339,2025-10-21,C0193,P011,2,148.23,0.15,251.99,-927.39
O04340,2025-03-18,C0678,P005,2,831.29,0.0,1662.58,1370.8
O04341,2024-05-24,C0280,P057,4,743.47,0.0,2973.88,2300.52
O04342,2024-03-02,C0300,P025,6,416.82,0.15,2125.78,1282.18
O04343,2024-07-08,C0631,P007,7,540.47,0.0,3783.29,2842.42
O04344,2024-02-17,C0262,P052,5,1125.55,0.0,5627.75,1986.85
O04345,2024-05-22,C0060,P049,7,603.63,0.0,4225.41,3912.58
O04346,2024-02-24,C0572,P043,5,330.9,0.1,1489.05,-1563.85
O04347,2025-07-11,C0530,P006,6,358.18,0.1,1934.17,1621.21
O04348,2025-03-07,C0466,P005,2,831.29,0.2,1330.06,1038.28
O04349,2025-01-13,C0115,P014,1,465.85,0.0,465.85,-265.32
O04350,2025-08-14,C0506,P010,5,460.99,0.0,2304.95,-479.05
O04351,2024-10-27,C0159,P032,7,127.03,0.0,889.21,-2321.13
O04352,2024-10-21,C0445,P024,6,665.45,0.1,3593.43,1157.49
O04353,2024-05-31,C0407,P046,3,1026.09,0.0,3078.27,2083.59
O04354,2024-11-21,C0619,P007,4,540.47,0.15,1837.6,1299.96
O04355,2024-05-07,C0782,P044,1,431.66,0.05,410.08,83.94
O04356,2025-03-06,C0153,P057,3,743.47,0.1,2007.37,1502.35
O04357,2025-12-30,C0092,P008,5,635.81,0.1,2861.14,967.29
O04358,2025-01-24,C0445,P040,2,56.66,0.05,107.65,-448.85
O04359,2024-08-06,C0762,P031,4,333.66,0.1,1201.18,-2204.5
O04360,2025-05-17,C0127,P006,3,358.18,0.0,1074.54,918.06
O04361,2025-08-22,C0390,P018,4,943.73,0.1,3397.43,3000.39
O04362,2024-12-10,C0326,P048,6,424.33,0.1,2291.38,-2575.1
O04363,2024-07-01,C0255,P053,7,858.22,0.05,5707.16,1858.49
O04364,2025-06-05,C0532,P023,3,69.97,0.0,209.91,-2439.36
O04365,2024-05-16,C0237,P007,6,540.47,0.2,2594.26,1787.8
O04366,2025-12-30,C0395,P015,5,720.35,0.15,3061.49,651.04
O04367,2024-08-20,C0677,P051,7,174.29,0.05,1159.03,-3565.48
O04368,2024-09-13,C0304,P035,6,615.36,0.2,2953.73,1511.57
O04369,2025-06-15,C0017,P026,4,39.15,0.05,148.77,-3407.27
O04370,2024-01-09,C0708,P001,5,546.74,0.0,2733.7,-1066.45
O04371,2024-05-28,C0220,P047,3,272.32,0.05,776.11,-781.01
O04372,2024-04-01,C0619,P028,5,586.16,0.0,2930.8,1439.45
O04373,2024-10-12,C0611,P033,5,1117.52,0.05,5308.22,3372.97
O04374,2025-02-08,C0422,P051,5,174.29,0.1,784.3,-2590.35
O04375,2024-05-11,C0071,P034,1,1165.94,0.0,1165.94,708.79
O04376,2024-09-08,C0761,P056,4,649.23,0.0,2596.92,708.68
O04377,2025-07-18,C0545,P034,5,1165.94,0.1,5246.73,2960.98
O04378,2025-11-18,C0340,P021,2,949.32,0.1,1708.78,1181.82
O04379,2024-01-11,C0684,P056,6,649.23,0.2,3116.3,283.94
O04380,2025-04-03,C0631,P039,6,240.05,0.0,1440.3,-3834.36
O04381,2024-01-19,C0609,P046,4,1026.09,0.1,3693.92,2367.68
O04382,2025-01-15,C0135,P014,7,465.85,0.0,3260.95,-1857.24
O04383,2025-10-04,C0507,P041,7,256.22,0.0,1793.54,-717.64
O04384,2025-08-06,C0229,P034,4,1165.94,0.1,4197.38,2368.78
O04385,2024-06-19,C0063,P007,7,540.47,0.0,3783.29,2842.42
O04386,2024-07-08,C0271,P016,7,627.86,0.1,3955.52,3749.51
O04387,2025-07-26,C0084,P055,1,212.17,0.0,212.17,-101.8
O04388,2025-08-22,C0085,P035,7,615.36,0.0,4307.52,2625.0
O04389,2024-07-24,C0582,P047,1,272.32,0.05,258.7,-260.34
O04390,2024-01-03,C0402,P011,4,148.23,0.0,592.92,-1765.84
O04391,2024-11-20,C0319,P014,7,465.85,0.0,3260.95,-1857.24
O04392,2025-03-28,C0154,P057,6,743.47,0.0,4460.82,3450.78
O04393,2024-11-20,C0617,P026,2,39.15,0.0,78.3,-1699.72
O04394,2025-11-14,C0508,P054,5,1191.51,0.1,5361.8,2136.35
O04395,2025-08-17,C0469,P049,2,603.63,0.0,1207.26,1117.88
O04396,2025-07-29,C0153,P021,2,949.32,0.05,1803.71,1276.75
O04397,2024-01-15,C0099,P057,7,743.47,0.05,4944.08,3765.7
O04398,2025-09-16,C0099,P047,1,272.32,0.05,258.7,-260.34
O04399,2025-07-06,C0021,P008,7,635.81,0.05,4228.14,1576.75
O04400,2024-10-17,C0776,P006,4,358.18,0.1,1289.45,1080.81
O04401,2025-03-06,C0295,P008,1,635.81,0.15,540.44,161.67
O04402,2025-08-25,C0527,P045,6,570.48,0.0,3422.88,-464.58
O04403,2025-10-24,C0786,P009,1,57.81,0.1,52.03,-206.85
O04404,2025-02-06,C0750,P017,3,517.11,0.0,1551.33,600.63
O04405,2024-01-31,C0257,P027,2,1014.33,0.05,1927.23,1101.77
O04406,2025-03-28,C0392,P009,6,57.81,0.05,329.52,-1223.76
O04407,2025-05-12,C0371,P020,3,921.34,0.0,2764.02,1128.36
O04408,2024-02-13,C0027,P041,5,256.22,0.0,1281.1,-512.6
O04409,2025-08-20,C0615,P059,1,66.68,0.0,66.68,-178.79
O04410,2024-05-27,C0460,P029,5,580.35,0.0,2901.75,-1500.55
O04411,2025-10-12,C0298,P045,5,570.48,0.05,2709.78,-529.77
O04412,2025-02-06,C0447,P032,3,127.03,0.0,381.09,-994.77
O04413,2024-08-23,C0589,P028,7,586.16,0.1,3692.81,1604.92
O04414,2024-02-12,C0012,P032,4,127.03,0.15,431.9,-1402.58
O04415,2024-01-14,C0517,P058,5,1114.65,0.0,5573.25,5460.4
O04416,2025-06-25,C0689,P004,2,187.13,0.0,374.26,-516.64
O04417,2024-10-02,C0582,P031,7,333.66,0.0,2335.62,-3624.32
O04418,2025-09-06,C0496,P004,2,187.13,0.15,318.12,-572.78
O04419,2024-06-17,C0073,P053,5,858.22,0.0,4291.1,1542.05
O04420,2025-11-03,C0596,P037,1,1029.46,0.0,1029.46,770.72
O04421,2025-11-19,C0601,P003,1,1064.41,0.2,851.53,738.38
O04422,2024-03-15,C0396,P038,1,646.25,0.05,613.94,256.94
O04423,2025-04-17,C0467,P027,7,1014.33,0.0,7100.31,4211.2
O04424,2025-11-17,C0495,P003,2,1064.41,0.15,1809.5,1583.2
O04425,2024-08-24,C0097,P059,7,66.68,0.15,396.75,-1321.54
O04426,2024-02-19,C0206,P023,5,69.97,0.05,332.36,-4083.09
O04427,2025-10-01,C0634,P002,1,787.94,0.0,787.94,-70.21
O04428,2024-12-12,C0780,P037,4,1029.46,0.05,3911.95,2876.99
O04429,2024-01-20,C0217,P023,4,69.97,0.0,279.88,-3252.48
O04430,2025-09-06,C0321,P040,2,56.66,0.05,107.65,-448.85
O04431,2025-05-11,C0733,P010,5,460.99,0.0,2304.95,-479.05
O04432,2024-02-21,C0130,P050,7,301.39,0.05,2004.24,1162.14
O04433,2024-07-08,C0209,P026,7,39.15,0.1,246.64,-5976.43
O04434,2024-01-14,C0045,P026,4,39.15,0.2,125.28,-3430.76
O04435,2025-11-29,C0188,P049,7,603.63,0.1,3802.87,3490.04
O04436,2024-01-19,C0509,P033,7,1117.52,0.0,7822.64,5113.29
O04437,2025-08-04,C0279,P001,1,546.74,0.0,546.74,-213.29
O04438,2025-01-08,C0787,P035,5,615.36,0.05,2922.96,1721.16
O04439,2025-03-01,C0714,P039,6,240.05,0.0,1440.3,-3834.36
O04440,2025-08-16,C0717,P019,1,46.28,0.0,46.28,-802.46
O04441,2025-10-16,C0582,P011,5,148.23,0.1,667.04,-2281.41
O04442,2024-04-03,C0562,P004,7,187.13,0.0,1309.91,-1808.24
O04443,2024-01-14,C0408,P051,2,174.29,0.0,348.58,-1001.28
O04444,2024-04-01,C0793,P001,7,546.74,0.05,3635.82,-1684.39
O04445,2025-05-13,C0077,P036,7,548.94,0.2,3074.06,-2350.8
O04446,2025-02-19,C0579,P051,5,174.29,0.1,784.3,-2590.35
O04447,2024-03-02,C0113,P022,5,1116.41,0.0,5582.05,2718.05
O04448,2024-06-20,C0272,P013,4,485.0,0.05,1843.0,177.68
O04449,2025-01-27,C0205,P043,3,330.9,0.15,843.8,-987.94
O04450,2025-06-17,C0481,P038,4,646.25,0.0,2585.0,1157.0
O04451,2024-09-08,C0630,P001,4,546.74,0.05,2077.61,-962.51
O04452,2025-11-25,C0064,P035,4,615.36,0.1,2215.3,1253.86
O04453,2025-12-26,C0482,P001,6,546.74,0.1,2952.4,-1607.78
O04454,2025-07-13,C0178,P024,6,665.45,0.0,3992.7,1556.76
O04455,2024-11-28,C0062,P019,3,46.28,0.15,118.01,-2428.21
O04456,2025-10-03,C0335,P051,4,174.29,0.0,697.16,-2002.56
O04457,2025-06-16,C0466,P059,2,66.68,0.0,133.36,-357.58
O04458,2025-01-14,C0162,P042,2,233.96,0.0,467.92,-762.54
O04459,2024-11-20,C0312,P045,3,570.48,0.05,1625.87,-317.86
O04460,2025-08-31,C0763,P002,1,787.94,0.0,787.94,-70.21
O04461,2025-02-11,C0278,P004,6,187.13,0.1,1010.5,-1662.2
O04462,2024-05-13,C0797,P047,1,272.32,0.15,231.47,-287.57
O04463,2025-12-31,C0668,P026,3,39.15,0.0,117.45,-2549.58
O04464,2024-02-19,C0297,P031,2,333.66,0.1,600.59,-1102.25
O04465,2025-05-23,C0462,P042,2,233.96,0.2,374.34,-856.12
O04466,2025-04-24,C0568,P021,3,949.32,0.0,2847.96,2057.52
O04467,2025-03-04,C0372,P041,6,256.22,0.1,1383.59,-768.85
O04468,2024-02-07,C0327,P044,7,431.66,0.2,2417.3,134.32
O04469,2024-12-26,C0264,P015,2,720.35,0.1,1296.63,332.45
O04470,2025-10-14,C0112,P042,2,233.96,0.05,444.52,-785.94
O04471,2024-06-24,C0020,P011,4,148.23,0.15,503.98,-1854.78
O04472,2025-05-20,C0270,P019,3,46.28,0.1,124.96,-2421.26
O04473,2025-09-19,C0637,P047,6,272.32,0.0,1633.92,-1480.32
O04474,2025-11-27,C0187,P059,2,66.68,0.0,133.36,-357.58
O04475,2025-01-12,C0144,P004,3,187.13,0.05,533.32,-803.03
O04476,2024-08-17,C0263,P039,4,240.05,0.0,960.2,-2556.24
O04477,2025-05-26,C0480,P035,3,615.36,0.0,1846.08,1125.0
O04478,2024-12-21,C0173,P037,5,1029.46,0.0,5147.3,3853.6
O04479,2025-04-03,C0177,P048,6,424.33,0.1,2291.38,-2575.1
O04480,2025-06-26,C0090,P005,4,831.29,0.1,2992.64,2409.08
O04481,2025-06-03,C0266,P045,4,570.48,0.0,2281.92,-309.72
O04482,2024-06-26,C0174,P017,7,517.11,0.0,3619.77,1401.47
O04483,2025-07-06,C0665,P010,7,460.99,0.0,3226.93,-670.67
O04484,2025-01-31,C0725,P027,7,1014.33,0.0,7100.31,4211.2
O04485,2025-11-11,C0297,P002,1,787.94,0.05,748.54,-109.61
O04486,2025-04-27,C0069,P038,6,646.25,0.0,3877.5,1735.5
O04487,2025-10-13,C0070,P034,7,1165.94,0.2,6529.26,3329.21
O04488,2025-12-16,C0260,P031,6,333.66,0.0,2001.96,-3106.56
O04489,2025-12-27,C0371,P002,6,787.94,0.0,4727.64,-421.26
O04490,2025-06-28,C0423,P046,3,1026.09,0.15,2616.53,1621.85
O04491,2025-03-12,C0244,P003,6,1064.41,0.0,6386.46,5707.56
O04492,2024-03-27,C0284,P016,5,627.86,0.0,3139.3,2992.15
O04493,2024-10-09,C0227,P024,6,665.45,0.0,3992.7,1556.76
O04494,2024-12-13,C0415,P043,3,330.9,0.1,893.43,-938.31
O04495,2025-07-24,C0558,P025,6,416.82,0.0,2500.92,1657.32
O04496,2025-03-06,C0035,P049,6,603.63,0.1,3259.6,2991.46
O04497,2024-11-17,C0383,P057,6,743.47,0.05,4237.78,3227.74
O04498,2024-04-17,C0519,P046,2,1026.09,0.15,1744.35,1081.23
O04499,2025-06-07,C0539,P003,7,1064.41,0.05,7078.33,6286.28
O04500,2024-11-11,C0451,P047,2,272.32,0.1,490.18,-547.9
O04501,2024-01-27,C0421,P013,7,485.0,0.1,3055.5,141.19
O04502,2024-07-26,C0545,P054,1,1191.51,0.05,1131.93,486.84
O04503,2025-10-04,C0303,P059,2,66.68,0.1,120.02,-370.92
O04504,2024-03-27,C0454,P006,5,358.18,0.1,1611.81,1351.01
O04505,2024-10-23,C0256,P006,4,358.18,0.0,1432.72,1224.08
O04506,2025-01-09,C0351,P042,5,233.96,0.1,1052.82,-2023.33
O04507,2024-03-02,C0100,P009,3,57.81,0.0,173.43,-603.21
O04508,2024-05-01,C0281,P059,1,66.68,0.05,63.35,-182.12
O04509,2025-11-18,C0114,P033,5,1117.52,0.0,5587.6,3652.35
O04510,2025-03-07,C0182,P035,4,615.36,0.0,2461.44,1500.0
O04511,2024-06-02,C0336,P052,4,1125.55,0.0,4502.2,1589.48
O04512,2024-05-04,C0401,P014,3,465.85,0.0,1397.55,-795.96
O04513,2024-11-07,C0754,P034,7,1165.94,0.0,8161.58,4961.53
O04514,2025-06-12,C0021,P060,6,303.49,0.0,1820.94,1182.9
O04515,2025-06-17,C0719,P002,2,787.94,0.05,1497.09,-219.21
O04516,2024-05-22,C0263,P011,1,148.23,0.0,148.23,-441.46
O04517,2025-06-14,C0580,P009,2,57.81,0.2,92.5,-425.26
O04518,2025-10-17,C0543,P021,1,949.32,0.1,854.39,590.91
O04519,2024-06-14,C0777,P008,5,635.81,0.0,3179.05,1285.2
O04520,2024-01-20,C0087,P011,5,148.23,0.0,741.15,-2207.3
O04521,2025-12-01,C0774,P052,4,1125.55,0.0,4502.2,1589.48
O04522,2025-01-16,C0051,P028,5,586.16,0.0,2930.8,1439.45
O04523,2025-07-21,C0702,P022,6,1116.41,0.05,6363.54,2926.74
O04524,2024-08-21,C0522,P026,6,39.15,0.1,211.41,-5122.65
O04525,2024-08-06,C0386,P059,4,66.68,0.05,253.38,-728.5
O04526,2024-06-13,C0319,P030,5,81.03,0.0,405.15,-227.45
O04527,2024-06-07,C0075,P029,5,580.35,0.1,2611.58,-1790.72
O04528,2024-12-10,C0642,P056,7,649.23,0.0,4544.61,1240.19
O04529,2024-03-18,C0583,P003,6,1064.41,0.1,5747.81,5068.91
O04530,2025-09-07,C0750,P029,3,580.35,0.2,1392.84,-1248.54
O04531,2025-01-08,C0585,P045,7,570.48,0.0,3993.36,-542.01
O04532,2025-10-31,C0766,P031,3,333.66,0.1,900.88,-1653.38
O04533,2025-01-02,C0710,P053,6,858.22,0.1,4634.39,1335.53
O04534,2024-08-09,C0341,P054,7,1191.51,0.05,7923.54,3407.91
O04535,2025-01-11,C0563,P021,6,949.32,0.0,5695.92,4115.04
O04536,2024-04-22,C0212,P050,1,301.39,0.1,271.25,150.95
O04537,2025-08-25,C0637,P015,2,720.35,0.0,1440.7,476.52
O04538,2025-06-10,C0487,P015,6,720.35,0.0,4322.1,1429.56
O04539,2024-04-17,C0353,P059,1,66.68,0.05,63.35,-182.12
O04540,2025-03-01,C0503,P001,1,546.74,0.0,546.74,-213.29
O04541,2025-01-28,C0222,P022,2,1116.41,0.0,2232.82,1087.22
O04542,2024-05-26,C0498,P038,4,646.25,0.2,2068.0,640.0
O04543,2024-03-30,C0380,P025,1,416.82,0.0,416.82,276.22
O04544,2025-07-09,C0258,P051,2,174.29,0.05,331.15,-1018.71
O04545,2024-07-12,C0781,P016,3,627.86,0.1,1695.22,1606.93
O04546,2025-01-14,C0052,P034,5,1165.94,0.0,5829.7,3543.95
O04547,2024-06-30,C0607,P008,4,635.81,0.1,2288.92,773.84
O04548,2025-04-22,C0169,P013,6,485.0,0.05,2764.5,266.52
O04549,2024-02-05,C0179,P011,7,148.23,0.05,985.73,-3142.1
O04550,2024-09-19,C0124,P045,1,570.48,0.05,541.96,-105.95
O04551,2025-02-03,C0082,P013,5,485.0,0.2,1940.0,-141.65
O04552,2024-11-16,C0100,P041,2,256.22,0.15,435.57,-281.91
O04553,2025-03-23,C0667,P021,3,949.32,0.0,2847.96,2057.52
O04554,2024-05-11,C0742,P034,3,1165.94,0.0,3497.82,2126.37
O04555,2024-11-18,C0468,P053,5,858.22,0.05,4076.54,1327.49
O04556,2025-07-07,C0012,P052,2,1125.55,0.15,1913.44,457.08
O04557,2024-08-31,C0692,P001,7,546.74,0.1,3444.46,-1875.75
O04558,2024-04-24,C0482,P048,3,424.33,0.0,1272.99,-1160.25
O04559,2025-09-11,C0417,P058,6,1114.65,0.15,5684.72,5549.3
O04560,2025-07-22,C0758,P041,7,256.22,0.0,1793.54,-717.64
O04561,2025-05-12,C0328,P012,4,312.99,0.0,1251.96,1162.92
O04562,2025-08-06,C0289,P040,1,56.66,0.05,53.83,-224.42
O04563,2025-07-23,C0624,P039,5,240.05,0.0,1200.25,-3195.3
O04564,2025-06-29,C0422,P040,3,56.66,0.05,161.48,-673.27
O04565,2025-01-07,C0574,P026,3,39.15,0.0,117.45,-2549.58
O04566,2024-01-15,C0557,P032,4,127.03,0.1,457.31,-1377.17
O04567,2025-03-12,C0672,P040,3,56.66,0.2,135.98,-698.77
O04568,2024-07-18,C0254,P028,2,586.16,0.0,1172.32,575.78
O04569,2025-07-19,C0058,P047,7,272.32,0.05,1810.93,-1822.35
O04570,2024-12-08,C0383,P043,2,330.9,0.1,595.62,-625.54
O04571,2025-10-23,C0519,P019,4,46.28,0.0,185.12,-3209.84
O04572,2025-03-11,C0654,P037,6,1029.46,0.1,5559.08,4006.64
O04573,2025-02-06,C0214,P046,2,1026.09,0.05,1949.57,1286.45
O04574,2025-11-02,C0597,P030,5,81.03,0.0,405.15,-227.45
O04575,2024-12-13,C0666,P043,7,330.9,0.15,1968.85,-2305.21
O04576,2024-10-01,C0647,P008,6,635.81,0.0,3814.86,1542.24
O04577,2024-09-28,C0647,P024,1,665.45,0.0,665.45,259.46
O04578,2025-10-01,C0790,P043,3,330.9,0.0,992.7,-839.04
O04579,2025-07-06,C0529,P054,1,1191.51,0.1,1072.36,427.27
O04580,2024-04-29,C0297,P039,5,240.05,0.15,1020.21,-3375.34
O04581,2024-12-26,C0350,P040,3,56.66,0.0,169.98,-664.77
O04582,2024-09-28,C0598,P021,7,949.32,0.0,6645.24,4800.88
O04583,2025-04-17,C0190,P043,2,330.9,0.0,661.8,-559.36
O04584,2024-02-08,C0483,P022,6,1116.41,0.1,6028.61,2591.81
O04585,2025-06-06,C0459,P004,3,187.13,0.0,561.39,-774.96
O04586,2025-06-26,C0534,P015,7,720.35,0.0,5042.45,1667.82
O04587,2024-06-14,C0338,P037,2,1029.46,0.0,2058.92,1541.44
O04588,2024-04-20,C0592,P058,2,1114.65,0.05,2117.84,2072.7
O04589,2025-04-03,C0058,P030,3,81.03,0.05,230.94,-148.62
O04590,2024-07-06,C0600,P052,7,1125.55,0.05,7484.91,2387.65
O04591,2025-11-19,C0650,P047,6,272.32,0.0,1633.92,-1480.32
O04592,2025-07-20,C0709,P034,6,1165.94,0.05,6645.86,3902.96
O04593,2025-11-29,C0739,P049,4,603.63,0.05,2293.79,2115.03
O04594,2025-01-25,C0280,P025,6,416.82,0.05,2375.87,1532.27
O04595,2025-11-17,C0038,P027,5,1014.33,0.0,5071.65,3008.0
O04596,2024-01-11,C0523,P045,5,570.48,0.0,2852.4,-387.15
O04597,2024-07-30,C0073,P039,6,240.05,0.05,1368.28,-3906.38
O04598,2024-01-02,C0225,P032,7,127.03,0.0,889.21,-2321.13
O04599,2025-05-10,C0562,P026,5,39.15,0.05,185.96,-4259.09
O04600,2025-01-08,C0476,P059,4,66.68,0.0,266.72,-715.16
O04601,2024-07-29,C0486,P004,5,187.13,0.0,935.65,-1291.6
O04602,2024-08-10,C0601,P004,6,187.13,0.1,1010.5,-1662.2
O04603,2025-04-15,C0132,P029,7,580.35,0.0,4062.45,-2100.77
O04604,2024-05-11,C0633,P003,5,1064.41,0.0,5322.05,4756.3
O04605,2025-01-11,C0470,P021,7,949.32,0.1,5980.72,4136.36
O04606,2025-03-24,C0337,P035,6,615.36,0.0,3692.16,2250.0
O04607,2024-06-24,C0371,P025,7,416.82,0.15,2480.08,1495.88
O04608,2024-06-15,C0407,P013,6,485.0,0.0,2910.0,412.02
O04609,2024-09-15,C0441,P018,7,943.73,0.15,5615.19,4920.37
O04610,2025-03-08,C0268,P037,2,1029.46,0.1,1853.03,1335.55
O04611,2024-07-04,C0179,P058,7,1114.65,0.0,7802.55,7644.56
O04612,2024-10-04,C0136,P047,3,272.32,0.05,776.11,-781.01
O04613,2025-02-01,C0273,P033,6,1117.52,0.1,6034.61,3712.31
O04614,2024-05-16,C0209,P009,3,57.81,0.05,164.76,-611.88
O04615,2025-02-19,C0413,P015,4,720.35,0.0,2881.4,953.04
O04616,2024-04-10,C0730,P027,6,1014.33,0.15,5173.08,2696.7
O04617,2024-04-14,C0087,P015,4,720.35,0.1,2593.26,664.9
O04618,2024-06-22,C0248,P042,6,233.96,0.2,1123.01,-2568.37
O04619,2024-07-28,C0040,P022,1,1116.41,0.1,1004.77,431.97
O04620,2024-01-22,C0780,P051,6,174.29,0.1,941.17,-3108.41
O04621,2025-12-03,C0561,P017,3,517.11,0.1,1396.2,445.5
O04622,2024-08-13,C0194,P030,6,81.03,0.05,461.87,-297.25
O04623,2025-08-11,C0332,P043,2,330.9,0.15,562.53,-658.63
O04624,2025-10-21,C0579,P013,5,485.0,0.05,2303.75,222.1
O04625,2025-08-08,C0767,P046,5,1026.09,0.0,5130.45,3472.65
O04626,2025-08-30,C0460,P036,1,548.94,0.05,521.49,-253.49
O04627,2024-03-14,C0217,P039,4,240.05,0.0,960.2,-2556.24
O04628,2024-09-28,C0558,P028,5,586.16,0.15,2491.18,999.83
O04629,2025-06-29,C0549,P057,6,743.47,0.05,4237.78,3227.74
O04630,2025-02-24,C0516,P047,7,272.32,0.05,1810.93,-1822.35
O04631,2024-01-05,C0037,P012,3,312.99,0.0,938.97,872.19
O04632,2025-02-18,C0566,P034,5,1165.94,0.05,5538.22,3252.47
O04633,2025-08-11,C0016,P055,2,212.17,0.0,424.34,-203.6
O04634,2025-08-28,C0725,P017,7,517.11,0.1,3257.79,1039.49
O04635,2024-10-07,C0706,P033,7,1117.52,0.05,7431.51,4722.16
O04636,2024-06-21,C0451,P046,7,1026.09,0.05,6823.5,4502.58
O04637,2024-08-14,C0517,P017,4,517.11,0.0,2068.44,800.84
O04638,2024-08-04,C0055,P032,3,127.03,0.05,362.04,-1013.82
O04639,2024-09-10,C0700,P034,6,1165.94,0.05,6645.86,3902.96
O04640,2024-08-08,C0217,P011,6,148.23,0.15,755.97,-2782.17
O04641,2024-11-30,C0210,P011,2,148.23,0.15,251.99,-927.39
O04642,2024-01-30,C0567,P034,4,1165.94,0.1,4197.38,2368.78
O04643,2024-07-20,C0752,P011,5,148.23,0.0,741.15,-2207.3
O04644,2024-08-18,C0396,P057,4,743.47,0.0,2973.88,2300.52
O04645,2024-04-22,C0407,P032,3,127.03,0.15,323.93,-1051.93
O04646,2025-10-03,C0439,P043,2,330.9,0.2,529.44,-691.72
O04647,2025-05-08,C0233,P024,3,665.45,0.0,1996.35,778.38
O04648,2025-10-28,C0478,P018,2,943.73,0.1,1698.71,1500.19
O04649,2025-02-14,C0769,P030,3,81.03,0.0,243.09,-136.47
O04650,2024-03-21,C0307,P043,2,330.9,0.0,661.8,-559.36
O04651,2025-10-23,C0619,P024,3,665.45,0.2,1597.08,379.11
O04652,2024-11-30,C0620,P017,5,517.11,0.15,2197.72,613.22
O04653,2025-05-15,C0681,P009,3,57.81,0.2,138.74,-637.9
O04654,2024-10-05,C0579,P033,1,1117.52,0.0,1117.52,730.47
O04655,2024-12-27,C0738,P041,6,256.22,0.05,1460.45,-691.99
O04656,2024-12-23,C0572,P032,4,127.03,0.15,431.9,-1402.58
O04657,2024-07-27,C0781,P016,5,627.86,0.1,2825.37,2678.22
O04658,2025-02-09,C0573,P015,4,720.35,0.0,2881.4,953.04
O04659,2025-06-20,C0670,P023,4,69.97,0.05,265.89,-3266.47
O04660,2024-01-15,C0713,P021,4,949.32,0.0,3797.28,2743.36
O04661,2024-04-05,C0787,P013,6,485.0,0.05,2764.5,266.52
O04662,2025-09-07,C0477,P057,6,743.47,0.15,3791.7,2781.66
O04663,2025-02-20,C0569,P020,7,921.34,0.0,6449.38,2632.84
O04664,2025-12-12,C0774,P016,4,627.86,0.0,2511.44,2393.72
O04665,2025-03-18,C0305,P037,3,1029.46,0.05,2933.96,2157.74
O04666,2025-04-22,C0096,P049,1,603.63,0.05,573.45,528.76
O04667,2025-10-19,C0708,P028,4,586.16,0.0,2344.64,1151.56
O04668,2025-04-27,C0506,P041,7,256.22,0.0,1793.54,-717.64
O04669,2024-08-28,C0343,P006,2,358.18,0.1,644.72,540.4
O04670,2025-01-20,C0574,P032,6,127.03,0.0,762.18,-1989.54
O04671,2024-06-21,C0027,P004,6,187.13,0.05,1066.64,-1606.06
O04672,2024-09-01,C0382,P009,5,57.81,0.05,274.6,-1019.8
O04673,2025-05-12,C0213,P036,4,548.94,0.0,2195.76,-904.16
O04674,2024-04-18,C0231,P013,6,485.0,0.05,2764.5,266.52
O04675,2025-05-06,C0776,P003,1,1064.41,0.1,957.97,844.82
O04676,2025-03-02,C0441,P011,1,148.23,0.05,140.82,-448.87
O04677,2024-08-13,C0113,P047,2,272.32,0.05,517.41,-520.67
O04678,2024-02-02,C0292,P036,6,548.94,0.0,3293.64,-1356.24
O04679,2025-05-30,C0195,P023,4,69.97,0.0,279.88,-3252.48
O04680,2025-08-25,C0728,P059,2,66.68,0.05,126.69,-364.25
O04681,2025-06-17,C0234,P024,1,665.45,0.05,632.18,226.19
O04682,2024-11-03,C0286,P053,4,858.22,0.0,3432.88,1233.64
O04683,2025-04-22,C0268,P021,3,949.32,0.0,2847.96,2057.52
O04684,2024-10-30,C0141,P002,2,787.94,0.1,1418.29,-298.01
O04685,2024-09-18,C0625,P007,1,540.47,0.0,540.47,406.06
O04686,2024-08-27,C0462,P017,6,517.11,0.15,2637.26,735.86
O04687,2024-06-03,C0350,P012,6,312.99,0.05,1784.04,1650.48
O04688,2025-12-09,C0317,P010,2,460.99,0.0,921.98,-191.62
O04689,2025-05-02,C0534,P024,4,665.45,0.1,2395.62,771.66
O04690,2024-05-07,C0077,P059,2,66.68,0.0,133.36,-357.58
O04691,2025-09-24,C0746,P013,3,485.0,0.15,1236.75,-12.24
O04692,2024-04-20,C0452,P015,1,720.35,0.15,612.3,130.21
O04693,2025-03-09,C0183,P060,7,303.49,0.1,1911.99,1167.61
O04694,2024-05-01,C0431,P013,6,485.0,0.05,2764.5,266.52
O04695,2024-09-21,C0682,P050,7,301.39,0.15,1793.27,951.17
O04696,2025-04-26,C0139,P038,3,646.25,0.05,1841.81,770.81
O04697,2025-12-31,C0420,P056,7,649.23,0.15,3862.92,558.5
O04698,2025-12-26,C0479,P034,4,1165.94,0.0,4663.76,2835.16
O04699,2025-10-16,C0649,P036,2,548.94,0.15,933.2,-616.76
O04700,2024-06-21,C0454,P014,3,465.85,0.1,1257.8,-935.71
O04701,2024-03-09,C0590,P035,6,615.36,0.0,3692.16,2250.0
O04702,2025-10-24,C0619,P041,6,256.22,0.2,1229.86,-922.58
O04703,2025-11-05,C0713,P060,6,303.49,0.1,1638.85,1000.81
O04704,2024-07-22,C0290,P006,2,358.18,0.15,608.91,504.59
O04705,2024-01-15,C0564,P010,5,460.99,0.0,2304.95,-479.05
O04706,2025-04-18,C0200,P002,7,787.94,0.05,5239.8,-767.25
O04707,2024-02-25,C0676,P048,1,424.33,0.1,381.9,-429.18
O04708,2024-01-30,C0761,P005,3,831.29,0.0,2493.87,2056.2
O04709,2025-11-16,C0236,P055,1,212.17,0.1,190.95,-123.02
O04710,2024-12-28,C0449,P022,1,1116.41,0.1,1004.77,431.97
O04711,2024-03-22,C0658,P018,7,943.73,0.0,6606.11,5911.29
O04712,2025-04-23,C0022,P059,2,66.68,0.1,120.02,-370.92
O04713,2024-09-26,C0565,P044,2,431.66,0.0,863.32,211.04
O04714,2025-01-27,C0657,P033,1,1117.52,0.1,1005.77,618.72
O04715,2025-10-19,C0697,P054,7,1191.51,0.15,7089.48,2573.85
O04716,2024-06-22,C0158,P046,4,1026.09,0.05,3899.14,2572.9
O04717,2025-04-17,C0606,P039,6,240.05,0.05,1368.28,-3906.38
O04718,2025-08-28,C0629,P020,2,921.34,0.0,1842.68,752.24
O04719,2024-11-05,C0003,P060,5,303.49,0.0,1517.45,985.75
O04720,2025-12-10,C0565,P044,7,431.66,0.15,2568.38,285.4
O04721,2024-11-23,C0501,P057,5,743.47,0.0,3717.35,2875.65
O04722,2024-12-01,C0776,P058,4,1114.65,0.0,4458.6,4368.32
O04723,2025-10-08,C0035,P033,2,1117.52,0.0,2235.04,1460.94
O04724,2025-04-09,C0773,P022,2,1116.41,0.1,2009.54,863.94
O04725,2025-09-27,C0458,P057,5,743.47,0.1,3345.62,2503.92
O04726,2025-07-31,C0220,P060,4,303.49,0.0,1213.96,788.6
O04727,2025-06-04,C0310,P008,1,635.81,0.0,635.81,257.04
O04728,2024-06-25,C0614,P039,2,240.05,0.0,480.1,-1278.12
O04729,2024-10-18,C0797,P037,4,1029.46,0.0,4117.84,3082.88
O04730,2025-09-23,C0254,P045,2,570.48,0.0,1140.96,-154.86
O04731,2025-03-26,C0787,P059,4,66.68,0.1,240.05,-741.83
O04732,2024-07-23,C0504,P016,3,627.86,0.05,1789.4,1701.11
O04733,2024-08-27,C0154,P059,3,66.68,0.0,200.04,-536.37
O04734,2025-07-21,C0479,P039,1,240.05,0.05,228.05,-651.06
O04735,2024-05-10,C0642,P005,4,831.29,0.1,2992.64,2409.08
O04736,2024-03-22,C0044,P031,2,333.66,0.0,667.32,-1035.52
O04737,2025-07-13,C0064,P009,5,57.81,0.0,289.05,-1005.35
O04738,2024-07-29,C0005,P058,7,1114.65,0.1,7022.3,6864.31
O04739,2025-07-13,C0457,P046,7,1026.09,0.0,7182.63,4861.71
O04740,2025-01-25,C0047,P055,5,212.17,0.1,954.76,-615.09
O04741,2025-12-30,C0746,P037,6,1029.46,0.1,5559.08,4006.64
O04742,2025-01-18,C0103,P024,7,665.45,0.15,3959.43,1117.5
O04743,2025-09-26,C0058,P026,5,39.15,0.0,195.75,-4249.3
O04744,2025-09-13,C0207,P057,2,743.47,0.0,1486.94,1150.26
O04745,2024-06-03,C0611,P010,4,460.99,0.15,1567.37,-659.83
O04746,2025-12-29,C0726,P054,6,1191.51,0.05,6791.61,2921.07
O04747,2025-06-29,C0201,P026,5,39.15,0.0,195.75,-4249.3
O04748,2024-03-19,C0415,P036,3,548.94,0.05,1564.48,-760.46
O04749,2024-01-05,C0620,P041,2,256.22,0.0,512.44,-205.04
O04750,2024-07-17,C0638,P005,2,831.29,0.05,1579.45,1287.67
O04751,2024-01-12,C0123,P009,3,57.81,0.15,147.42,-629.22
O04752,2024-09-18,C0671,P010,6,460.99,0.1,2489.35,-851.45
O04753,2025-12-29,C0694,P047,4,272.32,0.05,1034.82,-1041.34
O04754,2024-12-16,C0588,P005,1,831.29,0.2,665.03,519.14
O04755,2024-01-18,C0422,P037,7,1029.46,0.1,6485.6,4674.42
O04756,2024-12-27,C0314,P007,3,540.47,0.0,1621.41,1218.18
O04757,2024-06-09,C0712,P047,3,272.32,0.1,735.26,-821.86
O04758,2025-09-17,C0692,P059,6,66.68,0.0,400.08,-1072.74
O04759,2024-03-07,C0415,P025,3,416.82,0.0,1250.46,828.66
O04760,2025-07-17,C0594,P013,5,485.0,0.05,2303.75,222.1
O04761,2024-11-22,C0320,P027,7,1014.33,0.0,7100.31,4211.2
O04762,2024-01-14,C0595,P042,4,233.96,0.0,935.84,-1525.08
O04763,2025-05-07,C0072,P044,5,431.66,0.05,2050.39,419.69
O04764,2024-11-28,C0722,P039,3,240.05,0.0,720.15,-1917.18
O04765,2025-07-18,C0413,P035,7,615.36,0.05,4092.14,2409.62
O04766,2025-03-27,C0479,P038,1,646.25,0.0,646.25,289.25
O04767,2025-07-29,C0152,P014,2,465.85,0.1,838.53,-623.81
O04768,2024-12-02,C0423,P013,7,485.0,0.15,2885.75,-28.56
O04769,2024-01-06,C0003,P056,4,649.23,0.0,2596.92,708.68
O04770,2024-04-05,C0713,P035,2,615.36,0.1,1107.65,626.93
O04771,2024-12-01,C0600,P052,3,1125.55,0.0,3376.65,1192.11
O04772,2024-10-17,C0364,P038,2,646.25,0.0,1292.5,578.5
O04773,2025-08-03,C0669,P028,4,586.16,0.0,2344.64,1151.56
O04774,2024-10-27,C0650,P035,2,615.36,0.0,1230.72,750.0
O04775,2025-09-20,C0096,P042,3,233.96,0.0,701.88,-1143.81
O04776,2024-05-17,C0044,P012,7,312.99,0.1,1971.84,1816.02
O04777,2024-10-08,C0203,P028,1,586.16,0.1,527.54,229.27
O04778,2025-07-06,C0002,P044,6,431.66,0.2,2071.97,115.13
O04779,2024-03-31,C0459,P006,1,358.18,0.15,304.45,252.29
O04780,2024-08-22,C0423,P005,4,831.29,0.0,3325.16,2741.6
O04781,2025-07-03,C0431,P010,5,460.99,0.0,2304.95,-479.05
O04782,2025-03-06,C0059,P036,7,548.94,0.0,3842.58,-1582.28
O04783,2025-07-22,C0735,P015,2,720.35,0.05,1368.66,404.48
O04784,2025-01-11,C0782,P027,1,1014.33,0.15,862.18,449.45
O04785,2025-09-20,C0473,P009,6,57.81,0.0,346.86,-1206.42
O04786,2025-10-03,C0005,P016,7,627.86,0.0,4395.02,4189.01
O04787,2025-12-13,C0317,P002,4,787.94,0.0,3151.76,-280.84
O04788,2024-03-30,C0575,P049,1,603.63,0.15,513.09,468.4
O04789,2025-03-08,C0599,P028,4,586.16,0.05,2227.41,1034.33
O04790,2024-03-24,C0195,P011,3,148.23,0.1,400.22,-1368.85
O04791,2024-06-16,C0659,P032,4,127.03,0.05,482.71,-1351.77
O04792,2024-08-07,C0775,P056,1,649.23,0.0,649.23,177.17
O04793,2025-04-17,C0407,P050,3,301.39,0.0,904.17,543.27
O04794,2024-11-11,C0306,P054,7,1191.51,0.1,7506.51,2990.88
O04795,2025-09-24,C0421,P025,1,416.82,0.1,375.14,234.54
O04796,2024-08-06,C0022,P022,7,1116.41,0.0,7814.87,3805.27
O04797,2025-03-27,C0419,P019,4,46.28,0.0,185.12,-3209.84
O04798,2025-07-11,C0022,P019,5,46.28,0.0,231.4,-4012.3
O04799,2025-12-17,C0028,P056,7,649.23,0.0,4544.61,1240.19
O04800,2024-06-28,C0443,P009,2,57.81,0.0,115.62,-402.14
O04801,2025-06-20,C0409,P052,7,1125.55,0.0,7878.85,2781.59
O04802,2024-03-02,C0790,P055,2,212.17,0.1,381.91,-246.03
O04803,2025-02-01,C0407,P051,3,174.29,0.1,470.58,-1554.21
O04804,2024-10-29,C0784,P038,4,646.25,0.1,2326.5,898.5
O04805,2025-12-01,C0646,P052,5,1125.55,0.1,5064.98,1424.08
O04806,2025-07-19,C0270,P002,3,787.94,0.2,1891.06,-683.39
O04807,2025-11-08,C0741,P050,6,301.39,0.2,1446.67,724.87
O04808,2025-09-13,C0387,P031,1,333.66,0.0,333.66,-517.76
O04809,2024-10-27,C0476,P058,5,1114.65,0.0,5573.25,5460.4
O04810,2025-06-20,C0081,P006,5,358.18,0.0,1790.9,1530.1
O04811,2024-01-23,C0171,P056,4,649.23,0.15,2207.38,319.14
O04812,2025-02-11,C0418,P035,5,615.36,0.0,3076.8,1875.0
O04813,2024-02-04,C0217,P007,6,540.47,0.0,3242.82,2436.36
O04814,2025-06-13,C0480,P031,7,333.66,0.05,2218.84,-3741.1
O04815,2025-12-07,C0064,P003,2,1064.41,0.05,2022.38,1796.08
O04816,2025-05-13,C0201,P005,4,831.29,0.05,3158.9,2575.34
O04817,2025-09-05,C0533,P032,4,127.03,0.1,457.31,-1377.17
O04818,2024-06-20,C0490,P049,3,603.63,0.05,1720.35,1586.28
O04819,2025-12-27,C0787,P007,7,540.47,0.15,3215.8,2274.93
O04820,2025-02-06,C0720,P016,4,627.86,0.0,2511.44,2393.72
O04821,2025-05-08,C0649,P024,5,665.45,0.15,2828.16,798.21
O04822,2025-07-17,C0001,P033,2,1117.52,0.05,2123.29,1349.19
O04823,2025-04-12,C0482,P001,3,546.74,0.0,1640.22,-639.87
O04824,2024-08-19,C0184,P039,5,240.05,0.2,960.2,-3435.35
O04825,2025-03-22,C0214,P030,3,81.03,0.15,206.63,-172.93
O04826,2025-04-23,C0168,P058,6,1114.65,0.1,6019.11,5883.69
O04827,2025-09-18,C0365,P019,1,46.28,0.15,39.34,-809.4
O04828,2024-12-17,C0100,P030,2,81.03,0.0,162.06,-90.98
O04829,2025-01-01,C0426,P005,3,831.29,0.0,2493.87,2056.2
O04830,2025-01-02,C0133,P056,3,649.23,0.0,1947.69,531.51
O04831,2024-03-24,C0401,P051,6,174.29,0.15,888.88,-3160.7
O04832,2024-03-06,C0501,P022,7,1116.41,0.1,7033.38,3023.78
O04833,2024-01-15,C0144,P028,4,586.16,0.2,1875.71,682.63
O04834,2025-05-02,C0083,P052,4,1125.55,0.1,4051.98,1139.26
O04835,2024-11-02,C0646,P018,3,943.73,0.05,2689.63,2391.85
O04836,2025-09-24,C0591,P015,4,720.35,0.0,2881.4,953.04
O04837,2025-05-28,C0210,P015,5,720.35,0.0,3601.75,1191.3
O04838,2024-04-13,C0710,P043,6,330.9,0.05,1886.13,-1777.35
O04839,2024-03-14,C0177,P013,7,485.0,0.1,3055.5,141.19
O04840,2024-09-24,C0742,P006,5,358.18,0.0,1790.9,1530.1
O04841,2025-11-04,C0091,P010,3,460.99,0.15,1175.52,-494.88
O04842,2024-02-05,C0529,P060,1,303.49,0.1,273.14,166.8
O04843,2024-05-16,C0016,P053,5,858.22,0.0,4291.1,1542.05
O04844,2024-01-22,C0158,P058,6,1114.65,0.15,5684.72,5549.3
O04845,2024-10-29,C0324,P017,4,517.11,0.05,1965.02,697.42
O04846,2025-12-24,C0069,P027,7,1014.33,0.1,6390.28,3501.17
O04847,2025-05-14,C0366,P030,3,81.03,0.0,243.09,-136.47
O04848,2024-12-26,C0186,P032,1,127.03,0.0,127.03,-331.59
O04849,2024-04-15,C0080,P002,5,787.94,0.0,3939.7,-351.05
O04850,2024-09-16,C0770,P036,1,548.94,0.05,521.49,-253.49
O04851,2025-01-18,C0786,P003,1,1064.41,0.1,957.97,844.82
O04852,2024-07-19,C0770,P017,5,517.11,0.2,2068.44,483.94
O04853,2025-05-30,C0124,P018,4,943.73,0.15,3208.68,2811.64
O04854,2025-12-17,C0306,P041,5,256.22,0.0,1281.1,-512.6
O04855,2024-05-30,C0262,P054,6,1191.51,0.2,5719.25,1848.71
O04856,2024-07-03,C0261,P042,3,233.96,0.0,701.88,-1143.81
O04857,2024-04-02,C0334,P027,5,1014.33,0.0,5071.65,3008.0
O04858,2025-06-14,C0409,P032,4,127.03,0.1,457.31,-1377.17
O04859,2024-12-03,C0389,P031,5,333.66,0.15,1418.06,-2839.04
O04860,2024-07-26,C0234,P009,5,57.81,0.15,245.69,-1048.71
O04861,2024-06-09,C0784,P058,3,1114.65,0.1,3009.56,2941.85
O04862,2024-02-21,C0784,P056,4,649.23,0.0,2596.92,708.68
O04863,2024-12-14,C0265,P015,5,720.35,0.0,3601.75,1191.3
O04864,2025-05-14,C0177,P007,1,540.47,0.0,540.47,406.06
O04865,2024-06-20,C0427,P010,2,460.99,0.05,875.88,-237.72
O04866,2024-01-02,C0296,P038,1,646.25,0.05,613.94,256.94
O04867,2024-12-11,C0790,P002,2,787.94,0.0,1575.88,-140.42
O04868,2025-05-08,C0344,P007,4,540.47,0.05,2053.79,1516.15
O04869,2024-09-09,C0032,P039,7,240.05,0.05,1596.33,-4557.44
O04870,2024-07-02,C0101,P009,7,57.81,0.1,364.2,-1447.96
O04871,2024-04-22,C0060,P005,6,831.29,0.0,4987.74,4112.4
O04872,2025-06-29,C0307,P002,4,787.94,0.0,3151.76,-280.84
O04873,2025-09-21,C0254,P043,2,330.9,0.1,595.62,-625.54
O04874,2025-07-16,C0686,P022,3,1116.41,0.1,3014.31,1295.91
O04875,2025-01-13,C0713,P018,6,943.73,0.0,5662.38,5066.82
O04876,2025-06-13,C0113,P039,7,240.05,0.0,1680.35,-4473.42
O04877,2024-10-17,C0756,P011,7,148.23,0.15,881.97,-3245.86
O04878,2024-01-18,C0468,P032,3,127.03,0.1,342.98,-1032.88
O04879,2024-09-25,C0246,P030,4,81.03,0.0,324.12,-181.96
O04880,2025-05-29,C0326,P041,4,256.22,0.05,973.64,-461.32
O04881,2025-04-18,C0354,P038,1,646.25,0.05,613.94,256.94
O04882,2025-12-24,C0137,P041,1,256.22,0.0,256.22,-102.52
O04883,2025-12-30,C0694,P013,1,485.0,0.0,485.0,68.67
O04884,2024-06-26,C0010,P009,6,57.81,0.2,277.49,-1275.79
O04885,2024-01-07,C0056,P033,2,1117.52,0.05,2123.29,1349.19
O04886,2024-07-19,C0219,P004,5,187.13,0.0,935.65,-1291.6
O04887,2025-10-02,C0115,P028,3,586.16,0.1,1582.63,687.82
O04888,2025-08-17,C0050,P038,6,646.25,0.05,3683.62,1541.62
O04889,2024-03-13,C0307,P050,1,301.39,0.05,286.32,166.02
O04890,2024-04-27,C0302,P040,3,56.66,0.0,169.98,-664.77
O04891,2025-02-15,C0101,P060,2,303.49,0.0,606.98,394.3
O04892,2025-04-27,C0649,P034,4,1165.94,0.0,4663.76,2835.16
O04893,2025-12-19,C0707,P027,4,1014.33,0.2,3245.86,1594.94
O04894,2025-07-05,C0576,P015,2,720.35,0.05,1368.66,404.48
O04895,2024-06-03,C0418,P041,5,256.22,0.1,1152.99,-640.71
O04896,2024-01-28,C0758,P049,7,603.63,0.0,4225.41,3912.58
O04897,2025-04-08,C0281,P020,1,921.34,0.1,829.21,283.99
O04898,2025-02-08,C0342,P005,1,831.29,0.05,789.73,643.84
O04899,2025-11-04,C0013,P001,7,546.74,0.1,3444.46,-1875.75
O04900,2025-02-24,C0567,P038,5,646.25,0.0,3231.25,1446.25
O04901,2025-01-01,C0074,P040,7,56.66,0.05,376.79,-1570.96
O04902,2024-08-09,C0533,P008,5,635.81,0.0,3179.05,1285.2
O04903,2024-03-04,C0626,P002,6,787.94,0.0,4727.64,-421.26
O04904,2025-10-02,C0174,P040,2,56.66,0.1,101.99,-454.51
O04905,2025-08-26,C0490,P024,4,665.45,0.0,2661.8,1037.84
O04906,2024-04-28,C0243,P026,3,39.15,0.0,117.45,-2549.58
O04907,2025-05-29,C0319,P016,6,627.86,0.15,3202.09,3025.51
O04908,2024-09-23,C0424,P044,1,431.66,0.0,431.66,105.52
O04909,2024-11-15,C0200,P045,1,570.48,0.05,541.96,-105.95
O04910,2025-09-12,C0638,P004,4,187.13,0.1,673.67,-1108.13
O04911,2025-09-07,C0316,P006,7,358.18,0.1,2256.53,1891.41
O04912,2024-05-19,C0370,P034,7,1165.94,0.0,8161.58,4961.53
O04913,2024-08-12,C0652,P037,5,1029.46,0.05,4889.93,3596.23
O04914,2025-08-23,C0183,P009,4,57.81,0.05,219.68,-815.84
O04915,2025-11-01,C0362,P010,2,460.99,0.0,921.98,-191.62
O04916,2024-02-27,C0795,P041,7,256.22,0.1,1614.19,-896.99
O04917,2025-09-01,C0320,P028,2,586.16,0.2,937.86,341.32
O04918,2024-12-23,C0093,P008,1,635.81,0.0,635.81,257.04
O04919,2025-03-07,C0228,P037,4,1029.46,0.0,4117.84,3082.88
O04920,2024-02-25,C0765,P005,3,831.29,0.1,2244.48,1806.81
O04921,2025-05-12,C0608,P014,4,465.85,0.05,1770.23,-1154.45
O04922,2025-05-10,C0648,P043,7,330.9,0.1,2084.67,-2189.39
O04923,2025-04-29,C0203,P014,2,465.85,0.0,931.7,-530.64
O04924,2025-07-31,C0672,P004,7,187.13,0.0,1309.91,-1808.24
O04925,2025-11-22,C0315,P058,2,1114.65,0.1,2006.37,1961.23
O04926,2025-09-13,C0636,P014,3,465.85,0.2,1118.04,-1075.47
O04927,2025-06-28,C0705,P031,1,333.66,0.0,333.66,-517.76
O04928,2025-12-18,C0167,P050,5,301.39,0.15,1280.91,679.41
O04929,2025-05-08,C0751,P060,7,303.49,0.0,2124.43,1380.05
O04930,2025-05-06,C0507,P049,7,603.63,0.0,4225.41,3912.58
O04931,2025-01-31,C0585,P021,2,949.32,0.05,1803.71,1276.75
O04932,2025-07-16,C0606,P052,6,1125.55,0.0,6753.3,2384.22
O04933,2024-02-22,C0135,P001,1,546.74,0.1,492.07,-267.96
O04934,2025-01-04,C0597,P020,5,921.34,0.0,4606.7,1880.6
O04935,2024-11-06,C0171,P012,5,312.99,0.05,1486.7,1375.4
O04936,2025-10-29,C0218,P032,2,127.03,0.0,254.06,-663.18
O04937,2024-02-23,C0094,P054,1,1191.51,0.1,1072.36,427.27
O04938,2025-04-15,C0145,P047,1,272.32,0.15,231.47,-287.57
O04939,2024-05-14,C0784,P060,5,303.49,0.0,1517.45,985.75
O04940,2025-10-07,C0263,P009,5,57.81,0.0,289.05,-1005.35
O04941,2025-09-14,C0310,P046,1,1026.09,0.2,820.87,489.31
O04942,2024-06-21,C0384,P044,4,431.66,0.0,1726.64,422.08
O04943,2025-09-29,C0571,P028,6,586.16,0.1,3165.26,1375.64
O04944,2024-12-29,C0460,P006,2,358.18,0.05,680.54,576.22
O04945,2025-12-10,C0429,P007,5,540.47,0.15,2297.0,1624.95
O04946,2025-06-17,C0670,P055,3,212.17,0.0,636.51,-305.4
O04947,2024-01-26,C0397,P018,2,943.73,0.0,1887.46,1688.94
O04948,2024-05-28,C0616,P039,3,240.05,0.0,720.15,-1917.18
O04949,2024-10-22,C0729,P057,3,743.47,0.0,2230.41,1725.39
O04950,2024-06-03,C0541,P030,4,81.03,0.0,324.12,-181.96
O04951,2024-04-06,C0029,P013,2,485.0,0.2,776.0,-56.66
O04952,2025-12-15,C0211,P030,3,81.03,0.0,243.09,-136.47
O04953,2025-09-27,C0495,P014,5,465.85,0.0,2329.25,-1326.6
O04954,2024-11-13,C0384,P011,3,148.23,0.0,444.69,-1324.38
O04955,2024-06-06,C0228,P049,5,603.63,0.0,3018.15,2794.7
O04956,2024-05-12,C0269,P021,1,949.32,0.05,901.85,638.37
O04957,2025-10-31,C0063,P042,1,233.96,0.0,233.96,-381.27
O04958,2024-08-30,C0188,P044,7,431.66,0.1,2719.46,436.48
O04959,2024-01-10,C0627,P033,4,1117.52,0.1,4023.07,2474.87
O04960,2024-10-17,C0009,P033,5,1117.52,0.0,5587.6,3652.35
O04961,2024-11-28,C0670,P011,6,148.23,0.1,800.44,-2737.7
O04962,2025-03-31,C0272,P032,2,127.03,0.0,254.06,-663.18
O04963,2024-09-04,C0647,P046,7,1026.09,0.0,7182.63,4861.71
O04964,2025-11-05,C0205,P012,3,312.99,0.15,798.12,731.34
O04965,2025-04-15,C0664,P014,7,465.85,0.15,2771.81,-2346.38
O04966,2025-12-22,C0458,P042,3,233.96,0.0,701.88,-1143.81
O04967,2024-09-25,C0682,P059,3,66.68,0.05,190.04,-546.37
O04968,2025-04-21,C0050,P024,5,665.45,0.0,3327.25,1297.3
O04969,2024-09-24,C0638,P050,2,301.39,0.05,572.64,332.04
O04970,2025-05-26,C0217,P011,5,148.23,0.1,667.04,-2281.41
O04971,2025-06-29,C0288,P035,7,615.36,0.0,4307.52,2625.0
O04972,2024-08-23,C0036,P057,5,743.47,0.15,3159.75,2318.05
O04973,2025-11-16,C0764,P027,1,1014.33,0.1,912.9,500.17
O04974,2025-09-18,C0514,P031,5,333.66,0.0,1668.3,-2588.8
O04975,2025-10-15,C0785,P010,1,460.99,0.15,391.84,-164.96
O04976,2024-06-08,C0455,P032,1,127.03,0.1,114.33,-344.29
O04977,2025-06-08,C0127,P036,2,548.94,0.0,1097.88,-452.08
O04978,2024-03-18,C0270,P059,3,66.68,0.05,190.04,-546.37
O04979,2024-03-18,C0352,P013,1,485.0,0.15,412.25,-4.08
O04980,2025-12-12,C0118,P022,1,1116.41,0.2,893.13,320.33
O04981,2024-04-21,C0746,P039,6,240.05,0.0,1440.3,-3834.36
O04982,2025-09-23,C0767,P057,4,743.47,0.1,2676.49,2003.13
O04983,2024-11-10,C0451,P015,2,720.35,0.15,1224.6,260.42
O04984,2024-08-09,C0468,P042,4,233.96,0.2,748.67,-1712.25
O04985,2024-02-23,C0563,P053,5,858.22,0.0,4291.1,1542.05
O04986,2025-05-08,C0544,P038,6,646.25,0.05,3683.62,1541.62
O04987,2025-06-11,C0051,P026,3,39.15,0.15,99.83,-2567.2
O04988,2024-12-07,C0426,P015,2,720.35,0.0,1440.7,476.52
O04989,2025-08-15,C0622,P018,7,943.73,0.0,6606.11,5911.29
O04990,2024-08-24,C0646,P004,5,187.13,0.05,888.87,-1338.38
O04991,2025-02-07,C0477,P010,7,460.99,0.05,3065.58,-832.02
O04992,2024-07-28,C0718,P027,3,1014.33,0.1,2738.69,1500.5
O04993,2025-03-01,C0469,P009,1,57.81,0.0,57.81,-201.07
O04994,2024-04-09,C0307,P001,3,546.74,0.1,1476.2,-803.89
O04995,2024-12-14,C0355,P042,3,233.96,0.0,701.88,-1143.81
O04996,2025-02-05,C0553,P005,6,831.29,0.1,4488.97,3613.63
O04997,2025-02-10,C0710,P009,6,57.81,0.0,346.86,-1206.42
O04998,2024-11-22,C0184,P036,1,548.94,0.0,548.94,-226.04
O04999,2025-04-15,C0235,P056,5,649.23,0.2,2596.92,236.62
O05000,2025-01-09,C0522,P044,3,431.66,0.1,1165.48,187.06
